-- MySQL dump 10.13  Distrib 5.5.44, for debian-linux-gnu (x86_64)
--
-- Host: localhost    Database: testyard
-- ------------------------------------------------------
-- Server version	5.5.44-0ubuntu0.14.04.1

/*!40101 SET @OLD_CHARACTER_SET_CLIENT=@@CHARACTER_SET_CLIENT */;
/*!40101 SET @OLD_CHARACTER_SET_RESULTS=@@CHARACTER_SET_RESULTS */;
/*!40101 SET @OLD_COLLATION_CONNECTION=@@COLLATION_CONNECTION */;
/*!40101 SET NAMES utf8 */;
/*!40103 SET @OLD_TIME_ZONE=@@TIME_ZONE */;
/*!40103 SET TIME_ZONE='+00:00' */;
/*!40014 SET @OLD_UNIQUE_CHECKS=@@UNIQUE_CHECKS, UNIQUE_CHECKS=0 */;
/*!40014 SET @OLD_FOREIGN_KEY_CHECKS=@@FOREIGN_KEY_CHECKS, FOREIGN_KEY_CHECKS=0 */;
/*!40101 SET @OLD_SQL_MODE=@@SQL_MODE, SQL_MODE='NO_AUTO_VALUE_ON_ZERO' */;
/*!40111 SET @OLD_SQL_NOTES=@@SQL_NOTES, SQL_NOTES=0 */;

--
-- Table structure for table `Auth_emailvalidationkey`
--

DROP TABLE IF EXISTS `Auth_emailvalidationkey`;
/*!40101 SET @saved_cs_client     = @@character_set_client */;
/*!40101 SET character_set_client = utf8 */;
CREATE TABLE `Auth_emailvalidationkey` (
  `id` int(11) NOT NULL AUTO_INCREMENT,
  `email` varchar(75) NOT NULL,
  `vkey` varchar(50) NOT NULL,
  PRIMARY KEY (`id`),
  UNIQUE KEY `vkey` (`vkey`)
) ENGINE=InnoDB AUTO_INCREMENT=22 DEFAULT CHARSET=latin1;
/*!40101 SET character_set_client = @saved_cs_client */;

--
-- Dumping data for table `Auth_emailvalidationkey`
--

LOCK TABLES `Auth_emailvalidationkey` WRITE;
/*!40000 ALTER TABLE `Auth_emailvalidationkey` DISABLE KEYS */;
INSERT INTO `Auth_emailvalidationkey` VALUES (16,'supriyo.mitra@rockstand.in','4c9432fa30af46a0b32862aeb434f94f1427258479665'),(17,'supmit@gmail.com','f5995fe5b8864950b8d17e383b401f651427713419985'),(18,'codexaddict@gmail.com','1e7ac7f0047b4960b662de5354c186e11428684666138'),(19,'supmit13@yahoo.com','4ab9d392b3d544c9833beb1f9b1a3d451438972217995'),(20,'smitra@dcmds.com','b2e5102854ae431f84122778b25c60d71451073403140'),(21,'suomit2k3@yahoo.com','73e3df14e7b74b7fbb4289bb153a51451467567433276');
/*!40000 ALTER TABLE `Auth_emailvalidationkey` ENABLE KEYS */;
UNLOCK TABLES;

--
-- Table structure for table `Auth_optionaluserinfo`
--

DROP TABLE IF EXISTS `Auth_optionaluserinfo`;
/*!40101 SET @saved_cs_client     = @@character_set_client */;
/*!40101 SET character_set_client = utf8 */;
CREATE TABLE `Auth_optionaluserinfo` (
  `id` int(11) NOT NULL AUTO_INCREMENT,
  `user_id` int(11) NOT NULL,
  `houseno_and_street_address` varchar(250) DEFAULT '',
  `city` varchar(100) DEFAULT '',
  `pin_or_zip_code` varchar(20) DEFAULT '',
  `country` varchar(100) DEFAULT '',
  `profession` varchar(50) DEFAULT 'student',
  `age` int(11) DEFAULT NULL,
  `reasonforuse` text,
  `selfdescription` text,
  `highestqualification` varchar(50) DEFAULT 'graduate',
  `fieldofstudy` varchar(100) DEFAULT '',
  `workexperience` int(11) DEFAULT '0',
  `presentemployer_or_institution` varchar(100) DEFAULT '',
  PRIMARY KEY (`id`),
  KEY `user_id` (`user_id`),
  CONSTRAINT `Auth_optionaluserinfo_ibfk_1` FOREIGN KEY (`user_id`) REFERENCES `Auth_user` (`id`)
) ENGINE=InnoDB AUTO_INCREMENT=4 DEFAULT CHARSET=latin1;
/*!40101 SET character_set_client = @saved_cs_client */;

--
-- Dumping data for table `Auth_optionaluserinfo`
--

LOCK TABLES `Auth_optionaluserinfo` WRITE;
/*!40000 ALTER TABLE `Auth_optionaluserinfo` DISABLE KEYS */;
INSERT INTO `Auth_optionaluserinfo` VALUES (1,17,'4M/704, AWHO Colony, Gurjinder Vihar','Greater NOIDA','201308','India','professional',44,'Proficiency measurement','I am a blah blah blah blah.....\n\nYadda yadda yadda  yadda....\n\nAnd a lot of things...\n\n\nThat, in short, is me.','none','Computer Application Software',NULL,'DCM Data Systems'),(2,16,'H-1/19, Sarsuna Satellite Township, Sakuntala Park','Kolkata','700061','India','professional',43,'Personal skills assessment','I am a programmer at heart','none','Software Engineering',NULL,'DCM Data Systems'),(3,21,'H-1/19, Sarsuna Satellite Township,\nSarsuna Housing Co-operative Society,\nBehala','Kolkata','700061','India','professional',43,'Testing testyard','Software dev.','graduate','Computer applications',NULL,'DCM DS');
/*!40000 ALTER TABLE `Auth_optionaluserinfo` ENABLE KEYS */;
UNLOCK TABLES;

--
-- Table structure for table `Auth_privilege`
--

DROP TABLE IF EXISTS `Auth_privilege`;
/*!40101 SET @saved_cs_client     = @@character_set_client */;
/*!40101 SET character_set_client = utf8 */;
CREATE TABLE `Auth_privilege` (
  `id` int(11) NOT NULL AUTO_INCREMENT,
  `privname` varchar(50) NOT NULL,
  `privdesc` longtext NOT NULL,
  `createdate` datetime NOT NULL,
  PRIMARY KEY (`id`),
  UNIQUE KEY `privname` (`privname`)
) ENGINE=InnoDB DEFAULT CHARSET=latin1;
/*!40101 SET character_set_client = @saved_cs_client */;

--
-- Dumping data for table `Auth_privilege`
--

LOCK TABLES `Auth_privilege` WRITE;
/*!40000 ALTER TABLE `Auth_privilege` DISABLE KEYS */;
/*!40000 ALTER TABLE `Auth_privilege` ENABLE KEYS */;
UNLOCK TABLES;

--
-- Table structure for table `Auth_session`
--

DROP TABLE IF EXISTS `Auth_session`;
/*!40101 SET @saved_cs_client     = @@character_set_client */;
/*!40101 SET character_set_client = utf8 */;
CREATE TABLE `Auth_session` (
  `id` int(11) NOT NULL AUTO_INCREMENT,
  `sessioncode` varchar(150) NOT NULL,
  `status` tinyint(1) NOT NULL,
  `userid_id` int(11) NOT NULL,
  `starttime` datetime NOT NULL,
  `endtime` datetime DEFAULT NULL,
  `sourceip` char(39) NOT NULL,
  `istest` tinyint(1) NOT NULL,
  `useragent` varchar(255) NOT NULL,
  PRIMARY KEY (`id`),
  UNIQUE KEY `sessioncode` (`sessioncode`),
  KEY `Auth_session_e2fd1d24` (`userid_id`),
  CONSTRAINT `userid_id_refs_id_640456e3` FOREIGN KEY (`userid_id`) REFERENCES `Auth_user` (`id`)
) ENGINE=InnoDB AUTO_INCREMENT=1317 DEFAULT CHARSET=latin1;
/*!40101 SET character_set_client = @saved_cs_client */;

--
-- Dumping data for table `Auth_session`
--

LOCK TABLES `Auth_session` WRITE;
/*!40000 ALTER TABLE `Auth_session` DISABLE KEYS */;
INSERT INTO `Auth_session` VALUES (65,'$pbkdf2-sha256$200$Wet9r3XOOSfEuNdaS4nxPg$MdjnvMXV54sJgnHuis/A3bFWNNzbKHrI8BH.4MqUkMc1427258644',1,16,'2015-03-25 04:44:04',NULL,'127.0.0.1',0,'Mozilla/5.0 (X11; Ubuntu; Linux x86_64; rv:26.0) Gecko/20100101 Firefox/26.0'),(66,'$pbkdf2-sha256$200$SYkRIkRICUGo1VpLqdWaEw$0g/GvmA6K2MmBzRLe/lPo38L/dUj6PtQ2fo0R4ijhTc1427367216',1,16,'2015-03-26 10:53:36',NULL,'127.0.0.1',0,'Mozilla/5.0 (X11; Ubuntu; Linux x86_64; rv:26.0) Gecko/20100101 Firefox/26.0'),(67,'$pbkdf2-sha256$200$RWit1fqfs3aOMSZkLOVcaw$/aL6igESSQanp.HNXKlEpTRTqwAX86qlXLH8JNRscUg1427371285',1,16,'2015-03-26 12:01:25',NULL,'192.168.1.143',0,'Mozilla/5.0 (X11; Ubuntu; Linux x86_64; rv:26.0) Gecko/20100101 Firefox/26.0'),(68,'$pbkdf2-sha256$200$4RxjjLGWMgagdM45R0ip1Q$NfYwOhayAg5IfMUp7jdbvgXcWNkKqtuUOek/Mq.HQKw1427665098',1,16,'2015-03-29 21:38:18',NULL,'192.168.1.4',0,'Mozilla/5.0 (X11; Ubuntu; Linux x86_64; rv:26.0) Gecko/20100101 Firefox/26.0'),(69,'$pbkdf2-sha256$200$AKAUgnCuNaZ0LgUgZIxRig$kTz.sFokX7ZSyOFWF39PtNEBXdJN74lkPN5tcok./5U1427666841',1,16,'2015-03-29 22:07:21',NULL,'192.168.1.3',0,'Mozilla/5.0 (X11; Ubuntu; Linux x86_64; rv:26.0) Gecko/20100101 Firefox/26.0'),(70,'$pbkdf2-sha256$200$ey8FoDQGQCjl/H/P2VvLmQ$KqCHUZ5WQMl6vooNwqCnbPPZbdA5Ky0p7CyUYQrs2Xk1427689806',1,16,'2015-03-30 04:30:06',NULL,'192.168.1.143',0,'Mozilla/5.0 (X11; Ubuntu; Linux x86_64; rv:26.0) Gecko/20100101 Firefox/26.0'),(71,'$pbkdf2-sha256$200$QWhNaW0tJWSsdU4JYcyZEw$Qs0.GmfT89rOfnil9G0iz8OpqgMZZFo6BnRc2bCLXlM1427713488',1,17,'2015-03-30 11:04:48',NULL,'192.168.1.143',0,'Mozilla/5.0 (X11; Ubuntu; Linux x86_64; rv:26.0) Gecko/20100101 Firefox/26.0'),(72,'$pbkdf2-sha256$200$EoLw/j8nJCREKMWYM0aI0Q$HS/hYLvgnzEp9lQgZgNGEcmHZ6T46BsgRAY5SFEBs9s1427734678',1,17,'2015-03-30 16:57:58',NULL,'192.168.1.3',0,'Mozilla/5.0 (X11; Ubuntu; Linux x86_64; rv:26.0) Gecko/20100101 Firefox/26.0'),(73,'$pbkdf2-sha256$200$JYRQSiml9N4bQyjFmDOG0A$mconWj/mVXRDKCFDJ0zuVuvew6klfFv0l1ai0O2nxFs1427823186',1,17,'2015-03-31 17:33:06',NULL,'192.168.1.3',0,'Mozilla/5.0 (X11; Ubuntu; Linux x86_64; rv:26.0) Gecko/20100101 Firefox/26.0'),(74,'$pbkdf2-sha256$200$GMM4x7i31jonpBSi1DoHQA$MQKG30NExoi5xw6Uh7hv8I5u9xEOgsmDDwrChQSEUoA1427824525',1,16,'2015-03-31 17:55:25',NULL,'192.168.1.3',0,'Mozilla/5.0 (X11; Ubuntu; Linux x86_64; rv:26.0) Gecko/20100101 Firefox/26.0'),(75,'$pbkdf2-sha256$200$Tomx1tr7X.v9vzfGWMtZiw$TYbee.LHWy8alGYSyfydPENl3GxIkRe4O0g2WcIK/441427824917',1,17,'2015-03-31 18:01:57',NULL,'192.168.1.3',0,'Mozilla/5.0 (X11; Ubuntu; Linux x86_64; rv:26.0) Gecko/20100101 Firefox/26.0'),(76,'$pbkdf2-sha256$200$l9K6VwpBSElJSQlBiDEGAA$AJ7I7uMDN9caBNqXbxxA1gfnbRK71sCRThDu9SpBrnE1427824992',1,16,'2015-03-31 18:03:12',NULL,'192.168.1.3',0,'Mozilla/5.0 (X11; Ubuntu; Linux x86_64; rv:26.0) Gecko/20100101 Firefox/26.0'),(77,'$pbkdf2-sha256$200$IWSMUQoBoLR27t0bw9i7Nw$KS29eVquBOy1WEsaGE5us9xFsaNrUvV1hvSpDE54a6A1427825176',1,17,'2015-03-31 18:06:16',NULL,'192.168.1.3',0,'Mozilla/5.0 (X11; Ubuntu; Linux x86_64; rv:26.0) Gecko/20100101 Firefox/26.0'),(78,'$pbkdf2-sha256$200$UypFaO39/38PgZASYmyNUQ$KBCuClS.NzWOnkJpSs0z7pgtnEWA12RvDv8/.1sHiek1427825252',1,16,'2015-03-31 18:07:32',NULL,'192.168.1.3',0,'Mozilla/5.0 (X11; Ubuntu; Linux x86_64; rv:26.0) Gecko/20100101 Firefox/26.0'),(79,'$pbkdf2-sha256$200$fo.RMuYcg9Ca8x5jbM05Jw$9GadyP.urXNbuPyrG8tkWlAJYiWOYTFrftlULBKyMvc1427868468',1,16,'2015-04-01 06:07:48',NULL,'192.168.1.143',0,'Mozilla/5.0 (X11; Ubuntu; Linux x86_64; rv:26.0) Gecko/20100101 Firefox/26.0'),(80,'$pbkdf2-sha256$200$QegdA0DIWSslBIDwfq/13g$fTN1CEapO69UmgH35reIUoNT60OXlB7vKjFILBG.UpY1427911789',1,16,'2015-04-01 18:09:49',NULL,'192.168.1.3',0,'Mozilla/5.0 (X11; Ubuntu; Linux x86_64; rv:26.0) Gecko/20100101 Firefox/26.0'),(81,'$pbkdf2-sha256$200$.N9bixHifG.NsVYqhXBOCQ$Ws3kr6IoTcHa6Ib64kGGCL6YlGQlAVe3hM1mU3Ej7nA1427957845',1,16,'2015-04-02 06:57:25',NULL,'192.168.1.143',0,'Mozilla/5.0 (X11; Ubuntu; Linux x86_64; rv:26.0) Gecko/20100101 Firefox/26.0'),(82,'$pbkdf2-sha256$200$txaCUEqJ8R5jzLmXMmas1Q$SwgeW8UYjBMw2ZJpzEBV1yy0GQtpfyFEqzCziaskPeA1427991179',1,16,'2015-04-02 16:12:59',NULL,'192.168.1.2',0,'Mozilla/5.0 (X11; Ubuntu; Linux x86_64; rv:26.0) Gecko/20100101 Firefox/26.0'),(83,'$pbkdf2-sha256$200$GMOYk1LKGeNcaw1hLKUUAg$aMbSeNxwxKPxEx9X.AKiLNLOAv./g1ohhnLt0C01Blc1428078495',1,16,'2015-04-03 16:28:15',NULL,'192.168.1.2',0,'Mozilla/5.0 (X11; Ubuntu; Linux x86_64; rv:26.0) Gecko/20100101 Firefox/26.0'),(84,'$pbkdf2-sha256$200$e681ZgyhtJby3lsrZew9Jw$Yt1nwRJWHE4TuXrS56ogWh8yXqpQMyYf8yR5TFJ1koc1428124700',1,16,'2015-04-04 05:18:20',NULL,'192.168.1.3',0,'Mozilla/5.0 (X11; Ubuntu; Linux x86_64; rv:26.0) Gecko/20100101 Firefox/26.0'),(85,'$pbkdf2-sha256$200$unfuXYsxRmht7X3POScEwA$kTIE.a7F8mAVml5AcPFuaHIpOdVoO2ZozIlxkhk2TCE1428164585',1,16,'2015-04-04 16:23:05',NULL,'192.168.1.3',0,'Mozilla/5.0 (X11; Ubuntu; Linux x86_64; rv:26.0) Gecko/20100101 Firefox/26.0'),(86,'$pbkdf2-sha256$200$p/QeAwBgbG0NYez9nxNCyA$XKnWPSSwDi8BR02phAwWligdosILwArT06AkjFFOVXQ1428403722',1,16,'2015-04-07 10:48:42',NULL,'192.168.1.137',0,'Mozilla/5.0 (X11; Ubuntu; Linux x86_64; rv:26.0) Gecko/20100101 Firefox/26.0'),(87,'$pbkdf2-sha256$200$G2MMQSglxLjXeg9h7P3fOw$f.1KFnOw5GPyPmgNu9FhsQzm4h7jpG.4BScNER4VK2k1428422860',1,16,'2015-04-07 16:07:40',NULL,'192.168.1.4',0,'Mozilla/5.0 (X11; Ubuntu; Linux x86_64; rv:26.0) Gecko/20100101 Firefox/26.0'),(88,'$pbkdf2-sha256$200$snZOqRXivBdCiPGek5JyTg$4CHx/tkjaegazKRWvPHJ99UToDTTfvAVMxnTEIQb7n41428423094',1,16,'2015-04-07 16:11:34',NULL,'192.168.1.4',0,'Mozilla/5.0 (X11; Ubuntu; Linux x86_64; rv:26.0) Gecko/20100101 Firefox/26.0'),(89,'$pbkdf2-sha256$200$O0co5XyPEaLUujeGsBYCAA$2pIzXlX26jXNEYrMrqWkaOYX6NpjxAjPxPJmbl/fBso1428513042',1,16,'2015-04-08 17:10:42',NULL,'192.168.1.4',0,'Mozilla/5.0 (X11; Ubuntu; Linux x86_64; rv:26.0) Gecko/20100101 Firefox/26.0'),(90,'$pbkdf2-sha256$200$qpUS4nxvDeF8b01p7Z2z1g$nfAy/dhdHd75rnKzfS2pO9OgKw2hKTd6uhVhcKbqF6Q1428599525',1,16,'2015-04-09 17:12:05',NULL,'192.168.1.4',0,'Mozilla/5.0 (X11; Ubuntu; Linux x86_64; rv:26.0) Gecko/20100101 Firefox/26.0'),(91,'$pbkdf2-sha256$200$vfee07rX2nvPOadUqtVa6w$Cq/vSL6vIYhAXONNTw8ed6W1UUJvVNUaWCBrdAkA1X81428684367',1,17,'2015-04-10 16:46:07',NULL,'192.168.1.4',0,'Mozilla/5.0 (X11; Ubuntu; Linux x86_64; rv:26.0) Gecko/20100101 Firefox/26.0'),(92,'$pbkdf2-sha256$200$qzWm1HrvvZeSslYKYQxBqA$sanUOzIND765Z0/lB6A3CNkYtR0zQs5jnetsBoEHEI81428684767',1,18,'2015-04-10 16:52:47',NULL,'192.168.1.4',0,'Mozilla/5.0 (X11; Ubuntu; Linux x86_64; rv:26.0) Gecko/20100101 Firefox/26.0'),(93,'$pbkdf2-sha256$200$W2tNKQXg3LsXohSC0DqnVA$vqqK7pYkDqALQMRbIBnACHElgz8WGm9T1qNayytUF2o1428689701',1,16,'2015-04-10 18:15:01',NULL,'192.168.1.4',0,'Mozilla/5.0 (X11; Ubuntu; Linux x86_64; rv:26.0) Gecko/20100101 Firefox/26.0'),(94,'$pbkdf2-sha256$200$zplzrpUy5hxDyFnrHWPsXQ$NmNdOn6fVu1HkDQgTIclZekxSJU3EOsvq4Jhj8t336g1428689757',1,18,'2015-04-10 18:15:57',NULL,'192.168.1.4',0,'Mozilla/5.0 (X11; Ubuntu; Linux x86_64; rv:26.0) Gecko/20100101 Firefox/26.0'),(95,'$pbkdf2-sha256$200$DaFUqjUGYCzF2DuH8F5rbQ$a0IRTHPiWohMCiip/R1UXIB1tUniPZMYZs/M8/RkkWc1428737708',1,16,'2015-04-11 07:35:08',NULL,'192.168.1.2',0,'Mozilla/5.0 (X11; Ubuntu; Linux x86_64; rv:26.0) Gecko/20100101 Firefox/26.0'),(96,'$pbkdf2-sha256$200$PmcMIcQ4hxDCuPeeU0rpHQ$BmFBdpny4uC.j4WYidO2tEEDqp82HKmR3pivXDDcWVE1428759673',1,18,'2015-04-11 13:41:13',NULL,'192.168.1.2',0,'Mozilla/5.0 (X11; Ubuntu; Linux x86_64; rv:26.0) Gecko/20100101 Firefox/26.0'),(97,'$pbkdf2-sha256$200$IGQsJQTgnFNKSUkpRShljA$tOi/CkuOd3EniTVEeoZiRbBGmbO.Y3lm9u4G5WYIQ5s1428759764',1,16,'2015-04-11 13:42:44',NULL,'192.168.1.2',0,'Mozilla/5.0 (X11; Ubuntu; Linux x86_64; rv:26.0) Gecko/20100101 Firefox/26.0'),(98,'$pbkdf2-sha256$200$OAeAUOrdW2stpTSGcK51Tg$xRk/Si29dbST0Mkvp0sFzsvh0DuN1PbaZm8MJycNPxY1428848836',1,16,'2015-04-12 14:27:16',NULL,'192.168.1.3',0,'Mozilla/5.0 (X11; Ubuntu; Linux x86_64; rv:26.0) Gecko/20100101 Firefox/26.0'),(99,'$pbkdf2-sha256$200$Xuu9F2JsjVHKmVPqfY/xng$pTYaUMUFPRID3a3BkHojnV6FD0jYojMT/gfcaJBWMLg1428942596',1,16,'2015-04-13 16:29:56',NULL,'192.168.1.3',0,'Mozilla/5.0 (X11; Ubuntu; Linux x86_64; rv:26.0) Gecko/20100101 Firefox/26.0'),(100,'$pbkdf2-sha256$200$V8r5Pweg9F7r3XuvFQKgtA$szsCyc6N00ct.hj/UXEFw/Nizeq0bv.A80xFPh4iEB81429025043',1,16,'2015-04-14 15:24:03',NULL,'192.168.1.3',0,'Mozilla/5.0 (X11; Ubuntu; Linux x86_64; rv:26.0) Gecko/20100101 Firefox/26.0'),(101,'$pbkdf2-sha256$200$Zex9T4mxVorROqfU.p9Tig$.VPuBapIaA4eCnRzjqX0A1ZOIbfFaIXKaYVrR/YEd841429116717',1,16,'2015-04-15 16:51:57',NULL,'192.168.1.3',0,'Mozilla/5.0 (X11; Ubuntu; Linux x86_64; rv:26.0) Gecko/20100101 Firefox/26.0'),(102,'$pbkdf2-sha256$200$ZswZo7RWCsH4X0uJ8V7r3Q$cfKZSkCJ7GwPnquty687qS7vfpnqm/HDyKz0O2/KHMM1429203455',1,16,'2015-04-16 16:57:35',NULL,'192.168.1.3',0,'Mozilla/5.0 (X11; Ubuntu; Linux x86_64; rv:26.0) Gecko/20100101 Firefox/26.0'),(103,'$pbkdf2-sha256$200$9b7Xei8FQOg9p/T.3ztHiA$XfDfR8PdrGZNOHOvKMF4VIQGDGQDu8kZGp5DSE7Tb7E1429205357',1,16,'2015-04-16 17:29:17',NULL,'192.168.1.3',0,'Mozilla/5.0 (X11; Ubuntu; Linux x86_64; rv:26.0) Gecko/20100101 Firefox/26.0'),(104,'$pbkdf2-sha256$200$rnUOQej93zvHmLNWKgXAOA$2mZ0IT39paT8QT2XR2trtuFkzbqHUXoE0IDymYNubyg1429379335',1,16,'2015-04-18 17:48:55',NULL,'192.168.1.4',0,'Mozilla/5.0 (X11; Ubuntu; Linux x86_64; rv:26.0) Gecko/20100101 Firefox/26.0'),(105,'$pbkdf2-sha256$200$0HpvDYFQao2R0trb.z/n3A$aFBwuFjgQVyPnTr022yeRUopz1HxRGx9w74RSAFT8hM1429471408',1,16,'2015-04-19 19:23:28',NULL,'192.168.1.4',0,'Mozilla/5.0 (X11; Ubuntu; Linux x86_64; rv:26.0) Gecko/20100101 Firefox/26.0'),(106,'$pbkdf2-sha256$200$SwlBKIXQ.n.vdQ6hFGJMqQ$KtYvAqb1/.4HIkVpTKJ6Vx5p1gAX8yMrIhXHCr9J5401429550854',1,16,'2015-04-20 17:27:34',NULL,'192.168.1.4',0,'Mozilla/5.0 (X11; Ubuntu; Linux x86_64; rv:26.0) Gecko/20100101 Firefox/26.0'),(107,'$pbkdf2-sha256$200$IcR4by2lFML4H6MUgjAmRA$XDQryksziay0QyadJgsnQvW6uDOZrdV4bgZLKlTnfFg1429709572',1,16,'2015-04-22 13:32:52',NULL,'192.168.1.65',0,'Mozilla/5.0 (X11; Ubuntu; Linux x86_64; rv:26.0) Gecko/20100101 Firefox/26.0'),(108,'$pbkdf2-sha256$200$/V.r1dobg1AqxXgvhZDSWg$iEfARFJm6YmBdEJQF72TnAGeHfiQeva7.9aDGHkcgag1429721036',1,16,'2015-04-22 16:43:56',NULL,'192.168.1.3',0,'Mozilla/5.0 (X11; Ubuntu; Linux x86_64; rv:26.0) Gecko/20100101 Firefox/26.0'),(109,'$pbkdf2-sha256$200$W0vJmbPWWmvNGYMQImSstQ$cUbkpK5w/HAfwmngnXDrY/U9z6.AsYc0BdeYG7V2.QA1429806288',1,16,'2015-04-23 16:24:48',NULL,'192.168.1.4',0,'Mozilla/5.0 (X11; Ubuntu; Linux x86_64; rv:26.0) Gecko/20100101 Firefox/26.0'),(110,'$pbkdf2-sha256$200$be1dC0Go9b53zrn3vjcmZA$ZVKb3Lkz/AKwhZhuEQCmF.TNRDnQsNIt13h.nAa8dp01429881199',1,16,'2015-04-24 13:13:19',NULL,'192.168.1.50',0,'Mozilla/5.0 (X11; Ubuntu; Linux x86_64; rv:26.0) Gecko/20100101 Firefox/26.0'),(111,'$pbkdf2-sha256$200$cI7Rei8FoPSeE6K0Vuq9lw$TzdVw82l.Rp54TbU7nW6BIxeClia20OA6ip7f4w4EvA1429893757',1,16,'2015-04-24 16:42:37',NULL,'192.168.1.4',0,'Mozilla/5.0 (X11; Ubuntu; Linux x86_64; rv:26.0) Gecko/20100101 Firefox/26.0'),(112,'$pbkdf2-sha256$200$k1Kqde6915rzntOa857Teg$HVyaqykjlQUg3rEIBH4ZaDQQHBf7AiPunSPg3RA5Px01429902066',1,16,'2015-04-24 19:01:06',NULL,'192.168.1.3',0,'Mozilla/5.0 (X11; Ubuntu; Linux x86_64; rv:26.0) Gecko/20100101 Firefox/26.0'),(113,'$pbkdf2-sha256$200$FeL8H4MQIoSwlvJeKwXgvA$ZtfLtxhpGpB44P.2wYnAag68oEsPSM9paxHGgimWl1c1429950300',1,16,'2015-04-25 08:25:00',NULL,'192.168.1.49',0,'Mozilla/5.0 (X11; Ubuntu; Linux x86_64; rv:26.0) Gecko/20100101 Firefox/26.0'),(114,'$pbkdf2-sha256$200$O6fU2vtfCwHAeG.t1XrPuQ$R5SNubet37IZNj.xTmU6ODZPYv0vGQ/IYWszKcXnVTc1429997852',1,16,'2015-04-25 21:37:32',NULL,'192.168.1.3',0,'Mozilla/5.0 (X11; Ubuntu; Linux x86_64; rv:26.0) Gecko/20100101 Firefox/26.0'),(115,'$pbkdf2-sha256$200$M0bIWQvh/H9PidH6/783hg$q6LbRHKlxH2283zArHeXlbfAxtF9x.yGgXvu6Er5z.Q1430154329',1,16,'2015-04-27 17:05:29',NULL,'192.168.1.4',0,'Mozilla/5.0 (X11; Ubuntu; Linux x86_64; rv:26.0) Gecko/20100101 Firefox/26.0'),(116,'$pbkdf2-sha256$200$JoQwppQyJsT4n9O6N0aodQ$tNSPIELIbaD1SQaZ5oXGZP9ogCWfJ8QoE7WvIZzGgAY1430169710',1,16,'2015-04-27 21:21:50',NULL,'192.168.1.3',0,'Mozilla/5.0 (X11; Ubuntu; Linux x86_64; rv:26.0) Gecko/20100101 Firefox/26.0'),(117,'$pbkdf2-sha256$200$ek8JYey9937vvXeuVeqd0w$VRGzqjrZK0NVUuU.vBUwyL2xsYtMMD5GyIwFGWb1.CY1430316248',1,16,'2015-04-29 14:04:08',NULL,'192.168.1.149',0,'Mozilla/5.0 (X11; Ubuntu; Linux x86_64; rv:26.0) Gecko/20100101 Firefox/26.0'),(118,'$pbkdf2-sha256$200$qzWGcA4BwBhDaI1RypmTMg$.rUQ94gdwJfjIdQJXnI3Vit04ATysAwbNjpTsvcLjKE1430316339',1,16,'2015-04-29 14:05:39',NULL,'192.168.1.78',0,'Mozilla/5.0 (X11; Ubuntu; Linux x86_64; rv:26.0) Gecko/20100101 Firefox/26.0'),(119,'$pbkdf2-sha256$200$fu9dC0GoldL6H0Oo1fofYw$lSRHVhZKDfntZcAWAmtHyRNbrWU89Oi0g7l9EOXWebc1430316451',1,16,'2015-04-29 14:07:31',NULL,'127.0.0.1',0,'Mozilla/5.0 (X11; Ubuntu; Linux x86_64; rv:26.0) Gecko/20100101 Firefox/26.0'),(120,'$pbkdf2-sha256$200$lBICAECIUQpB6D1HqFUKwQ$oN/pawkpNfsl9gdBdTrKhFf/BvSb55OOK2BGY6HGAdU1430323190',1,16,'2015-04-29 15:59:50',NULL,'192.168.1.4',0,'Mozilla/5.0 (X11; Ubuntu; Linux x86_64; rv:26.0) Gecko/20100101 Firefox/26.0'),(121,'$pbkdf2-sha256$200$wjjHOEcohVCqFYLwXss5Zw$9xxOSBGbua7unpsxxGuZRh0/8h.Pk3q3hyzbb3a.keM1430411947',1,16,'2015-04-30 16:39:07',NULL,'192.168.1.4',0,'Mozilla/5.0 (X11; Ubuntu; Linux x86_64; rv:26.0) Gecko/20100101 Firefox/26.0'),(122,'$pbkdf2-sha256$200$3DtHKGVMyZmzlrI2RijlPA$tr1Yn9V2qF7rAg6MBsytLW9uZV6ZadhZjMsLpXlidrc1430740346',1,16,'2015-05-04 11:52:26',NULL,'192.168.1.3',0,'Mozilla/5.0 (X11; Ubuntu; Linux x86_64; rv:26.0) Gecko/20100101 Firefox/26.0'),(123,'$pbkdf2-sha256$200$i5Fy7p2T0ro3RsjZW0uJ8Q$L8/3kyyHS4pMM1r17IQmR5WP.ywf/9CzIGNe6LzLEHg1430743832',1,16,'2015-05-04 12:50:32',NULL,'192.168.1.3',0,'Mozilla/5.0 (X11; Ubuntu; Linux x86_64; rv:26.0) Gecko/20100101 Firefox/26.0'),(124,'$pbkdf2-sha256$200$3hvjfA/hPIcwZkxJCeFcqw$uMkwjxRUuNBGVCdFyM3ehotfBJSM/YN/cNpd3wsWLj01430894174',1,16,'2015-05-06 06:36:14',NULL,'192.168.1.49',0,'Mozilla/5.0 (X11; Ubuntu; Linux x86_64; rv:26.0) Gecko/20100101 Firefox/26.0'),(125,'$pbkdf2-sha256$200$cI5Rai3l3JvznlMqRWjN.Q$4N2vkYyap7OsKLE.1DEoyB17/fvhh5GVloE2NMmd7Rw1430937168',1,16,'2015-05-06 18:32:48',NULL,'192.168.1.7',0,'Mozilla/5.0 (X11; Ubuntu; Linux x86_64; rv:26.0) Gecko/20100101 Firefox/26.0'),(126,'$pbkdf2-sha256$200$Quhdyxnj3JvT.p.zdk6JEQ$sZl3LQVWtPYmn0ni9jtD0JiFhx9CRive1iDY3muiS1I1431021942',1,16,'2015-05-07 18:05:42',NULL,'192.168.1.4',0,'Mozilla/5.0 (X11; Ubuntu; Linux x86_64; rv:26.0) Gecko/20100101 Firefox/26.0'),(127,'$pbkdf2-sha256$200$HkPI.T8H4Lz3ntOaM.Y8hw$my7fkXxzyzeN0aq6XdUnwBnHhyW9xD8WmnzfgULQ8wg1431064890',1,16,'2015-05-08 06:01:30',NULL,'192.168.1.46',0,'Mozilla/5.0 (X11; Ubuntu; Linux x86_64; rv:26.0) Gecko/20100101 Firefox/26.0'),(128,'$pbkdf2-sha256$200$npMSQmhNCYGQMibkfM85hw$ti6VdC3ukmLtzxxTtF289NtfTXDw3ShitQ7xuCIbYQE1431105198',1,16,'2015-05-08 17:13:18',NULL,'192.168.1.5',0,'Mozilla/5.0 (X11; Ubuntu; Linux x86_64; rv:26.0) Gecko/20100101 Firefox/26.0'),(129,'$pbkdf2-sha256$200$rVVqDWGMMaZ0DsE451wLwQ$cU5LA99P52yJujeGNdn28NeVmYVJBkZDBNtVOMmFf/k1431185381',1,16,'2015-05-09 15:29:41',NULL,'192.168.1.2',0,'Mozilla/5.0 (X11; Ubuntu; Linux x86_64; rv:26.0) Gecko/20100101 Firefox/26.0'),(130,'$pbkdf2-sha256$200$VyqFUCpFKGVM6Z1TCuG81w$DsnDEABb0QMcGJBZ9ls6n3CeaEbmdw6qjzR3JFctxMQ1431192722',1,17,'2015-05-09 17:32:02',NULL,'192.168.1.2',0,'Mozilla/5.0 (X11; Linux x86_64) AppleWebKit/537.36 (KHTML, like Gecko) Ubuntu Chromium/37.0.2062.120 Chrome/37.0.2062.120 Safari/537.36'),(131,'$pbkdf2-sha256$200$phQiZKw1htB6z5nz/r9Xag$MDoe1YYtL5jAEyYnQKFfXC5fBsTuNvzIB685HGgfG1E1431192793',1,16,'2015-05-09 17:33:13',NULL,'192.168.1.2',0,'Mozilla/5.0 (X11; Linux x86_64) AppleWebKit/537.36 (KHTML, like Gecko) Ubuntu Chromium/37.0.2062.120 Chrome/37.0.2062.120 Safari/537.36'),(132,'$pbkdf2-sha256$200$7L13rjXG2HsPQQjhPOd8Lw$RZI4WPuUJ53RUDZyZm2fkfqyi9XJMmCJTamUFCeOMN41431192886',1,17,'2015-05-09 17:34:46',NULL,'192.168.1.2',0,'Mozilla/5.0 (X11; Linux x86_64) AppleWebKit/537.36 (KHTML, like Gecko) Ubuntu Chromium/37.0.2062.120 Chrome/37.0.2062.120 Safari/537.36'),(133,'$pbkdf2-sha256$200$VcoZgzDm/N97j1FqrZUyZg$GnAIwcpyVl2TJD/59wywBshkfImpCvJbXb5WkSy3xDg1431192946',1,17,'2015-05-09 17:35:46',NULL,'192.168.1.2',0,'Mozilla/5.0 (X11; Linux x86_64) AppleWebKit/537.36 (KHTML, like Gecko) Ubuntu Chromium/37.0.2062.120 Chrome/37.0.2062.120 Safari/537.36'),(134,'$pbkdf2-sha256$200$17rXOqeU0hqDkPKe8x4jpA$h9li4r8/hzMzPH3VZD0r/xjbxbZFfKRvX4t21T3jbuY1431193771',1,16,'2015-05-09 17:49:31',NULL,'192.168.1.2',0,'Mozilla/5.0 (X11; Linux x86_64) AppleWebKit/537.36 (KHTML, like Gecko) Ubuntu Chromium/37.0.2062.120 Chrome/37.0.2062.120 Safari/537.36'),(135,'$pbkdf2-sha256$200$S6nV2puT0przXguBcE5pLQ$M11tHzo8in8Tw.BfInuT0e11C8HOVhv5NXdW5dy6iDE1431193889',1,17,'2015-05-09 17:51:29',NULL,'192.168.1.2',0,'Mozilla/5.0 (X11; Linux x86_64) AppleWebKit/537.36 (KHTML, like Gecko) Ubuntu Chromium/37.0.2062.120 Chrome/37.0.2062.120 Safari/537.36'),(136,'$pbkdf2-sha256$200$ztm7Nyak1BqDcM65l7LWOg$ZYpB/VsEpAaN.dFTMzvKhvle9XpIZWE99x37dE4cRsg1431193934',1,16,'2015-05-09 17:52:14',NULL,'192.168.1.2',0,'Mozilla/5.0 (X11; Linux x86_64) AppleWebKit/537.36 (KHTML, like Gecko) Ubuntu Chromium/37.0.2062.120 Chrome/37.0.2062.120 Safari/537.36'),(137,'$pbkdf2-sha256$200$ztk75xxjTOm9F.JcC8FYqw$2CR4XrDpsFFb67OSfwrY/Jz/KChaeU1ULqYaQJN.6ic1431199594',1,16,'2015-05-09 19:26:34',NULL,'192.168.1.2',0,'Mozilla/5.0 (X11; Linux x86_64) AppleWebKit/537.36 (KHTML, like Gecko) Chrome/42.0.2311.90 Safari/537.36 OPR/29.0.1795.47'),(138,'$pbkdf2-sha256$200$DYEQYkzpHWPsPSckhHBurQ$Z2aEKhleNwkT5XTNfhz6SKsUAlvGrTf8mRll771oyZ01431200358',1,16,'2015-05-09 19:39:18',NULL,'192.168.1.2',0,'Mozilla/5.0 (X11; Linux x86_64) AppleWebKit/537.36 (KHTML, like Gecko) Ubuntu Chromium/37.0.2062.120 Chrome/37.0.2062.120 Safari/537.36'),(139,'$pbkdf2-sha256$200$ek8pBQDAGAPA.H.PEYIwpg$x3gqiDe.O15FG5xbFJwG6ynPr2NA1xjfNcLyg5ySI8k1431200477',1,16,'2015-05-09 19:41:17',NULL,'192.168.1.2',0,'Mozilla/5.0 (X11; Linux x86_64) AppleWebKit/537.36 (KHTML, like Gecko) Chrome/42.0.2311.90 Safari/537.36 OPR/29.0.1795.47'),(140,'$pbkdf2-sha256$200$vfd.r9W6N.Z8733vvde6Fw$QC7WMbSTUbCpBjYZBkdJRQ7G0hRn7gBn1uLJJXo0LXU1431237740',1,17,'2015-05-10 06:02:20',NULL,'192.168.1.3',0,'Mozilla/5.0 (X11; Linux x86_64) AppleWebKit/537.36 (KHTML, like Gecko) Ubuntu Chromium/37.0.2062.120 Chrome/37.0.2062.120 Safari/537.36'),(141,'$pbkdf2-sha256$200$l3Ku9T7HeM.ZU4rRWmvNWQ$Iow.r/GZ/AIzaLWfz1OVoWtpF9TH3gQZjgGCvcr7G6s1431239650',1,16,'2015-05-10 06:34:10',NULL,'192.168.1.3',0,'Mozilla/5.0 (X11; Linux x86_64) AppleWebKit/537.36 (KHTML, like Gecko) Chrome/42.0.2311.90 Safari/537.36 OPR/29.0.1795.47'),(142,'$pbkdf2-sha256$200$0JqzttZ6j3EOYSwlpBQCoA$b1O2UWkQzcQkZ24fbaLnjSaymFah2ClIDN/t516HCsk1431250580',1,16,'2015-05-10 09:36:20',NULL,'192.168.1.3',0,'Mozilla/5.0 (X11; Ubuntu; Linux x86_64; rv:26.0) Gecko/20100101 Firefox/26.0'),(143,'$pbkdf2-sha256$200$f2/tvdcaI2Ss1TqHsBZCaA$uCU76iCFvLxcI/od8YkRRi9ERCu3i.uswKKCHq0kaVs1431325889',1,16,'2015-05-11 06:31:29',NULL,'192.168.1.129',0,'Mozilla/5.0 (X11; Ubuntu; Linux x86_64; rv:26.0) Gecko/20100101 Firefox/26.0'),(144,'$pbkdf2-sha256$200$whiDsNa6F4KQ0rpXijEm5A$SYfvpch7X9jFbZ5EgjcQMNnJzcqsa./LP4GRbR4Gdug1431326035',1,16,'2015-05-11 06:33:55',NULL,'192.168.1.129',0,'Mozilla/5.0 (X11; Linux x86_64) AppleWebKit/537.36 (KHTML, like Gecko) Chrome/42.0.2311.90 Safari/537.36 OPR/29.0.1795.47'),(145,'$pbkdf2-sha256$200$0Nrbm1PqvVeKMQbg/H9PyQ$gCRcJWJu.tli0kfTDq2bznHfAbNbosqeNOYk2wVrtv81431326090',1,17,'2015-05-11 06:34:50',NULL,'192.168.1.129',0,'Mozilla/5.0 (X11; Linux x86_64) AppleWebKit/537.36 (KHTML, like Gecko) Ubuntu Chromium/37.0.2062.120 Chrome/37.0.2062.120 Safari/537.36'),(146,'$pbkdf2-sha256$200$xbhX6v3fG.O8936PsRZiTA$DAo.Xel8TGT3YoXrsEPwDu6iz5FMR7nZIxj/LRcS4D41431359880',1,16,'2015-05-11 15:58:00',NULL,'192.168.1.4',0,'Mozilla/5.0 (X11; Linux x86_64) AppleWebKit/537.36 (KHTML, like Gecko) Chrome/42.0.2311.90 Safari/537.36 OPR/29.0.1795.47'),(147,'$pbkdf2-sha256$200$mHPOWatVitF6L.V8712LEQ$4zVAwaZxVpAQwNdv2EFl8GwuSTmFGfWWxtzI.B5bwy81431359946',1,16,'2015-05-11 15:59:06',NULL,'192.168.1.4',0,'Mozilla/5.0 (X11; Linux x86_64) AppleWebKit/537.36 (KHTML, like Gecko) Ubuntu Chromium/37.0.2062.120 Chrome/37.0.2062.120 Safari/537.36'),(148,'$pbkdf2-sha256$200$937vXas15vz/P8f4v7dWag$KlCK05lk38gEDWNNUZJIdCD/pi8f./PUb1NCQbE6AxI1431362547',1,16,'2015-05-11 16:42:27',NULL,'192.168.1.4',0,'Mozilla/5.0 (X11; Ubuntu; Linux x86_64; rv:26.0) Gecko/20100101 Firefox/26.0'),(149,'$pbkdf2-sha256$200$lzImREgJgbAWgtA6R0jpHQ$7x4slwIo2F.dI4QpjoJ4Fh0ACIzTcgKTjaPVNSGGU7U1431372844',1,16,'2015-05-11 19:34:04',NULL,'192.168.1.4',0,'Mozilla/5.0 (X11; Linux x86_64) AppleWebKit/537.36 (KHTML, like Gecko) Ubuntu Chromium/37.0.2062.120 Chrome/37.0.2062.120 Safari/537.36'),(150,'$pbkdf2-sha256$200$7j1nLAVASInROsf4//9faw$A4x7FStACQB/Ti3iWan3Ek2Ys/DU0je0tkudqozyCqg1431407672',1,16,'2015-05-12 05:14:32',NULL,'192.168.1.129',0,'Mozilla/5.0 (X11; Linux x86_64) AppleWebKit/537.36 (KHTML, like Gecko) Ubuntu Chromium/37.0.2062.120 Chrome/37.0.2062.120 Safari/537.36'),(151,'$pbkdf2-sha256$200$DoEwBiCE0Pr/f4.xthbC2A$DbJ/TQzlxHUmO.i2jVGLBmVnKrKmmui3pkWekSFdURo1431407749',1,16,'2015-05-12 05:15:49',NULL,'192.168.1.129',0,'Mozilla/5.0 (X11; Ubuntu; Linux x86_64; rv:26.0) Gecko/20100101 Firefox/26.0'),(152,'$pbkdf2-sha256$200$zVlLSeldC2FMyVnrfY9xjg$EdmHPGaxOvycOpli1PlSN2vLCJrJ5p/.zzRyUXp4yfs1431451148',1,16,'2015-05-12 17:19:08',NULL,'192.168.1.4',0,'Mozilla/5.0 (X11; Linux x86_64) AppleWebKit/537.36 (KHTML, like Gecko) Ubuntu Chromium/37.0.2062.120 Chrome/37.0.2062.120 Safari/537.36'),(153,'$pbkdf2-sha256$200$gnDuPYdQqhXivDeG8D7HeA$Geqcy4/hCLg6DU1eJUivHY3QcQi5GD.5Q4AJ9MmLfrE1431451222',1,17,'2015-05-12 17:20:22',NULL,'192.168.1.4',0,'Mozilla/5.0 (X11; Linux x86_64) AppleWebKit/537.36 (KHTML, like Gecko) Chrome/42.0.2311.90 Safari/537.36 OPR/29.0.1795.47'),(154,'$pbkdf2-sha256$200$xPg/p9TaG.Ocs9Ya49z7Hw$pwsJIYWDvhn1JVux5MtbcIc5.DdBiqYj93NhNV4xDZ81431452974',1,16,'2015-05-12 17:49:34',NULL,'192.168.1.4',0,'Mozilla/5.0 (X11; Ubuntu; Linux x86_64; rv:26.0) Gecko/20100101 Firefox/26.0'),(155,'$pbkdf2-sha256$200$0HrvnTNGyLmX8l6rNQbgfA$4JYGIDq7vloEwgXDXCbBODIgsme2t2AhsH7d4tYx6B41431495245',1,16,'2015-05-13 05:34:05',NULL,'192.168.1.129',0,'Mozilla/5.0 (X11; Linux x86_64) AppleWebKit/537.36 (KHTML, like Gecko) Ubuntu Chromium/37.0.2062.120 Chrome/37.0.2062.120 Safari/537.36'),(156,'$pbkdf2-sha256$200$v1cKgTAGAACgFEJIqVVKyQ$.WU1ytu6CPkA.tuHjBA5GM1D.kYULoffy4pBh2ZZPKI1431495679',1,16,'2015-05-13 05:41:19',NULL,'192.168.1.129',0,'Mozilla/5.0 (X11; Ubuntu; Linux x86_64; rv:26.0) Gecko/20100101 Firefox/26.0'),(157,'$pbkdf2-sha256$200$8L43xjhH6F0LQWhtLYWQUg$sJ8l91AIpWrEI18Q9Z0yoHSsyzVCLOb.Y1/pXquAkQE1431495723',1,17,'2015-05-13 05:42:03',NULL,'192.168.1.129',0,'Mozilla/5.0 (X11; Linux x86_64) AppleWebKit/537.36 (KHTML, like Gecko) Chrome/42.0.2311.90 Safari/537.36 OPR/29.0.1795.47'),(158,'$pbkdf2-sha256$200$j/F.L8W4V4rx3rsXwhgD4A$CTEyxXHHVHKl3GR.EwyGvm4JpQXwMGevyhAKVlf11XQ1431533832',1,16,'2015-05-13 16:17:12',NULL,'192.168.1.4',0,'Mozilla/5.0 (X11; Ubuntu; Linux x86_64; rv:26.0) Gecko/20100101 Firefox/26.0'),(159,'$pbkdf2-sha256$200$KqU0BoDQ.p9T6l2LMWas9Q$X15kaZAab0jtjVS4hbJ8gMVV2OKB2BIAoXPnYxm0.v81431549861',1,16,'2015-05-13 20:44:21',NULL,'192.168.1.4',0,'Mozilla/5.0 (X11; Linux x86_64) AppleWebKit/537.36 (KHTML, like Gecko) Ubuntu Chromium/37.0.2062.120 Chrome/37.0.2062.120 Safari/537.36'),(160,'$pbkdf2-sha256$200$OAcgpLS2lhLCOCfEmDMGoA$RE39dJC0jMhRH5asPN6TvGHYas0dlZGI6A/VLat3gio1431621600',1,16,'2015-05-14 16:40:00',NULL,'192.168.1.3',0,'Mozilla/5.0 (X11; Ubuntu; Linux x86_64; rv:26.0) Gecko/20100101 Firefox/26.0'),(161,'$pbkdf2-sha256$200$Vwrh3Lu3du6dc06plZLSug$1Id90JRXCScX22wK3lSUp6DVSNxQgvouC.eY9ayzTPs1431621843',1,17,'2015-05-14 16:44:03',NULL,'192.168.1.3',0,'Mozilla/5.0 (X11; Linux x86_64) AppleWebKit/537.36 (KHTML, like Gecko) Chrome/42.0.2311.90 Safari/537.36 OPR/29.0.1795.47'),(162,'$pbkdf2-sha256$200$51zL.T/HmPP.HwPgPEdIKQ$hTV/L7Ruf5OTEXjpJEp80MEUrot3XVhXhEhpoOlGf7Q1431622215',1,16,'2015-05-14 16:50:15',NULL,'192.168.1.3',0,'Mozilla/5.0 (X11; Linux x86_64) AppleWebKit/537.36 (KHTML, like Gecko) Ubuntu Chromium/37.0.2062.120 Chrome/37.0.2062.120 Safari/537.36'),(163,'$pbkdf2-sha256$200$L8WYMyYEYGyt9V5LyRkjpA$sziHmyfj9WCdNfKmX4myWgruag.vv1Ayq3/TqboW4eQ1431715181',1,16,'2015-05-15 18:39:41',NULL,'192.168.1.3',0,'Mozilla/5.0 (X11; Ubuntu; Linux x86_64; rv:26.0) Gecko/20100101 Firefox/26.0'),(164,'$pbkdf2-sha256$200$EIJwDgEghNCa857TuleqFQ$pJCekFs5lFkglAYgnGEL9s9qzd4vtGduGfErXuIpLe41431715228',1,16,'2015-05-15 18:40:28',NULL,'192.168.1.3',0,'Mozilla/5.0 (X11; Linux x86_64) AppleWebKit/537.36 (KHTML, like Gecko) Ubuntu Chromium/37.0.2062.120 Chrome/37.0.2062.120 Safari/537.36'),(165,'$pbkdf2-sha256$200$nnPufe/dO4dwDkFojfFeSw$JInp3UrRWa6Vrq.U51MRpdEHDhq0ht/aCA7l1iNT0rg1431715275',1,17,'2015-05-15 18:41:15',NULL,'192.168.1.3',0,'Mozilla/5.0 (X11; Linux x86_64) AppleWebKit/537.36 (KHTML, like Gecko) Chrome/42.0.2311.90 Safari/537.36 OPR/29.0.1795.47'),(166,'$pbkdf2-sha256$200$tlbqvRcihJBy7r0Xwjgn5A$XgRrDQgZW3Eh0z4Bea/5Q.wogs.G58t5NMHJCbbYpnc1431936949',1,16,'2015-05-18 08:15:49',NULL,'192.168.1.129',0,'Mozilla/5.0 (X11; Ubuntu; Linux x86_64; rv:26.0) Gecko/20100101 Firefox/26.0'),(167,'$pbkdf2-sha256$200$KGVMSal1LgXAmDNmTAmBsA$S1y5wlGMUm1mpU.KAU7xytUpARnSBCWaiI0wTCwxr6E1431942819',1,16,'2015-05-18 09:53:39',NULL,'192.168.1.129',0,'Mozilla/5.0 (X11; Linux x86_64) AppleWebKit/537.36 (KHTML, like Gecko) Ubuntu Chromium/37.0.2062.120 Chrome/37.0.2062.120 Safari/537.36'),(168,'$pbkdf2-sha256$200$FyLE2DuHcO49B8CYk7KWEg$.Kw1eY7inTXqH8TQSg1NB5ZDY8N1QdEaz0yoGYdcNs81431945833',1,16,'2015-05-18 10:43:53',NULL,'192.168.1.129',0,'Mozilla/5.0 (X11; Linux x86_64) AppleWebKit/537.36 (KHTML, like Gecko) Chrome/42.0.2311.90 Safari/537.36 OPR/29.0.1795.47'),(169,'$pbkdf2-sha256$200$VKrVWst5b03JmTNmLEXI.Q$KsTmKRv0fGErKa./nZt/NkmYuaK20iZzxYg8HaYVC5A1431965866',1,16,'2015-05-18 16:17:46',NULL,'192.168.1.2',0,'Mozilla/5.0 (X11; Linux x86_64) AppleWebKit/537.36 (KHTML, like Gecko) Ubuntu Chromium/37.0.2062.120 Chrome/37.0.2062.120 Safari/537.36'),(170,'$pbkdf2-sha256$200$J6RU6j3H.P./13ovRag1Jg$PH6YTSjDuGTCHk2t/bN7JwWKSnjgWVoob6eFNLwrieA1431965910',1,16,'2015-05-18 16:18:30',NULL,'192.168.1.2',0,'Mozilla/5.0 (X11; Ubuntu; Linux x86_64; rv:26.0) Gecko/20100101 Firefox/26.0'),(171,'$pbkdf2-sha256$200$HMPY2/ufE8LY2zsHIGQs5Q$.YPM7eq0Ix2sbBacSGK6xFeMaDfmckojFXuXJBt.tfM1431965981',1,16,'2015-05-18 16:19:41',NULL,'192.168.1.2',0,'Mozilla/5.0 (X11; Linux x86_64) AppleWebKit/537.36 (KHTML, like Gecko) Chrome/42.0.2311.90 Safari/537.36 OPR/29.0.1795.47'),(172,'$pbkdf2-sha256$200$9T7H2HsP4dw7pzTmvNdaqw$hW2cW9Ze0wMgQwtqeVtVOyF9m8iVkealpZfl8lmy5R41432035763',1,16,'2015-05-19 11:42:43',NULL,'192.168.1.129',0,'Mozilla/5.0 (X11; Linux x86_64) AppleWebKit/537.36 (KHTML, like Gecko) Chrome/42.0.2311.90 Safari/537.36 OPR/29.0.1795.47'),(173,'$pbkdf2-sha256$200$8T7HWCullBLCGIMw5hzjPA$xqEzoQQy4yDMgQAUlkAI7u2sDX4P2VK0tGVdD9QMXPY1432051349',1,16,'2015-05-19 16:02:29',NULL,'192.168.1.4',0,'Mozilla/5.0 (X11; Linux x86_64) AppleWebKit/537.36 (KHTML, like Gecko) Ubuntu Chromium/37.0.2062.120 Chrome/37.0.2062.120 Safari/537.36'),(174,'$pbkdf2-sha256$200$5FyrdW6NMWZMCcFYC6EU4g$1zzYgav4HUpP95bIh6lK4yuN/26SRDjgUcXHFqn4G2M1432051385',1,16,'2015-05-19 16:03:05',NULL,'192.168.1.4',0,'Mozilla/5.0 (X11; Ubuntu; Linux x86_64; rv:26.0) Gecko/20100101 Firefox/26.0'),(175,'$pbkdf2-sha256$200$VGrNmZPS.n/P.b/33ttbaw$nQIvqXJw9RbEnlNvidNeDlR6/TkP0bRUXbjOWrNHy.E1432051413',1,16,'2015-05-19 16:03:33',NULL,'192.168.1.4',0,'Mozilla/5.0 (X11; Linux x86_64) AppleWebKit/537.36 (KHTML, like Gecko) Chrome/42.0.2311.90 Safari/537.36 OPR/29.0.1795.47'),(176,'$pbkdf2-sha256$200$oBRCSAkBYMy5N8bYG0MIoQ$tiyd3L7UzrfLsZFTSRyS7IJEcr4O.F3lYdDGkF4YDp41432055092',1,16,'2015-05-19 17:04:52',NULL,'192.168.1.2',0,'Mozilla/5.0 (X11; Ubuntu; Linux x86_64; rv:26.0) Gecko/20100101 Firefox/26.0'),(177,'$pbkdf2-sha256$200$BkAopdR677239t47h9B6jw$YjpZr4pEc92WCfi.fMu145Gtd8NSSII6KoUmYD3y1XU1432055118',1,16,'2015-05-19 17:05:18',NULL,'192.168.1.2',0,'Mozilla/5.0 (X11; Linux x86_64) AppleWebKit/537.36 (KHTML, like Gecko) Ubuntu Chromium/37.0.2062.120 Chrome/37.0.2062.120 Safari/537.36'),(178,'$pbkdf2-sha256$200$PCdEqDWmlLLWuhdCCAEgRA$QL51gtWKZ6ixMi4uR3XZhOZ3O2aCjDmXe2EEW3wQddc1432055144',1,16,'2015-05-19 17:05:44',NULL,'192.168.1.2',0,'Mozilla/5.0 (X11; Linux x86_64) AppleWebKit/537.36 (KHTML, like Gecko) Chrome/42.0.2311.90 Safari/537.36 OPR/29.0.1795.47'),(179,'$pbkdf2-sha256$200$WUsphZByTqmVEkKotVYq5Q$maA90pHU4SAljhdKKGG1fkwgQQHt1zMNINLjgwnLo3A1432056017',1,16,'2015-05-19 17:20:17',NULL,'192.168.1.3',0,'Mozilla/5.0 (X11; Linux x86_64) AppleWebKit/537.36 (KHTML, like Gecko) Ubuntu Chromium/37.0.2062.120 Chrome/37.0.2062.120 Safari/537.36'),(180,'$pbkdf2-sha256$200$BMD4X2ttDcFYS.ldS8n5Hw$.tKQ47uZ/E6nildxzUtWyHGTckP4LFtrAqA9gD1q3x01432056034',1,16,'2015-05-19 17:20:34',NULL,'192.168.1.3',0,'Mozilla/5.0 (X11; Ubuntu; Linux x86_64; rv:26.0) Gecko/20100101 Firefox/26.0'),(181,'$pbkdf2-sha256$200$dS7FGAOAUIpxDuEcQ8hZiw$KYwrUYOqzG1h.BF1IpK5iIPX7x1aCqDNkY1luc022SQ1432101621',1,16,'2015-05-20 06:00:21',NULL,'192.168.1.89',0,'Mozilla/5.0 (X11; Linux x86_64) AppleWebKit/537.36 (KHTML, like Gecko) Ubuntu Chromium/37.0.2062.120 Chrome/37.0.2062.120 Safari/537.36'),(182,'$pbkdf2-sha256$200$VEoJofQ.B4DwPifEmNOaUw$fqxW7YKJh1BxVqdzXmi.rWRr8gwzTZmrvJHCBUnIgYQ1432110649',1,16,'2015-05-20 08:30:49',NULL,'192.168.1.89',0,'Mozilla/5.0 (X11; Ubuntu; Linux x86_64; rv:26.0) Gecko/20100101 Firefox/26.0'),(183,'$pbkdf2-sha256$200$MoaQ0lqLsTamdG7tHcOYkw$CflLbijEzEteBws32INrJc6nL6.PhAG8TxM5TPiiAg41432146761',1,16,'2015-05-20 18:32:41',NULL,'192.168.1.2',0,'Mozilla/5.0 (X11; Ubuntu; Linux x86_64; rv:26.0) Gecko/20100101 Firefox/26.0'),(184,'$pbkdf2-sha256$200$wBjj/F/L.V/L.b93DiGkdA$2CgZI5J1mqH3o69Y2dLNkWMXP9.4KvkKaREjsgPOP.I1432146792',1,16,'2015-05-20 18:33:12',NULL,'192.168.1.2',0,'Mozilla/5.0 (X11; Linux x86_64) AppleWebKit/537.36 (KHTML, like Gecko) Ubuntu Chromium/37.0.2062.120 Chrome/37.0.2062.120 Safari/537.36'),(185,'$pbkdf2-sha256$200$XAvh/F/LWau19j6HkPIegw$u4lXSno7ov0bW4FKwbxyScsfHCOPJSBDaJtgEHsSpkE1432146975',1,17,'2015-05-20 18:36:15',NULL,'192.168.1.2',0,'Mozilla/5.0 (X11; Linux x86_64) AppleWebKit/537.36 (KHTML, like Gecko) Chrome/42.0.2311.90 Safari/537.36 OPR/29.0.1795.47'),(186,'$pbkdf2-sha256$200$WytFKKUU4vz//5.Tcq41pg$Kx.i/siOmKP1Ee2/KYWeIIfxwWuaxg4MjWwodThhaMk1432183835',1,16,'2015-05-21 04:50:36',NULL,'192.168.1.11',0,'Mozilla/5.0 (X11; Linux x86_64) AppleWebKit/537.36 (KHTML, like Gecko) Ubuntu Chromium/37.0.2062.120 Chrome/37.0.2062.120 Safari/537.36'),(187,'$pbkdf2-sha256$200$g5AS4pxz7r03BiCEEKL0fg$WVE9k3pf4hotaIoshaQTnr8ZKb3UbxOh/CmC3Z3Zt3E1432183956',1,16,'2015-05-21 04:52:36',NULL,'192.168.1.11',0,'Mozilla/5.0 (X11; Ubuntu; Linux x86_64; rv:26.0) Gecko/20100101 Firefox/26.0'),(188,'$pbkdf2-sha256$200$QEipFSIkZGzt3dtbS8kZQw$BHExcGAplOSKSvxbTgdAZwzv94r8Sy1Nf/5O.DrmOnY1432186944',1,16,'2015-05-21 05:42:24',NULL,'192.168.1.110',0,'Mozilla/5.0 (X11; Linux x86_64) AppleWebKit/537.36 (KHTML, like Gecko) Ubuntu Chromium/37.0.2062.120 Chrome/37.0.2062.120 Safari/537.36'),(189,'$pbkdf2-sha256$200$ao3RWut9j1HK.V9LaY2x9g$NytRLznOUsFrtDWL/2ljveHWzI8WfysiFN5RbmM/n9E1432187139',1,16,'2015-05-21 05:45:39',NULL,'192.168.1.110',0,'Mozilla/5.0 (X11; Ubuntu; Linux x86_64; rv:26.0) Gecko/20100101 Firefox/26.0'),(190,'$pbkdf2-sha256$200$/r.31nrP.f9/DwHAeE/JGQ$m2dumWjDX4nQNZNnTq6O8v9fExfIpVZJ2902UFsPLZw1432232021',1,16,'2015-05-21 18:13:41',NULL,'192.168.1.4',0,'Mozilla/5.0 (X11; Linux x86_64) AppleWebKit/537.36 (KHTML, like Gecko) Ubuntu Chromium/37.0.2062.120 Chrome/37.0.2062.120 Safari/537.36'),(191,'$pbkdf2-sha256$200$fg/BmDMGAMA4h5AyxjhHqA$0/RRRKXkPkZZZh4K0fVMqAjp7MOX3.JNeB/pxV3XGys1432232074',1,16,'2015-05-21 18:14:34',NULL,'192.168.1.4',0,'Mozilla/5.0 (X11; Ubuntu; Linux x86_64; rv:26.0) Gecko/20100101 Firefox/26.0'),(192,'$pbkdf2-sha256$200$CGGs9X7P.b8XohTiXEtpTQ$nIiAXxPHVMbd.xhoZ5gZwxhmcoq40e9TnUYJ2YD3g9s1432271531',1,16,'2015-05-22 05:12:11',NULL,'192.168.1.110',0,'Mozilla/5.0 (X11; Linux x86_64) AppleWebKit/537.36 (KHTML, like Gecko) Ubuntu Chromium/37.0.2062.120 Chrome/37.0.2062.120 Safari/537.36'),(193,'$pbkdf2-sha256$200$cc55b835H0OoFQLgvLdWKg$Vz6qQsrZkSpusbKG4zBi7R.CWWNkZPBQHrlGYrsJgnA1432290801',1,16,'2015-05-22 10:33:21',NULL,'192.168.1.110',0,'Mozilla/5.0 (X11; Ubuntu; Linux x86_64; rv:26.0) Gecko/20100101 Firefox/26.0'),(194,'$pbkdf2-sha256$200$/T9nLCWEUKo1BoBwbs25lw$hAks.LpfEOE0KmZVfGM.GGb.0r9pQnbi5VCUgo9Bj8Q1432319521',1,16,'2015-05-22 18:32:01',NULL,'192.168.1.4',0,'Mozilla/5.0 (X11; Linux x86_64) AppleWebKit/537.36 (KHTML, like Gecko) Ubuntu Chromium/37.0.2062.120 Chrome/37.0.2062.120 Safari/537.36'),(195,'$pbkdf2-sha256$200$671XSkmJ8b53LiVkjJHSmg$98vJyzFUhpFzog9Uf0meGiulSxWMXeO7pfs4REckiR81432319543',1,16,'2015-05-22 18:32:23',NULL,'192.168.1.4',0,'Mozilla/5.0 (X11; Ubuntu; Linux x86_64; rv:26.0) Gecko/20100101 Firefox/26.0'),(196,'$pbkdf2-sha256$200$VSplDCGkVOp9z9m7dw5B6A$gWQDCcK2j1BLoVj2i4hTcZVbod3PAP7stC5Q97BbkBM1432319805',1,16,'2015-05-22 18:36:45',NULL,'192.168.1.2',0,'Mozilla/5.0 (X11; Linux x86_64) AppleWebKit/537.36 (KHTML, like Gecko) Ubuntu Chromium/37.0.2062.120 Chrome/37.0.2062.120 Safari/537.36'),(197,'$pbkdf2-sha256$200$YyyFcA5hTGktJeRcy3mvNQ$EcRr7hZeQvB7KQih9b5PbDD4UpvOwhagEqYdJKZTSio1432319826',1,16,'2015-05-22 18:37:06',NULL,'192.168.1.2',0,'Mozilla/5.0 (X11; Ubuntu; Linux x86_64; rv:26.0) Gecko/20100101 Firefox/26.0'),(198,'$pbkdf2-sha256$200$nPM.x1jr3XsvRcgZY6y1lg$bycMYHM.ZAqlxDJ7mfRggAD91DSF6EnAApG4Az4PCfs1432320237',1,17,'2015-05-22 18:43:57',NULL,'192.168.1.2',0,'Mozilla/5.0 (X11; Ubuntu; Linux x86_64; rv:26.0) Gecko/20100101 Firefox/26.0'),(199,'$pbkdf2-sha256$200$6j2HUArBuDcG4Pw/J4Swtg$wa0UbCFWib4mm3t.neh7fwR2pD5i5iIrlN0glCXcAjQ1432450283',1,16,'2015-05-24 06:51:23',NULL,'192.168.1.2',0,'Mozilla/5.0 (X11; Linux x86_64) AppleWebKit/537.36 (KHTML, like Gecko) Ubuntu Chromium/37.0.2062.120 Chrome/37.0.2062.120 Safari/537.36'),(200,'$pbkdf2-sha256$200$rTUGAABgTEmpde69F.Icww$wQIANx59Yo3ISwQ/VWZsXfvGgw7lyn3zh.JWo7QI5P41432450314',1,16,'2015-05-24 06:51:54',NULL,'192.168.1.2',0,'Mozilla/5.0 (X11; Ubuntu; Linux x86_64; rv:26.0) Gecko/20100101 Firefox/26.0'),(201,'$pbkdf2-sha256$200$1vp/z1kLYWxtzdm7t1ZKiQ$iqZxKTavRJc34iI7QieJszlXMDAlMVza3rzacrrNR141432532699',1,16,'2015-05-25 05:44:59',NULL,'192.168.1.100',0,'Mozilla/5.0 (X11; Ubuntu; Linux x86_64; rv:26.0) Gecko/20100101 Firefox/26.0'),(202,'$pbkdf2-sha256$200$W.udk5ISQmjNGUNozflf6w$KeTKP7eDQBmE991bQ3nGRF84IXxUZPmd4ihYS3DW6dg1432624247',1,16,'2015-05-26 07:10:47',NULL,'192.168.1.41',0,'Mozilla/5.0 (X11; Ubuntu; Linux x86_64; rv:26.0) Gecko/20100101 Firefox/26.0'),(203,'$pbkdf2-sha256$200$vfd.rzVGaI3RmpOyltI6pw$VRo/xKqWI7i9dDyEjGaxGtV6EV8YDit3kTSNduoFSEA1432633503',1,16,'2015-05-26 09:45:03',NULL,'192.168.1.42',0,'Mozilla/5.0 (X11; Ubuntu; Linux x86_64; rv:26.0) Gecko/20100101 Firefox/26.0'),(204,'$pbkdf2-sha256$200$aq01ZswZw1gLQYjRGqO01g$DxJoW2pgEL4KAWlOCpkWCNtuQPuUYflXTOIDWuGn3FM1432655991',1,16,'2015-05-26 15:59:51',NULL,'192.168.1.4',0,'Mozilla/5.0 (X11; Ubuntu; Linux x86_64; rv:26.0) Gecko/20100101 Firefox/26.0'),(205,'$pbkdf2-sha256$200$WSsFYCxFqFXKWatVao2xFg$IMwNd8iEZJfVFBxUQLOk5hSwOIPn18cLYTkF7GWNW7A1432656020',1,16,'2015-05-26 16:00:20',NULL,'192.168.1.4',0,'Mozilla/5.0 (X11; Linux x86_64) AppleWebKit/537.36 (KHTML, like Gecko) Ubuntu Chromium/37.0.2062.120 Chrome/37.0.2062.120 Safari/537.36'),(206,'$pbkdf2-sha256$200$0fqfEwLgHMP4XyvFuBcipA$Jjn0RqYd1IUT03LlzdScjPI2kpB9yUhdctSKWGufWvg1432669959',1,16,'2015-05-26 19:52:39',NULL,'192.168.1.4',0,'Mozilla/5.0 (X11; Linux x86_64) AppleWebKit/537.36 (KHTML, like Gecko) Chrome/42.0.2311.90 Safari/537.36 OPR/29.0.1795.47'),(207,'$pbkdf2-sha256$200$u7cWotT6P4cQIqRUSukdgw$Y9HqvSdJhgb7XgVyv23uV0HP9mJ8Al9cpYk24lZ02ME1432707939',1,16,'2015-05-27 06:25:39',NULL,'192.168.1.30',0,'Mozilla/5.0 (X11; Ubuntu; Linux x86_64; rv:26.0) Gecko/20100101 Firefox/26.0'),(208,'$pbkdf2-sha256$200$FqIUojTmXIuxVuqdU6r13g$wZNwrphMg0FjsmtVrUMQv2Vf.2cWSDA2wQmQ/0C7zQc1432720291',1,16,'2015-05-27 09:51:31',NULL,'192.168.1.30',0,'Mozilla/5.0 (X11; Linux x86_64) AppleWebKit/537.36 (KHTML, like Gecko) Ubuntu Chromium/37.0.2062.120 Chrome/37.0.2062.120 Safari/537.36'),(209,'$pbkdf2-sha256$200$gJASQmjNube29t6b09obAw$5pWJWTD5.NawkHX5PP6hyGgjqIOoD3mldsVhNDNYUeo1432746483',1,16,'2015-05-27 17:08:03',NULL,'192.168.1.4',0,'Mozilla/5.0 (X11; Linux x86_64) AppleWebKit/537.36 (KHTML, like Gecko) Ubuntu Chromium/37.0.2062.120 Chrome/37.0.2062.120 Safari/537.36'),(210,'$pbkdf2-sha256$200$YUwJIcSY05ozBqC01rr3Hg$V9xN2bRLM2K3Xg3mNAmZFSSTHQBHRu5duyp6mTkOsUY1432749884',1,16,'2015-05-27 18:04:44',NULL,'192.168.1.2',0,'Mozilla/5.0 (X11; Linux x86_64) AppleWebKit/537.36 (KHTML, like Gecko) Ubuntu Chromium/37.0.2062.120 Chrome/37.0.2062.120 Safari/537.36'),(211,'$pbkdf2-sha256$200$5RyjNGZsjdH6n1MqRag1Zg$WWNir6/PT6T7C3iwuNM/yz476vjREp0QoSvUvfYGrgM1432757896',1,16,'2015-05-27 20:18:16',NULL,'192.168.1.2',0,'Mozilla/5.0 (X11; Ubuntu; Linux x86_64; rv:26.0) Gecko/20100101 Firefox/26.0'),(212,'$pbkdf2-sha256$200$7n1vbe19DyEk5Nw7B.B8zw$IsYp0s3x0xor/ZNZazFz/0uSU.cq5OmudGhP3GjOvME1432758583',1,16,'2015-05-27 20:29:43',NULL,'192.168.1.2',0,'Mozilla/5.0 (X11; Linux x86_64) AppleWebKit/537.36 (KHTML, like Gecko) Chrome/42.0.2311.90 Safari/537.36 OPR/29.0.1795.47'),(213,'$pbkdf2-sha256$200$lZJy7h1jjJHSGqN0LgUgpA$XcoGPIBDyfZ4EdY18wsQNlQx2eesYObKcePmCJCXg1I1432758784',1,16,'2015-05-27 20:33:04',NULL,'192.168.1.2',0,'Mozilla/5.0 (X11; Linux x86_64) AppleWebKit/537.36 (KHTML, like Gecko) Chrome/42.0.2311.90 Safari/537.36 OPR/29.0.1795.47'),(214,'$pbkdf2-sha256$200$nnNOSemds1YKwZjz3vufUw$eXffV8A/0LYJpn69PH6eJiPjr11mLUZ1LDISXpubZ8Q1432818037',1,16,'2015-05-28 13:00:37',NULL,'192.168.1.138',0,'Mozilla/5.0 (X11; Linux x86_64) AppleWebKit/537.36 (KHTML, like Gecko) Ubuntu Chromium/37.0.2062.120 Chrome/37.0.2062.120 Safari/537.36'),(215,'$pbkdf2-sha256$200$k7I2JmSMcW5tTSkFQOg9Bw$KH9slfdi0WGg3DbvwGMPAQDVD3HMDA/sDeCQvD16jJs1432830371',1,16,'2015-05-28 16:26:11',NULL,'192.168.1.4',0,'Mozilla/5.0 (X11; Ubuntu; Linux x86_64; rv:26.0) Gecko/20100101 Firefox/26.0'),(216,'$pbkdf2-sha256$200$CuG8VyoFwJgTYiwFgLDWeg$g3peAbRcC/fOpTbYZJSnvTThQKH3JlmJokmB.lEFKLU1432833147',1,16,'2015-05-28 17:12:27',NULL,'192.168.1.4',0,'Mozilla/5.0 (X11; Linux x86_64) AppleWebKit/537.36 (KHTML, like Gecko) Ubuntu Chromium/37.0.2062.120 Chrome/37.0.2062.120 Safari/537.36'),(217,'$pbkdf2-sha256$200$j1FKKcWYs/b.H4NQCuH83w$wgZSp46W3ffCnJQEtWMaWyPdPydz1TE1rbb4QQK9FlA1432874661',1,16,'2015-05-29 04:44:21',NULL,'192.168.1.138',0,'Mozilla/5.0 (X11; Ubuntu; Linux x86_64; rv:26.0) Gecko/20100101 Firefox/26.0'),(218,'$pbkdf2-sha256$200$Oec8Z4yxtvZey9n7X4ux1g$ZcS9TIo8oT8gP1lkjY5uGBH5RQWyuIKqvQVXK9DZ2Ic1432920166',1,16,'2015-05-29 17:22:46',NULL,'192.168.1.4',0,'Mozilla/5.0 (X11; Ubuntu; Linux x86_64; rv:26.0) Gecko/20100101 Firefox/26.0'),(219,'$pbkdf2-sha256$200$aq313nsvBcC4lzKGEIJQKg$.Exp6Irpdk1zKRyqPLwRRTKfRmtb0V8ve1yQKW3hJms1432920212',1,16,'2015-05-29 17:23:32',NULL,'192.168.1.4',0,'Mozilla/5.0 (X11; Linux x86_64) AppleWebKit/537.36 (KHTML, like Gecko) Ubuntu Chromium/37.0.2062.120 Chrome/37.0.2062.120 Safari/537.36'),(220,'$pbkdf2-sha256$200$T6mV0jqHUErpPYfQulfqPQ$nSFjlOyO0HhzYXTpXqPOJGGnzXk3fWdryuIywjSxUf81432972412',1,16,'2015-05-30 07:53:32',NULL,'192.168.1.138',0,'Mozilla/5.0 (X11; Linux x86_64) AppleWebKit/537.36 (KHTML, like Gecko) Ubuntu Chromium/37.0.2062.120 Chrome/37.0.2062.120 Safari/537.36'),(221,'$pbkdf2-sha256$200$Var1PmdsrTXmvDfmfC/lPA$75Nz10brTK0G1snB9Dd7Sk8ilwaGsmX8bn4yINu7U7A1433012199',1,16,'2015-05-30 18:56:39',NULL,'192.168.1.4',0,'Mozilla/5.0 (X11; Ubuntu; Linux x86_64; rv:26.0) Gecko/20100101 Firefox/26.0'),(222,'$pbkdf2-sha256$200$GAMgpHQuBSCkdI7xXosRYg$y9kweS36SR9IWtkRzDCo5XgiZm3Ol11kk18i2sh3xfs1433012218',1,16,'2015-05-30 18:56:58',NULL,'192.168.1.4',0,'Mozilla/5.0 (X11; Linux x86_64) AppleWebKit/537.36 (KHTML, like Gecko) Ubuntu Chromium/37.0.2062.120 Chrome/37.0.2062.120 Safari/537.36'),(223,'$pbkdf2-sha256$200$wfg/5/w/h3AuhfA.Rwjh3A$dj4wQUGqb3d0WAR0XtbHTbv/zxASsCoa7KZlRWWgfzk1433015607',1,16,'2015-05-30 19:53:27',NULL,'192.168.1.2',0,'Mozilla/5.0 (X11; Ubuntu; Linux x86_64; rv:26.0) Gecko/20100101 Firefox/26.0'),(224,'$pbkdf2-sha256$200$CiEEAGDMWWttbS2FsLaWkg$0Lg5XP4vgQhsbyoWJmNxxE3go6371NKDBroEJMJHXnk1433015630',1,16,'2015-05-30 19:53:50',NULL,'192.168.1.2',0,'Mozilla/5.0 (X11; Linux x86_64) AppleWebKit/537.36 (KHTML, like Gecko) Ubuntu Chromium/37.0.2062.120 Chrome/37.0.2062.120 Safari/537.36'),(225,'$pbkdf2-sha256$200$tJZyTmntnVPq/T.HcA7BeA$mP4kta/Nyx3Xx2mKyu0uyV7AGCVLRjing.1VzaOdqzo1433153546',1,16,'2015-06-01 10:12:26',NULL,'192.168.1.3',0,'Mozilla/5.0 (X11; Linux x86_64) AppleWebKit/537.36 (KHTML, like Gecko) Ubuntu Chromium/37.0.2062.120 Chrome/37.0.2062.120 Safari/537.36'),(226,'$pbkdf2-sha256$200$rNW6V8pZK6V0TgmBcK71Pg$uMYRNqy7dJUDVwNSXI/LQ538EhxszDs8KmDp6sk9ZoA1433153613',1,16,'2015-06-01 10:13:33',NULL,'192.168.1.3',0,'Mozilla/5.0 (X11; Ubuntu; Linux x86_64; rv:26.0) Gecko/20100101 Firefox/26.0'),(227,'$pbkdf2-sha256$200$/D.HEGLsvZeytvY.ZwzhnA$KKr4if3Mmios91Q1ZdlNRWU3xzMHJs9WW1cgvLc0POM1433171261',1,16,'2015-06-01 15:07:41',NULL,'192.168.1.2',0,'Mozilla/5.0 (X11; Ubuntu; Linux x86_64; rv:26.0) Gecko/20100101 Firefox/26.0'),(228,'$pbkdf2-sha256$200$GsP4/78XYkzp3RujlDLG.A$KPwrwlKivsX9y6gMZQ3YXezqHPqAxON19q38NOZ99MI1433171282',1,16,'2015-06-01 15:08:02',NULL,'192.168.1.2',0,'Mozilla/5.0 (X11; Linux x86_64) AppleWebKit/537.36 (KHTML, like Gecko) Ubuntu Chromium/37.0.2062.120 Chrome/37.0.2062.120 Safari/537.36'),(229,'$pbkdf2-sha256$200$fy/FWCslpPT.v7eW8p7Tmg$R5k45ngD.EV4RTVFKcOvrszHIYoRSurt3cKPC7OCjjs1433226451',1,16,'2015-06-02 06:27:31',NULL,'192.168.1.138',0,'Mozilla/5.0 (X11; Linux x86_64) AppleWebKit/537.36 (KHTML, like Gecko) Ubuntu Chromium/37.0.2062.120 Chrome/37.0.2062.120 Safari/537.36'),(230,'$pbkdf2-sha256$200$DUFISckZA4CQck7JWYuxlg$QT4eFVNADHDTCx.sGIG06lGBEmETfeoCOXtwXzVuF1w1433261903',1,16,'2015-06-02 16:18:23',NULL,'192.168.1.2',0,'Mozilla/5.0 (X11; Ubuntu; Linux x86_64; rv:26.0) Gecko/20100101 Firefox/26.0'),(231,'$pbkdf2-sha256$200$4HwP4fx/zxkjBIAwZoxRig$vzTKCZ/YTgcyHGgCYDh7.KHLb6Jtcn9DjKvZIttnIgE1433262492',1,16,'2015-06-02 16:28:12',NULL,'192.168.1.2',0,'Mozilla/5.0 (X11; Linux x86_64) AppleWebKit/537.36 (KHTML, like Gecko) Ubuntu Chromium/37.0.2062.120 Chrome/37.0.2062.120 Safari/537.36'),(232,'$pbkdf2-sha256$200$8j7H2LvX2puzdg4hxNjbew$g40UejNXlp/6l000wJ3pxm36tVNRbZF0G.zMSTO9K9I1433356778',1,16,'2015-06-03 18:39:38',NULL,'192.168.1.5',0,'Mozilla/5.0 (X11; Ubuntu; Linux x86_64; rv:26.0) Gecko/20100101 Firefox/26.0'),(233,'$pbkdf2-sha256$200$JkRozbkXAgBgrJXyHmOs1Q$x3WqXPXfzfDl5IdzCYk6qx2H6lt44TbsgtlhuiG3KLw1433357553',1,16,'2015-06-03 18:52:33',NULL,'192.168.1.5',0,'Mozilla/5.0 (X11; Linux x86_64) AppleWebKit/537.36 (KHTML, like Gecko) Ubuntu Chromium/37.0.2062.120 Chrome/37.0.2062.120 Safari/537.36'),(234,'$pbkdf2-sha256$200$JeQcQ4ixVkoJgVCqFQKglA$2FM9ltOKZaoLCbGXU9eWdevNZZUl./akAjaANtdsfps1433500864',1,16,'2015-06-05 10:41:04',NULL,'192.168.1.3',0,'Mozilla/5.0 (X11; Linux x86_64) AppleWebKit/537.36 (KHTML, like Gecko) Ubuntu Chromium/37.0.2062.120 Chrome/37.0.2062.120 Safari/537.36'),(235,'$pbkdf2-sha256$200$8d5ba41xDsF47/0/59z7Pw$S0wdxzRP5IW29EOIUrnwHk60bJu4b8ASYea//VvZVks1433501983',1,16,'2015-06-05 10:59:43',NULL,'192.168.1.3',0,'Mozilla/5.0 (X11; Ubuntu; Linux x86_64; rv:26.0) Gecko/20100101 Firefox/26.0'),(236,'$pbkdf2-sha256$200$.5/zHgMghJDS.v8/hxCC8A$0Zp25WxLsBWNEZcZ1gU8Ln9LTRQF6LbQvKiyYbg7huM1433502076',1,17,'2015-06-05 11:01:16',NULL,'192.168.1.3',0,'Mozilla/5.0 (X11; Linux x86_64) AppleWebKit/537.36 (KHTML, like Gecko) Ubuntu Chromium/37.0.2062.120 Chrome/37.0.2062.120 Safari/537.36'),(237,'$pbkdf2-sha256$200$uneO8R5jzPl/TymF0JozRg$oD7PUDZXD07qAEq/j7RSG11zcB4RyZFAa0oRlafp/KM1433589917',1,16,'2015-06-06 11:25:17',NULL,'192.168.1.3',0,'Mozilla/5.0 (X11; Linux x86_64) AppleWebKit/537.36 (KHTML, like Gecko) Ubuntu Chromium/37.0.2062.120 Chrome/37.0.2062.120 Safari/537.36'),(238,'$pbkdf2-sha256$200$pLTW2tt7D.GcM6bUWmttrQ$Kpq77LZzlOJ84XkLlwUDqlJ2UO8BEh/.JrD5M3q8lG81433590857',1,16,'2015-06-06 11:40:57',NULL,'192.168.1.3',0,'Mozilla/5.0 (X11; Ubuntu; Linux x86_64; rv:26.0) Gecko/20100101 Firefox/26.0'),(239,'$pbkdf2-sha256$200$4Py/t5Zybm2N8d475xyDEA$mB8AQwMMUS29YsDUuCchqveIS0BfPuK2ZH4eFFxORSs1433662559',1,16,'2015-06-07 07:35:59',NULL,'192.168.1.4',0,'Mozilla/5.0 (X11; Ubuntu; Linux x86_64; rv:26.0) Gecko/20100101 Firefox/26.0'),(240,'$pbkdf2-sha256$200$SMn5HyOE8J4zRqhV6l0rZQ$/tUL0hmUAMwlZc0XA.1PJZo4WLr8SmHnlLsY21X9mDk1433662601',1,16,'2015-06-07 07:36:41',NULL,'192.168.1.4',0,'Mozilla/5.0 (X11; Linux x86_64) AppleWebKit/537.36 (KHTML, like Gecko) Ubuntu Chromium/37.0.2062.120 Chrome/37.0.2062.120 Safari/537.36'),(241,'$pbkdf2-sha256$200$pBSC8H6vNUbo/R8jxPgfQw$kWF.E86MXx9m.8J/2vNjMv0AQZ437F67Rh.Q2ozhQ0M1433662630',1,17,'2015-06-07 07:37:10',NULL,'192.168.1.4',0,'Mozilla/5.0 (X11; Linux x86_64) AppleWebKit/537.36 (KHTML, like Gecko) Ubuntu Chromium/37.0.2062.120 Chrome/37.0.2062.120 Safari/537.36'),(242,'$pbkdf2-sha256$200$15pTqhUipHQu5XzvnZNyzg$7.G2qJRMXMPcsgD4NFHVF3mdylNd5oiDoSeVGmCj0j81433782519',1,16,'2015-06-08 16:55:19',NULL,'127.0.0.1',0,'Mozilla/5.0 (X11; Ubuntu; Linux x86_64; rv:26.0) Gecko/20100101 Firefox/26.0'),(243,'$pbkdf2-sha256$200$opRS6p0zBsDYew/B2HsvRQ$O4LkRSUpOGWx6dWdAGkXImRmVnxlQ84dchcZNNayqgs1433782890',1,17,'2015-06-08 17:01:30',NULL,'127.0.0.1',0,'Mozilla/5.0 (X11; Linux x86_64) AppleWebKit/537.36 (KHTML, like Gecko) Ubuntu Chromium/37.0.2062.120 Chrome/37.0.2062.120 Safari/537.36'),(244,'$pbkdf2-sha256$200$X.sdQwgh5FyL0XoPoTTmHA$OksQAl1lRK6IuioGGtz9zD4TQEhTyERjYF61VcInKgY1433872785',1,16,'2015-06-09 17:59:45',NULL,'127.0.0.1',0,'Mozilla/5.0 (X11; Ubuntu; Linux x86_64; rv:26.0) Gecko/20100101 Firefox/26.0'),(245,'$pbkdf2-sha256$200$C2GsNaY0ppRSivGeUwqh9A$0h7sQOs/QkmVhO0z.WKUYCFOlgamvWSNxEL6bJ0f/dY1433967622',1,16,'2015-06-10 20:20:22',NULL,'127.0.0.1',0,'Mozilla/5.0 (X11; Ubuntu; Linux x86_64; rv:26.0) Gecko/20100101 Firefox/26.0'),(246,'$pbkdf2-sha256$200$lRKi1Dqn1LoXAqC0llIqBQ$fs10lOcpgQ1uw94MYTT456n4jZe2Hz2qu10cOhJs1Zw1433969406',1,17,'2015-06-10 20:50:06',NULL,'127.0.0.1',0,'Mozilla/5.0 (X11; Linux x86_64) AppleWebKit/537.36 (KHTML, like Gecko) Ubuntu Chromium/37.0.2062.120 Chrome/37.0.2062.120 Safari/537.36'),(247,'$pbkdf2-sha256$200$UOp9b825l3KOMebcO.dcKw$DDccXbNQlkychbJquPn5ito9VJ3EWluPF0LUDBn13/M1434110431',1,16,'2015-06-12 12:00:31',NULL,'192.168.1.4',0,'Mozilla/5.0 (X11; Linux x86_64) AppleWebKit/537.36 (KHTML, like Gecko) Ubuntu Chromium/37.0.2062.120 Chrome/37.0.2062.120 Safari/537.36'),(248,'$pbkdf2-sha256$200$47x3rjXGOEeoVapVSilFqA$B8EEd/7JOnohmcmm7Y9i5GOwE.0cYfwGST5OTdUqQf41434110451',1,17,'2015-06-12 12:00:51',NULL,'192.168.1.4',0,'Mozilla/5.0 (X11; Ubuntu; Linux x86_64; rv:26.0) Gecko/20100101 Firefox/26.0'),(249,'$pbkdf2-sha256$200$FwKgVMrZG0NIKSVEiFEqpQ$462YpgRPljbZa2TnC9Cy4ZzaQKWQAMAvC/Hs/nnbyWc1434203416',1,17,'2015-06-13 13:50:16',NULL,'192.168.1.3',0,'Mozilla/5.0 (X11; Linux x86_64) AppleWebKit/537.36 (KHTML, like Gecko) Ubuntu Chromium/37.0.2062.120 Chrome/37.0.2062.120 Safari/537.36'),(250,'$pbkdf2-sha256$200$oBQiRMhZK2WstXZOqRUipA$5ycSFwUvZr68Nb0GPA.a6JiGLiEQz3QXs8WJHwuwlL01434205846',1,16,'2015-06-13 14:30:46',NULL,'192.168.1.3',0,'Mozilla/5.0 (X11; Ubuntu; Linux x86_64; rv:26.0) Gecko/20100101 Firefox/26.0'),(251,'$pbkdf2-sha256$200$I2QMQai1lvK.F2KsVQphzA$7Rw4VxoOK1dz4Ivj23UXF0MIJ9N2KZMxp0ZL9siRdic1434284044',1,16,'2015-06-14 12:14:04',NULL,'192.168.1.4',0,'Mozilla/5.0 (X11; Ubuntu; Linux x86_64; rv:26.0) Gecko/20100101 Firefox/26.0'),(252,'$pbkdf2-sha256$200$5nzPeY/RWqv1/j/H2NsbYw$K/P.xZ.TVPnm7S0MMKFbqs53WwNvoZXSAShXRFhLkuU1434284140',1,17,'2015-06-14 12:15:40',NULL,'192.168.1.4',0,'Mozilla/5.0 (X11; Linux x86_64) AppleWebKit/537.36 (KHTML, like Gecko) Ubuntu Chromium/37.0.2062.120 Chrome/37.0.2062.120 Safari/537.36'),(253,'$pbkdf2-sha256$200$UorRmhOCsHaulbK2NiaEcA$o1uGQD.b95YTK56q1mdpVVwG62nkTjxLWFScCPxp.Zc1434344011',1,16,'2015-06-15 04:53:31',NULL,'192.168.1.108',0,'Mozilla/5.0 (X11; Linux x86_64) AppleWebKit/537.36 (KHTML, like Gecko) Ubuntu Chromium/37.0.2062.120 Chrome/37.0.2062.120 Safari/537.36'),(254,'$pbkdf2-sha256$200$7t07R6jVWssZA4DQek8JgQ$EXiV530qfy8O.mWCXHwgC6QOk5pXU1VMLTiwmjGOlk81434344037',1,17,'2015-06-15 04:53:57',NULL,'192.168.1.108',0,'Mozilla/5.0 (X11; Ubuntu; Linux x86_64; rv:26.0) Gecko/20100101 Firefox/26.0'),(255,'$pbkdf2-sha256$200$jPF.T4lR6h1DiPH.f8.5tw$S./nvgZu1RYv6G6VzOuaA5q74yLt2OHgy/yNtOvPAII1434344605',1,17,'2015-06-15 05:03:25',NULL,'192.168.1.31',0,'Mozilla/5.0 (X11; Linux x86_64) AppleWebKit/537.36 (KHTML, like Gecko) Ubuntu Chromium/37.0.2062.120 Chrome/37.0.2062.120 Safari/537.36'),(256,'$pbkdf2-sha256$200$TqnVWisl5BwDgNC619q71w$nPsPBBZMkeYFEwTCQx/CH1IWCPUFyiJFaW9Kbay/LSU1434344634',1,16,'2015-06-15 05:03:54',NULL,'192.168.1.31',0,'Mozilla/5.0 (X11; Ubuntu; Linux x86_64; rv:26.0) Gecko/20100101 Firefox/26.0'),(257,'$pbkdf2-sha256$200$GQOAcG6NcY6xllKKkbI2hg$nqBUbU/2vjZQqeO61gH..RDYjT1I1rOVAu/yx1T31Zc1434391144',1,17,'2015-06-15 17:59:04',NULL,'192.168.1.4',0,'Mozilla/5.0 (X11; Linux x86_64) AppleWebKit/537.36 (KHTML, like Gecko) Ubuntu Chromium/37.0.2062.120 Chrome/37.0.2062.120 Safari/537.36'),(258,'$pbkdf2-sha256$200$MYbQurcWorS2VqqVcq7V.g$Lsb0YN5QhegkrjJMH5t/7GmvfZrX4E3GLWqXBSF8nbs1434391159',1,16,'2015-06-15 17:59:19',NULL,'192.168.1.4',0,'Mozilla/5.0 (X11; Ubuntu; Linux x86_64; rv:26.0) Gecko/20100101 Firefox/26.0'),(259,'$pbkdf2-sha256$200$SSmlFGIsBQCA8P6fU.pdiw$yowfFkeQtWiFWU6LdpO3biiP7Bg3mOn0eJATZK9z2IA1434393674',1,16,'2015-06-15 18:41:14',NULL,'192.168.1.4',0,'Mozilla/5.0 (X11; Linux x86_64) AppleWebKit/537.36 (KHTML, like Gecko) Ubuntu Chromium/37.0.2062.120 Chrome/37.0.2062.120 Safari/537.36'),(260,'$pbkdf2-sha256$200$5RwDwFjLudcaw3ivtVZq7Q$j137vglaUIC2Rkg2fcwT57JvG/7IPqHaD2U5VTTlGHo1434393713',1,16,'2015-06-15 18:41:53',NULL,'192.168.1.4',0,'Mozilla/5.0 (X11; Ubuntu; Linux x86_64; rv:26.0) Gecko/20100101 Firefox/26.0'),(261,'$pbkdf2-sha256$200$731vLQVAyDkH4FwrJeQcQw$i/OBxpz4r5Gwiq1ezdxVE84vEjWTR4TlmkcDItJwaB01434393764',1,16,'2015-06-15 18:42:44',NULL,'192.168.1.4',0,'Mozilla/5.0 (X11; Ubuntu; Linux x86_64; rv:26.0) Gecko/20100101 Firefox/26.0'),(262,'$pbkdf2-sha256$200$/D8nZEwpZUzpfW.NEQIgJA$9.f3Z.ccD.hmXnIvyBhWHmqv47c.G5z0UlcuhtDjS241434393798',1,17,'2015-06-15 18:43:18',NULL,'192.168.1.4',0,'Mozilla/5.0 (X11; Ubuntu; Linux x86_64; rv:26.0) Gecko/20100101 Firefox/26.0'),(263,'$pbkdf2-sha256$200$BqA0ZkwpBWDM.T9HaE3pfQ$x8wVIwX5goQ/nOqYtaQFGmI0sOoLy4/Om09ueonAfZE1434430732',1,17,'2015-06-16 04:58:52',NULL,'192.168.1.51',0,'Mozilla/5.0 (X11; Linux x86_64) AppleWebKit/537.36 (KHTML, like Gecko) Ubuntu Chromium/37.0.2062.120 Chrome/37.0.2062.120 Safari/537.36'),(264,'$pbkdf2-sha256$200$DCGE0Pp/rxViDKGUco5xDg$Jqa4SynTqWMTqh.ZQOeUjXR6kLoOfF4ZNMstPD6HbjM1434430774',1,16,'2015-06-16 04:59:34',NULL,'192.168.1.51',0,'Mozilla/5.0 (X11; Ubuntu; Linux x86_64; rv:26.0) Gecko/20100101 Firefox/26.0'),(265,'$pbkdf2-sha256$200$PSfkXEspJQTA2Psfw3jvXQ$mLEi6VYqIF78q.bS2Sxn8lAcd6l4oQSbFXBTlzR.REA1434465796',1,17,'2015-06-16 14:43:16',NULL,'192.168.1.104',0,'Mozilla/5.0 (X11; Linux x86_64) AppleWebKit/537.36 (KHTML, like Gecko) Ubuntu Chromium/37.0.2062.120 Chrome/37.0.2062.120 Safari/537.36'),(266,'$pbkdf2-sha256$200$MmZsrVUK4dy79/4/x/gfAw$wSHfz/1OWtfgzVhhcAsu8/bmADuUo3TVzXFDp1kDIo41434465831',1,16,'2015-06-16 14:43:51',NULL,'192.168.1.104',0,'Mozilla/5.0 (X11; Ubuntu; Linux x86_64; rv:26.0) Gecko/20100101 Firefox/26.0'),(267,'$pbkdf2-sha256$200$pvTeO0fIOed8j3EupdT6/w$1SzbemKh/e8qrDbe8YpPyR/o1zyOtKrGjgEPy6uiAsc1434480310',1,16,'2015-06-16 18:45:10',NULL,'192.168.1.4',0,'Mozilla/5.0 (X11; Linux x86_64) AppleWebKit/537.36 (KHTML, like Gecko) Ubuntu Chromium/37.0.2062.120 Chrome/37.0.2062.120 Safari/537.36'),(268,'$pbkdf2-sha256$200$zRkjZIyxVsrZO0dIKaV0zg$rhCogZr109p0fSim71y1wcFjxK6RObPkxbNBag1.xLk1434484159',1,17,'2015-06-16 19:49:19',NULL,'192.168.1.4',0,'Mozilla/5.0 (X11; Ubuntu; Linux x86_64; rv:26.0) Gecko/20100101 Firefox/26.0'),(269,'$pbkdf2-sha256$200$SiklxJjzPofQGmNMaQ1ByA$sqv5fdj8TBHQFpA7YBXGhlcO3n2YgJduhNvgToMQ1lo1434570573',1,16,'2015-06-17 19:49:33',NULL,'192.168.1.4',0,'Mozilla/5.0 (X11; Ubuntu; Linux x86_64; rv:26.0) Gecko/20100101 Firefox/26.0'),(270,'$pbkdf2-sha256$200$YGzt3RtDaI2RkpKSEuJcaw$4OAwudcioCrDg1auQoYmIrcaC9XgtYV4WKd/AeTEYlE1434643965',1,17,'2015-06-18 16:12:45',NULL,'192.168.1.4',0,'Mozilla/5.0 (X11; Linux x86_64) AppleWebKit/537.36 (KHTML, like Gecko) Ubuntu Chromium/37.0.2062.120 Chrome/37.0.2062.120 Safari/537.36'),(271,'$pbkdf2-sha256$200$/H9vLYXQuvfee.9dC4Gw1g$1Q.aFvRk1RAioVfYPPWgDI.w75f.jt1RtP8EtwOag941434646015',1,16,'2015-06-18 16:46:55',NULL,'192.168.1.2',0,'Mozilla/5.0 (X11; Linux x86_64) AppleWebKit/537.36 (KHTML, like Gecko) Ubuntu Chromium/37.0.2062.120 Chrome/37.0.2062.120 Safari/537.36'),(272,'$pbkdf2-sha256$200$DwHA.N87h3AuhTAmBKBUCg$fLXBpDGUdb8clo1z0ok5Q3FjmDdN2gkdHW1X9gW0R581434646039',1,17,'2015-06-18 16:47:19',NULL,'192.168.1.2',0,'Mozilla/5.0 (X11; Ubuntu; Linux x86_64; rv:26.0) Gecko/20100101 Firefox/26.0'),(273,'$pbkdf2-sha256$200$MiaEEIIQIoTwfo.xljIGIA$lHlfW6xm.GN5Na6S8EjNuiXdJsoIIFsrliCdl9eXkN41434648720',1,16,'2015-06-18 17:32:00',NULL,'192.168.1.3',0,'Mozilla/5.0 (X11; Ubuntu; Linux x86_64; rv:26.0) Gecko/20100101 Firefox/26.0'),(274,'$pbkdf2-sha256$200$XitlLKXUuleK0dr7n5MyRg$Yphh.pJEV6TuYsJs3T.CEYD6jkv6gCk90TTCOOW.jGA1434648743',1,17,'2015-06-18 17:32:23',NULL,'192.168.1.3',0,'Mozilla/5.0 (X11; Linux x86_64) AppleWebKit/537.36 (KHTML, like Gecko) Ubuntu Chromium/37.0.2062.120 Chrome/37.0.2062.120 Safari/537.36'),(275,'$pbkdf2-sha256$200$gDDGeM9ZqxUCoLTWWovx3g$krgM9B60vhl5MoLqw6jX80g.AF1Ppgr9nxI7FnuuCEc1434703252',1,16,'2015-06-19 08:40:52',NULL,'192.168.1.140',0,'Mozilla/5.0 (X11; Ubuntu; Linux x86_64; rv:26.0) Gecko/20100101 Firefox/26.0'),(276,'$pbkdf2-sha256$200$BoBwLgUAIERojTEmhLAWgg$7SbNwwxDMGhsGryhWXUQWI5nb.vgVJVZGuXLFIH9how1434703282',1,17,'2015-06-19 08:41:22',NULL,'192.168.1.140',0,'Mozilla/5.0 (X11; Linux x86_64) AppleWebKit/537.36 (KHTML, like Gecko) Ubuntu Chromium/37.0.2062.120 Chrome/37.0.2062.120 Safari/537.36'),(277,'$pbkdf2-sha256$200$zzkHIEQIofS.d.7d./9fyw$2cDp/bkv/G22X1nPwrWVYOAy22LsR2Xu24IPc6s7lF81434736555',1,16,'2015-06-19 17:55:55',NULL,'192.168.1.3',0,'Mozilla/5.0 (X11; Ubuntu; Linux x86_64; rv:26.0) Gecko/20100101 Firefox/26.0'),(278,'$pbkdf2-sha256$200$DQEAQKj1XsvZu9f6f.89Jw$eDAD3XGVWvo4DsLgZHgXV66.Ko5bv.zqeMV0zzwTyAY1434736570',1,17,'2015-06-19 17:56:10',NULL,'192.168.1.3',0,'Mozilla/5.0 (X11; Linux x86_64) AppleWebKit/537.36 (KHTML, like Gecko) Ubuntu Chromium/37.0.2062.120 Chrome/37.0.2062.120 Safari/537.36'),(279,'$pbkdf2-sha256$200$P.d8L8V4D2EsBUDIea91Dg$79YMZsQwDp2XOWMOnEwFsoVU4F0tjt1Ax5z.QMHzWb41434823341',1,17,'2015-06-20 18:02:21',NULL,'192.168.1.3',0,'Mozilla/5.0 (X11; Ubuntu; Linux x86_64; rv:26.0) Gecko/20100101 Firefox/26.0'),(280,'$pbkdf2-sha256$200$ee9di1EqxVgrRehda.3dOw$1coMN35YoBKHufmmxHe3cTeXvJNZTe/CEyVmKp0/WaE1434823362',1,16,'2015-06-20 18:02:42',NULL,'192.168.1.3',0,'Mozilla/5.0 (X11; Linux x86_64) AppleWebKit/537.36 (KHTML, like Gecko) Ubuntu Chromium/37.0.2062.120 Chrome/37.0.2062.120 Safari/537.36'),(281,'$pbkdf2-sha256$200$.f8fAyAkxBhDKIXQOgcgRA$yrAtUL1bNMwogCFjCkCKnkIUqBx7ci9x8sKDdNVobpg1434966141',1,16,'2015-06-22 09:42:21',NULL,'192.168.1.3',0,'Mozilla/5.0 (X11; Ubuntu; Linux x86_64; rv:26.0) Gecko/20100101 Firefox/26.0'),(282,'$pbkdf2-sha256$200$7d2bU2rNmXPOmRPCOAegFA$lPUMWUyDNZNKM9KyXBe3MuZALW.1gke7yiIjo4Nq67Q1435042625',1,17,'2015-06-23 06:57:05',NULL,'127.0.0.1',0,'Mozilla/5.0 (X11; Ubuntu; Linux x86_64; rv:26.0) Gecko/20100101 Firefox/26.0'),(283,'$pbkdf2-sha256$200$khLCuBdCSAmh1DrHWKs1Rg$.CIjvAatPhn71.DMXvngKJKX4g8fYTz0tzi5AGA0X.81435062200',1,16,'2015-06-23 12:23:20',NULL,'192.168.1.140',0,'Mozilla/5.0 (X11; Linux x86_64) AppleWebKit/537.36 (KHTML, like Gecko) Ubuntu Chromium/37.0.2062.120 Chrome/37.0.2062.120 Safari/537.36'),(284,'$pbkdf2-sha256$200$8R7jnDPGmLPW.p8TgrC2dg$FZJHNNsUT7OZW5RC52iL65gk9MqJjtzV133m2FklJYM1435081288',1,16,'2015-06-23 17:41:28',NULL,'192.168.1.3',0,'Mozilla/5.0 (X11; Linux x86_64) AppleWebKit/537.36 (KHTML, like Gecko) Ubuntu Chromium/37.0.2062.120 Chrome/37.0.2062.120 Safari/537.36'),(285,'$pbkdf2-sha256$200$WAtBiBEihNA6B0AIYaxVag$Tb2P02XVTH4I.w0pMtCia2i/G3SfMIsRb8jamFSkq/M1435081319',1,17,'2015-06-23 17:41:59',NULL,'192.168.1.3',0,'Mozilla/5.0 (X11; Ubuntu; Linux x86_64; rv:26.0) Gecko/20100101 Firefox/26.0'),(286,'$pbkdf2-sha256$200$E0KIsRYiREiJkZKytrYWQg$r9xE5oMuZZwzF6YldnFc/pX0flPrKm/y2khHVf6DLxI1435149494',1,16,'2015-06-24 12:38:14',NULL,'192.168.1.140',0,'Mozilla/5.0 (X11; Linux x86_64) AppleWebKit/537.36 (KHTML, like Gecko) Ubuntu Chromium/37.0.2062.120 Chrome/37.0.2062.120 Safari/537.36'),(287,'$pbkdf2-sha256$200$OIdQ6l3r3fv/P4cQAgCAkA$rSlAniR/1/rAOBog1DRFoYt/SphagTHRwr/PTT.tYhU1435239431',1,16,'2015-06-25 13:37:11',NULL,'192.168.1.46',0,'Mozilla/5.0 (X11; Ubuntu; Linux x86_64; rv:26.0) Gecko/20100101 Firefox/26.0'),(288,'$pbkdf2-sha256$200$7T0nJAQAwNh7bw0BYKw1Zg$lrGf7hOlDb5Mmh24GbNFiAwUGUSFVbnq5fo6ponPhjw1435251212',1,16,'2015-06-25 16:53:32',NULL,'192.168.1.4',0,'Mozilla/5.0 (X11; Ubuntu; Linux x86_64; rv:26.0) Gecko/20100101 Firefox/26.0'),(289,'$pbkdf2-sha256$200$ZszZ2/v/P2dMyRlj7H0vxQ$OZYiySRSpc9onq361E0HVD7u3lAOX0A/wSvdL29tYbM1435252016',1,17,'2015-06-25 17:06:56',NULL,'192.168.1.4',0,'Mozilla/5.0 (X11; Linux x86_64) AppleWebKit/537.36 (KHTML, like Gecko) Ubuntu Chromium/37.0.2062.120 Chrome/37.0.2062.120 Safari/537.36'),(290,'$pbkdf2-sha256$200$RUjpvTfGWOt9DyGE8J7zvg$1r7XGxEOXoNClh.tnXrr4vjWTwTKCLOaFeWXx3OuGfA1435295145',1,16,'2015-06-26 05:05:45',NULL,'192.168.1.27',0,'Mozilla/5.0 (X11; Ubuntu; Linux x86_64; rv:26.0) Gecko/20100101 Firefox/26.0'),(291,'$pbkdf2-sha256$200$VKoVgpAyhvC.N0bIOWestQ$htfwmg5HDOdsmZm9e9U6VHj.NpNrjD99zpYbbOLxv7k1435317486',1,17,'2015-06-26 11:18:06',NULL,'192.168.1.27',0,'Mozilla/5.0 (X11; Linux x86_64) AppleWebKit/537.36 (KHTML, like Gecko) Ubuntu Chromium/37.0.2062.120 Chrome/37.0.2062.120 Safari/537.36'),(292,'$pbkdf2-sha256$200$KqVUas15D6FUitF6b805xw$YLlnFBdY6LrBTOb6N3nQHgQ/IGd5JXeje3cGNs73RwA1435337887',1,16,'2015-06-26 16:58:07',NULL,'192.168.1.4',0,'Mozilla/5.0 (X11; Ubuntu; Linux x86_64; rv:26.0) Gecko/20100101 Firefox/26.0'),(293,'$pbkdf2-sha256$200$j5Fybo3xfs85B0AIgXDOeQ$eOmcMfwasEL9JLk8SohAoAfuiBtso/XniUu0nvGBeQc1435343515',1,17,'2015-06-26 18:31:55',NULL,'192.168.1.4',0,'Mozilla/5.0 (X11; Linux x86_64) AppleWebKit/537.36 (KHTML, like Gecko) Ubuntu Chromium/37.0.2062.120 Chrome/37.0.2062.120 Safari/537.36'),(294,'$pbkdf2-sha256$200$Vaq1tvZ.TynlXKsVIqT0fg$SX8DfO3SMt5WcRG98oo0yByZPVFiI2TgWLah7Bg.8241435383137',1,16,'2015-06-27 05:32:17',NULL,'192.168.1.27',0,'Mozilla/5.0 (X11; Ubuntu; Linux x86_64; rv:26.0) Gecko/20100101 Firefox/26.0'),(295,'$pbkdf2-sha256$200$LMWYE2IsBQDAGEMoZUxprQ$qidrVz0o0ZpsjoZBmEMd/riDtI5gQz7UdvVq0hxDxoE1435408569',1,16,'2015-06-27 12:36:09',NULL,'192.168.1.3',0,'Mozilla/5.0 (X11; Linux x86_64) AppleWebKit/537.36 (KHTML, like Gecko) Ubuntu Chromium/37.0.2062.120 Chrome/37.0.2062.120 Safari/537.36'),(296,'$pbkdf2-sha256$200$KEXI2dvb.98bo5Ty3htDCA$6wk8xK7PjGhYmUZtveSH/8yY/jl6wJ8WzjkfQwxKLzI1435408594',1,17,'2015-06-27 12:36:34',NULL,'192.168.1.3',0,'Mozilla/5.0 (X11; Ubuntu; Linux x86_64; rv:26.0) Gecko/20100101 Firefox/26.0'),(297,'$pbkdf2-sha256$200$RqiVMuYcYwyBMCaEMOacsw$/ZO.K/t0.hR9sR9pv02Z3TRCSH9tC2Lth07IOOMTRnE1435426818',1,16,'2015-06-27 17:40:18',NULL,'192.168.1.3',0,'Mozilla/5.0 (X11; Linux x86_64) AppleWebKit/537.36 (KHTML, like Gecko) Ubuntu Chromium/37.0.2062.120 Chrome/37.0.2062.120 Safari/537.36'),(298,'$pbkdf2-sha256$200$p9TauxfiPMfYmxPC.P/fWw$5JVj3AtM462r/9gfI1ZOdygfyCuG1rFo8llVh/i07to1435464917',1,16,'2015-06-28 04:15:17',NULL,'127.0.0.1',0,'Mozilla/5.0 (X11; Ubuntu; Linux x86_64; rv:26.0) Gecko/20100101 Firefox/26.0'),(299,'$pbkdf2-sha256$200$R4hxTsm5VyoF4HxPifF.7w$Qc9/hMIJbqDcKqq4HPhxsd.sn952MTSGoRE4zFAWsgM1435467522',1,17,'2015-06-28 04:58:42',NULL,'127.0.0.1',0,'Mozilla/5.0 (X11; Linux x86_64) AppleWebKit/537.36 (KHTML, like Gecko) Ubuntu Chromium/37.0.2062.120 Chrome/37.0.2062.120 Safari/537.36'),(300,'$pbkdf2-sha256$200$RYhRCuFc6x1DyJnz/r8XQg$mquHFh6/QIyLszs22.rujt7JRI.Rc72rPsO.DNxOILI1435500702',1,17,'2015-06-28 14:11:42',NULL,'192.168.1.2',0,'Mozilla/5.0 (X11; Linux x86_64) AppleWebKit/537.36 (KHTML, like Gecko) Ubuntu Chromium/37.0.2062.120 Chrome/37.0.2062.120 Safari/537.36'),(301,'$pbkdf2-sha256$200$tfbeWwtBCEGIsTbGeO.d0w$9ojfcUmDVh9/VBhf9GKw2rMLaQwBV.J3XeGAvBdghaY1435500727',1,16,'2015-06-28 14:12:07',NULL,'192.168.1.2',0,'Mozilla/5.0 (X11; Ubuntu; Linux x86_64; rv:26.0) Gecko/20100101 Firefox/26.0'),(302,'$pbkdf2-sha256$200$Ver9n7N2jvG.l5JyjjEmZA$ZPez0xIpPK24eo47B9TmXwxgUxbfWqESh9CsaZF14As1435679773',1,17,'2015-06-30 15:56:13',NULL,'192.168.1.4',0,'Mozilla/5.0 (X11; Linux x86_64) AppleWebKit/537.36 (KHTML, like Gecko) Ubuntu Chromium/37.0.2062.120 Chrome/37.0.2062.120 Safari/537.36'),(303,'$pbkdf2-sha256$200$ojRG6N17D0Fozfk/h9Damw$0trBgcDmnDgk7fuYm4LljNHX7FGADa0FSwYIasuadzI1435679789',1,16,'2015-06-30 15:56:29',NULL,'192.168.1.4',0,'Mozilla/5.0 (X11; Ubuntu; Linux x86_64; rv:26.0) Gecko/20100101 Firefox/26.0'),(304,'$pbkdf2-sha256$200$GQNAqHXunfM.h/D.X.ud0w$35F9eRFSiPXnEAMRck588hk/55KPZndHFxRf6eZZx301435734007',1,16,'2015-07-01 07:00:07',NULL,'192.168.1.31',0,'Mozilla/5.0 (X11; Ubuntu; Linux x86_64; rv:26.0) Gecko/20100101 Firefox/26.0'),(305,'$pbkdf2-sha256$200$Sam1ljLGOIeQUmptjREiBA$kijKzTcf8XBHcx8MBeTxg1Bevs3ufsMyph7COyxAYTU1435767521',1,16,'2015-07-01 16:18:41',NULL,'192.168.1.4',0,'Mozilla/5.0 (X11; Linux x86_64) AppleWebKit/537.36 (KHTML, like Gecko) Ubuntu Chromium/37.0.2062.120 Chrome/37.0.2062.120 Safari/537.36'),(306,'$pbkdf2-sha256$200$AABgTEmJkVLq/b83BgAgRA$9hs0fzpUIk005Jb5JGizwkOHqAN.Q6nvpuQrbNsdYiA1435767866',1,17,'2015-07-01 16:24:26',NULL,'192.168.1.4',0,'Mozilla/5.0 (X11; Linux x86_64) AppleWebKit/537.36 (KHTML, like Gecko) Ubuntu Chromium/37.0.2062.120 Chrome/37.0.2062.120 Safari/537.36'),(307,'$pbkdf2-sha256$200$CqH0HsP4f89Za40xZmxtbQ$XuflWckFNh2mS5kV/JK50Ua9jfoBSZCjB8uuLEvUxGc1435768633',1,16,'2015-07-01 16:37:13',NULL,'192.168.1.4',0,'Mozilla/5.0 (X11; Ubuntu; Linux x86_64; rv:26.0) Gecko/20100101 Firefox/26.0'),(308,'$pbkdf2-sha256$200$idH6v3eu1Vqr1fp/z/mfsw$JzgeFnIbI/lyB033zc/ehcxvDgpyUKeeMn9ISm6Set01435776870',1,16,'2015-07-01 18:54:30',NULL,'192.168.1.2',0,'Mozilla/5.0 (X11; Ubuntu; Linux x86_64; rv:26.0) Gecko/20100101 Firefox/26.0'),(309,'$pbkdf2-sha256$200$.J8zZoyREiLkfC8lBACgtA$U8mXBO4A8DcFST/Kmw5TTULKcHlCP5yH7ga7jJZR4OE1435776894',1,17,'2015-07-01 18:54:54',NULL,'192.168.1.2',0,'Mozilla/5.0 (X11; Linux x86_64) AppleWebKit/537.36 (KHTML, like Gecko) Ubuntu Chromium/37.0.2062.120 Chrome/37.0.2062.120 Safari/537.36'),(310,'$pbkdf2-sha256$200$gdB6L.V8b80Zo5SS0prTmg$f52mD0dU2Uc9iCIJWVKKSrM3FN9DwhHmf/lvHK.Fzic1435837555',1,16,'2015-07-02 11:45:55',NULL,'192.168.1.47',0,'Mozilla/5.0 (X11; Ubuntu; Linux x86_64; rv:26.0) Gecko/20100101 Firefox/26.0'),(311,'$pbkdf2-sha256$200$nNOaEwIgxDjnHOPce28thQ$2pVl1C4tK2zZkbXPMfc/Zv36J9aQJ2FzWm7OEBiMB/A1435837584',1,17,'2015-07-02 11:46:24',NULL,'192.168.1.47',0,'Mozilla/5.0 (X11; Linux x86_64) AppleWebKit/537.36 (KHTML, like Gecko) Ubuntu Chromium/37.0.2062.120 Chrome/37.0.2062.120 Safari/537.36'),(312,'$pbkdf2-sha256$200$3zsHwBhj7P2/19q7V0opxQ$udQBh/fnvd0rTq3F.I5Qi9Wn7MNLornOFfLZuF1TFRw1435854485',1,17,'2015-07-02 16:28:05',NULL,'192.168.1.4',0,'Mozilla/5.0 (X11; Linux x86_64) AppleWebKit/537.36 (KHTML, like Gecko) Ubuntu Chromium/37.0.2062.120 Chrome/37.0.2062.120 Safari/537.36'),(313,'$pbkdf2-sha256$200$cy4FYAwBwFgLASCEUGotZQ$vzGstZcsw9YtHtK8uTv3qYUKxn2ny3j3lz1cu9U8Wgg1435867211',1,16,'2015-07-02 20:00:11',NULL,'192.168.1.4',0,'Mozilla/5.0 (X11; Ubuntu; Linux x86_64; rv:26.0) Gecko/20100101 Firefox/26.0'),(314,'$pbkdf2-sha256$200$CqGU8l5rbY0xRkiJ8X6P0Q$U20pia9vKW0HH8/sZXr/1EYHbadDk2sr40N/OJJ4gl41435869730',1,16,'2015-07-02 20:42:10',NULL,'192.168.1.3',0,'Mozilla/5.0 (X11; Ubuntu; Linux x86_64; rv:26.0) Gecko/20100101 Firefox/26.0'),(315,'$pbkdf2-sha256$200$nJOSsvb.H.M8h/A.59w7Jw$dGORPJnp3Xk9Bc841ZG5OMzxKQaRLU34JbaHyy86k841435869764',1,17,'2015-07-02 20:42:44',NULL,'192.168.1.3',0,'Mozilla/5.0 (X11; Linux x86_64) AppleWebKit/537.36 (KHTML, like Gecko) Ubuntu Chromium/37.0.2062.120 Chrome/37.0.2062.120 Safari/537.36'),(316,'$pbkdf2-sha256$200$JsTYW0uplXLOWctZSwkBIA$7SJnTwJMgVc2crLZVwqO3Yec92IOgPO4oRAnLub9C6w1435898343',1,16,'2015-07-03 04:39:03',NULL,'192.168.1.19',0,'Mozilla/5.0 (X11; Linux x86_64) AppleWebKit/537.36 (KHTML, like Gecko) Ubuntu Chromium/37.0.2062.120 Chrome/37.0.2062.120 Safari/537.36'),(317,'$pbkdf2-sha256$200$ntO611qrNcb4fy.ltLYWwg$PdkYaWEe1g00sFeMJl1oftEnXS47srDLtu/Sx1QUFXM1435898370',1,17,'2015-07-03 04:39:30',NULL,'192.168.1.19',0,'Mozilla/5.0 (X11; Ubuntu; Linux x86_64; rv:26.0) Gecko/20100101 Firefox/26.0'),(318,'$pbkdf2-sha256$200$9h5DSOn9v/c.h7DWOifkvA$6WC3pV15uUSj/J2mP1igdjg.Rmp5SYf54MTjHwQExYY1435919303',1,17,'2015-07-03 10:28:23',NULL,'192.168.1.19',0,'Mozilla/5.0 (X11; Linux x86_64) AppleWebKit/537.36 (KHTML, like Gecko) Ubuntu Chromium/37.0.2062.120 Chrome/37.0.2062.120 Safari/537.36'),(319,'$pbkdf2-sha256$200$kjLmHAOglLLW2vs/55wTYg$SaKIojjT76fE1X4PInoEonwq.PqUD.x6LmfHatBHGQM1435936821',1,17,'2015-07-03 15:20:21',NULL,'192.168.1.5',0,'Mozilla/5.0 (X11; Ubuntu; Linux x86_64; rv:26.0) Gecko/20100101 Firefox/26.0'),(320,'$pbkdf2-sha256$200$dO7dG.P8/7.X8t6bszam1A$EVGekH2syzX4BLV/YZWTmANjpviTcKF6pfaNn9HRELw1435936845',1,16,'2015-07-03 15:20:45',NULL,'192.168.1.5',0,'Mozilla/5.0 (X11; Linux x86_64) AppleWebKit/537.36 (KHTML, like Gecko) Ubuntu Chromium/37.0.2062.120 Chrome/37.0.2062.120 Safari/537.36'),(321,'$pbkdf2-sha256$200$0/rfW4vRmvP.3zuHEILQGg$rmeiYYP/F93VJsMQmn4rb2JXFvjsRC3HM6vHvygvnLw1435957511',1,17,'2015-07-03 21:05:11',NULL,'192.168.1.3',0,'Mozilla/5.0 (X11; Linux x86_64) AppleWebKit/537.36 (KHTML, like Gecko) Ubuntu Chromium/37.0.2062.120 Chrome/37.0.2062.120 Safari/537.36'),(322,'$pbkdf2-sha256$200$IETI.f8fw/g/5xwjxHjPGQ$fzz7p0vbpFJ/rFnud11Tx9HU3/PnLCgSex506kRctog1435957559',1,16,'2015-07-03 21:05:59',NULL,'192.168.1.3',0,'Mozilla/5.0 (X11; Ubuntu; Linux x86_64; rv:26.0) Gecko/20100101 Firefox/26.0'),(323,'$pbkdf2-sha256$200$pdR6731PaS2ltPZ.T.n93w$z9UqzBfG8TyojPWT0e85m73k.VsAo6C7LabSURr/yWU1436036371',1,16,'2015-07-04 18:59:31',NULL,'192.168.1.3',0,'Mozilla/5.0 (X11; Linux x86_64) AppleWebKit/537.36 (KHTML, like Gecko) Ubuntu Chromium/37.0.2062.120 Chrome/37.0.2062.120 Safari/537.36'),(324,'$pbkdf2-sha256$200$LwXAmJPSGqOUUmqtlZIyBg$kezkF8GRiSmOJnaabmHv7/gDCbcyJVEcPeHBxSZ5mqY1436036424',1,17,'2015-07-04 19:00:24',NULL,'192.168.1.3',0,'Mozilla/5.0 (X11; Linux x86_64) AppleWebKit/537.36 (KHTML, like Gecko) Ubuntu Chromium/37.0.2062.120 Chrome/37.0.2062.120 Safari/537.36'),(325,'$pbkdf2-sha256$200$4zyH0LpXKmVMaS2llNK6Fw$HGNLAeg5qpD4KoivXVU2MOUGzFcBQa1IabDX1ppkUHU1436173547',1,17,'2015-07-06 09:05:47',NULL,'192.168.1.4',0,'Mozilla/5.0 (X11; Linux x86_64) AppleWebKit/537.36 (KHTML, like Gecko) Ubuntu Chromium/37.0.2062.120 Chrome/37.0.2062.120 Safari/537.36'),(326,'$pbkdf2-sha256$200$WEuJEYIw5vyfM2aMUaq1dg$oheQ7TC/2TjYEXzaZvoVfw7z1xUXHpyZ6lXWKBhXhFo1436177429',1,17,'2015-07-06 10:10:29',NULL,'192.168.1.3',0,'Mozilla/5.0 (X11; Linux x86_64) AppleWebKit/537.36 (KHTML, like Gecko) Ubuntu Chromium/37.0.2062.120 Chrome/37.0.2062.120 Safari/537.36'),(327,'$pbkdf2-sha256$200$mXOulVIqBQDgvBfC2JsT4g$lgKz55RmngIwPb7l0PMnuox2YjFGEzNnMIzlR4f0cJU1436246252',1,17,'2015-07-07 05:17:32',NULL,'192.168.1.29',0,'Mozilla/5.0 (X11; Linux x86_64) AppleWebKit/537.36 (KHTML, like Gecko) Ubuntu Chromium/37.0.2062.120 Chrome/37.0.2062.120 Safari/537.36'),(328,'$pbkdf2-sha256$200$nRNi7F0LQYiRkrIWIqR0jg$oEw3ckVQA7/LM/DD5W5d0jW2vzkuqV8/ce/yTB1M06s1436252077',1,16,'2015-07-07 06:54:37',NULL,'192.168.1.29',0,'Mozilla/5.0 (X11; Linux x86_64) AppleWebKit/537.36 (KHTML, like Gecko) Ubuntu Chromium/37.0.2062.120 Chrome/37.0.2062.120 Safari/537.36'),(329,'$pbkdf2-sha256$200$S8kZY6xV6h0j5FwrJUSIMQ$JLxxs6jhY515SpZflAXUMuedKDbq3YYtNQLe7JZrKWw1436285784',1,17,'2015-07-07 16:16:24',NULL,'192.168.1.4',0,'Mozilla/5.0 (X11; Linux x86_64) AppleWebKit/537.36 (KHTML, like Gecko) Ubuntu Chromium/37.0.2062.120 Chrome/37.0.2062.120 Safari/537.36'),(330,'$pbkdf2-sha256$200$izHmnFNqTclZa20tJaS09g$38CDTvnWKT3jkjoCcB8sOLyqoHWMW3WJbAfdjepWDkU1436285817',1,16,'2015-07-07 16:16:57',NULL,'192.168.1.4',0,'Mozilla/5.0 (X11; Ubuntu; Linux x86_64; rv:26.0) Gecko/20100101 Firefox/26.0'),(331,'$pbkdf2-sha256$200$SwlBqPW.1zrnvPd.L6V0Tg$CVejyrg.fMM5lSeBBAlzIsZc5ayuXkXd0cwxGgNL5Tc1436303236',1,17,'2015-07-07 21:07:16',NULL,'192.168.1.2',0,'Mozilla/5.0 (Linux; U; Android 4.1.2; en-us; GT-S6812 Build/JZO54K) AppleWebKit/534.30 (KHTML, like Gecko) Version/4.0 Mobile Safari/534.30'),(332,'$pbkdf2-sha256$200$AaDUOud8L2XsnTNm7P1fSw$JEZ4y8BfWLWJA6EUL3UtHpyWgRMSJEOsMvwqbB8P6Rs1436304198',1,16,'2015-07-07 21:23:18',NULL,'192.168.1.2',0,'Mozilla/5.0 (X11; Ubuntu; Linux x86_64; rv:26.0) Gecko/20100101 Firefox/26.0'),(333,'$pbkdf2-sha256$200$UMpZi5HynpMypvReq9W69w$4RTwVvQzHH7IMnpa6iagOFSgO4aWiFSvB94QBMz2yp41436304239',1,17,'2015-07-07 21:23:59',NULL,'192.168.1.2',0,'Mozilla/5.0 (X11; Linux x86_64) AppleWebKit/537.36 (KHTML, like Gecko) Ubuntu Chromium/37.0.2062.120 Chrome/37.0.2062.120 Safari/537.36'),(334,'$pbkdf2-sha256$200$5/w/x1jrXUvpHUNICUGotQ$yIKf9pVdHbRSSHcEUWnu5rQk5kkMGkVbqv.FQcy81Ps1436337806',1,17,'2015-07-08 06:43:26',NULL,'192.168.1.28',0,'Mozilla/5.0 (X11; Linux x86_64) AppleWebKit/537.36 (KHTML, like Gecko) Ubuntu Chromium/37.0.2062.120 Chrome/37.0.2062.120 Safari/537.36'),(335,'$pbkdf2-sha256$200$55yzVkopZcx5r/Ve650Tog$7jRvbCJ4YrgJ6EhCIYj66g6SCZeHejlKGP0JDd5iLJg1436376328',1,16,'2015-07-08 17:25:28',NULL,'192.168.1.4',0,'Mozilla/5.0 (X11; Ubuntu; Linux x86_64; rv:26.0) Gecko/20100101 Firefox/26.0'),(336,'$pbkdf2-sha256$200$9B6D8P7f2zundO6d0/q/dw$FPpx40uyDV40Apdl5YdYlPKJhev5/HhulDCNmv7UalQ1436376347',1,18,'2015-07-08 17:25:47',NULL,'192.168.1.4',0,'Mozilla/5.0 (X11; Linux x86_64) AppleWebKit/537.36 (KHTML, like Gecko) Ubuntu Chromium/37.0.2062.120 Chrome/37.0.2062.120 Safari/537.36'),(337,'$pbkdf2-sha256$200$LMU4BwAAAEDoXYvxvtcaYw$TiWh8t.YsDhzv12L2XTDCSLTVZ5ocM2LLWOhSopYbh01436376478',1,17,'2015-07-08 17:27:58',NULL,'192.168.1.4',0,'Mozilla/5.0 (X11; Linux x86_64) AppleWebKit/537.36 (KHTML, like Gecko) Ubuntu Chromium/37.0.2062.120 Chrome/37.0.2062.120 Safari/537.36'),(338,'$pbkdf2-sha256$200$Xst5713rHeP8f0/JGeO8Nw$/pTbwcJJo2L/gD8En4/YRmiHJCdt8yljJvbey0ZCJLM1436384787',1,16,'2015-07-08 19:46:27',NULL,'192.168.1.4',0,'Mozilla/5.0 (X11; Ubuntu; Linux x86_64; rv:26.0) Gecko/20100101 Firefox/26.0'),(339,'$pbkdf2-sha256$200$954TQqhVypmTsnZubW0NwQ$DeaLipI6bVSo0/AEii9YFUEHCjbb/.vj.R3Ig8Awlak1436384804',1,17,'2015-07-08 19:46:44',NULL,'192.168.1.4',0,'Mozilla/5.0 (X11; Ubuntu; Linux x86_64; rv:26.0) Gecko/20100101 Firefox/26.0'),(340,'$pbkdf2-sha256$200$do6Rco7x/h.DkPKeE2KMsQ$C9rlIIjgPE/mYRpBypcONtrH/b7LApnh7bSzB45PVPE1436428069',1,16,'2015-07-09 07:47:49',NULL,'192.168.1.21',0,'Mozilla/5.0 (X11; Ubuntu; Linux x86_64; rv:26.0) Gecko/20100101 Firefox/26.0'),(341,'$pbkdf2-sha256$200$R4gRYszZe28tZWxtzfnfmw$yOtNfY5bzZBKxxo4D03j4KGpreU2ioqM44n/qOiNJOs1436431443',1,17,'2015-07-09 08:44:03',NULL,'192.168.1.21',0,'Mozilla/5.0 (X11; Linux x86_64) AppleWebKit/537.36 (KHTML, like Gecko) Ubuntu Chromium/37.0.2062.120 Chrome/37.0.2062.120 Safari/537.36'),(342,'$pbkdf2-sha256$200$0Nq719obA0CoFQLgnBNi7A$jfOW8BPYeS4oRT1CcFAz2gkGuz48tiYIztn3okRNF701436462958',1,16,'2015-07-09 17:29:18',NULL,'192.168.1.4',0,'Mozilla/5.0 (X11; Linux x86_64) AppleWebKit/537.36 (KHTML, like Gecko) Ubuntu Chromium/37.0.2062.120 Chrome/37.0.2062.120 Safari/537.36'),(343,'$pbkdf2-sha256$200$MkYIIaQUgnCu1fof4xzD2A$Jqq54Rc7Htzn3GkG4UXHMwRULwoqwmHthYb5h4ZVvWg1436471498',1,16,'2015-07-09 19:51:38',NULL,'192.168.1.4',0,'Mozilla/5.0 (X11; Ubuntu; Linux x86_64; rv:26.0) Gecko/20100101 Firefox/26.0'),(344,'$pbkdf2-sha256$200$zZkTgnBOaa11TgnB2NtbKw$ihjQCvlbQJg7OwyUNM18/dPpf8g.e.IJoF1i8DOK3vI1436545922',1,16,'2015-07-10 16:32:02',NULL,'192.168.1.4',0,'Mozilla/5.0 (X11; Linux x86_64) AppleWebKit/537.36 (KHTML, like Gecko) Ubuntu Chromium/37.0.2062.120 Chrome/37.0.2062.120 Safari/537.36'),(345,'$pbkdf2-sha256$200$k1IKISSkFCJEaC0lBEAoJQ$hVLxQ234SiL/E0ynMxolKq3I/UH13h8wh0mjTEEJM.M1436545940',1,17,'2015-07-10 16:32:20',NULL,'192.168.1.4',0,'Mozilla/5.0 (X11; Linux x86_64) AppleWebKit/537.36 (KHTML, like Gecko) Ubuntu Chromium/37.0.2062.120 Chrome/37.0.2062.120 Safari/537.36'),(346,'$pbkdf2-sha256$200$JkSoFaK0lrJ2LuWcEwIgZA$cexHuKAm31C7So3SdZgfLGeKYBDNv2tNWnNUz4bC0Pw1436552789',1,17,'2015-07-10 18:26:29',NULL,'192.168.1.2',0,'Mozilla/5.0 (X11; Linux x86_64) AppleWebKit/537.36 (KHTML, like Gecko) Ubuntu Chromium/37.0.2062.120 Chrome/37.0.2062.120 Safari/537.36'),(347,'$pbkdf2-sha256$200$OqeUUmrtvbeW0tobA.Dc.w$tzjR/RCrd3UfKhlVCawDLAwjbSLkN.omWYJ0I69j9As1436555809',1,17,'2015-07-10 19:16:49',NULL,'192.168.1.3',0,'Mozilla/5.0 (X11; Linux x86_64) AppleWebKit/537.36 (KHTML, like Gecko) Ubuntu Chromium/37.0.2062.120 Chrome/37.0.2062.120 Safari/537.36'),(348,'$pbkdf2-sha256$200$RijlnPMeI4SQcm6NUYoRwg$V/qGN/Jgirvyx7lcUqYyW6NAstr4JDNSIjimJMtrjjI1436579413',1,16,'2015-07-11 01:50:13',NULL,'192.168.1.3',0,'Mozilla/5.0 (X11; Ubuntu; Linux x86_64; rv:26.0) Gecko/20100101 Firefox/26.0'),(349,'$pbkdf2-sha256$200$tJZSqlUqBYDwPgfgHKNUqg$wPpumikk29gCvXXxFwskUIZwKEk44OnN3h1HfZyOUUQ1436772103',1,16,'2015-07-13 07:21:43',NULL,'192.168.1.39',0,'Mozilla/5.0 (X11; Linux x86_64) AppleWebKit/537.36 (KHTML, like Gecko) Ubuntu Chromium/37.0.2062.120 Chrome/37.0.2062.120 Safari/537.36'),(350,'$pbkdf2-sha256$200$G6NU6v2/1xpjrBUihPA.xw$ne.k1Cx9PuPB9iS8sLnzzYewK5.4P.beptMTEc10Aus1436801313',1,16,'2015-07-13 15:28:33',NULL,'192.168.1.4',0,'Mozilla/5.0 (X11; Linux x86_64) AppleWebKit/537.36 (KHTML, like Gecko) Ubuntu Chromium/37.0.2062.120 Chrome/37.0.2062.120 Safari/537.36'),(351,'$pbkdf2-sha256$200$9j6HcA4hRGjtHeN8r/Ve6w$XM8.eNdKB4KEXzyGWOZ2nQPb6kH6dY4FaSGNOKkbX/E1436851540',1,17,'2015-07-14 05:25:40',NULL,'192.168.1.42',0,'Mozilla/5.0 (X11; Linux x86_64) AppleWebKit/537.36 (KHTML, like Gecko) Ubuntu Chromium/37.0.2062.120 Chrome/37.0.2062.120 Safari/537.36'),(352,'$pbkdf2-sha256$200$yNk7R8gZI4RwjjHmXAuBsA$HOFeFERP0t9fu/l2BjeKKnRQNnqSjumKDtroojW5iWs1436891781',1,16,'2015-07-14 16:36:21',NULL,'192.168.1.4',0,'Mozilla/5.0 (X11; Linux x86_64) AppleWebKit/537.36 (KHTML, like Gecko) Ubuntu Chromium/37.0.2062.120 Chrome/37.0.2062.120 Safari/537.36'),(353,'$pbkdf2-sha256$200$Oqf03nsPwVjrXcs5B.A8Jw$9aNMUAwkMO3rzKcg0TE2YwSraY.PgavrYTGjIlc38qQ1436978764',1,17,'2015-07-15 16:46:04',NULL,'192.168.1.5',0,'Mozilla/5.0 (X11; Linux x86_64) AppleWebKit/537.36 (KHTML, like Gecko) Ubuntu Chromium/37.0.2062.120 Chrome/37.0.2062.120 Safari/537.36'),(354,'$pbkdf2-sha256$200$5rxXirF2DiGklHLOGSMEIA$Rcw/ozLnO456qOclaj7byoXtr/lXfmseuLcu7fzFnr01436978929',1,16,'2015-07-15 16:48:49',NULL,'192.168.1.5',0,'Mozilla/5.0 (X11; Ubuntu; Linux x86_64; rv:26.0) Gecko/20100101 Firefox/26.0'),(355,'$pbkdf2-sha256$200$n1NqLUXIubdWqnXu3XuPcQ$Dcup10EMBDTgqwQqdEFisKVd8iRQqHsvJSqV/MmpQh41436993535',1,16,'2015-07-15 20:52:15',NULL,'192.168.1.5',0,'Mozilla/5.0 (X11; Linux x86_64) AppleWebKit/537.36 (KHTML, like Gecko) Ubuntu Chromium/37.0.2062.120 Chrome/37.0.2062.120 Safari/537.36'),(356,'$pbkdf2-sha256$200$55wzJkTI.X9PqVWqtZaylg$Z/WKSEK/9sEfENz4qsTrBgIktbt/pCwco6zjH8799F81437064400',1,16,'2015-07-16 16:33:20',NULL,'192.168.1.3',0,'Mozilla/5.0 (X11; Ubuntu; Linux x86_64; rv:26.0) Gecko/20100101 Firefox/26.0'),(357,'$pbkdf2-sha256$200$lLL2fm9t7R1DKAWA0DqHcA$hjowylkN68ncA5LINe8dM4Yxn3F7UQv6XpoS2bl.58U1437064414',1,17,'2015-07-16 16:33:34',NULL,'192.168.1.3',0,'Mozilla/5.0 (X11; Linux x86_64) AppleWebKit/537.36 (KHTML, like Gecko) Ubuntu Chromium/37.0.2062.120 Chrome/37.0.2062.120 Safari/537.36'),(358,'$pbkdf2-sha256$200$UGoNofReC6FUak2p1RoDAA$mFffQt23n9FkhUTvRgAALyS2aia5VZWyQafqq/O6T/M1437066418',1,16,'2015-07-16 17:06:58',NULL,'192.168.1.3',0,'Mozilla/5.0 (X11; Ubuntu; Linux x86_64; rv:26.0) Gecko/20100101 Firefox/26.0'),(359,'$pbkdf2-sha256$200$bM1Zq3Xu/f8fI8Q4h9B6rw$J7VAgDJNzdjnOGtfUBP3wyp2x908KuKusmc19z.e2UM1437121989',1,17,'2015-07-17 08:33:09',NULL,'192.168.1.23',0,'Mozilla/5.0 (X11; Ubuntu; Linux x86_64; rv:26.0) Gecko/20100101 Firefox/26.0'),(360,'$pbkdf2-sha256$200$XSslxBhjrFXKGWNMSYkRQg$3Om0vTS/XNTgsgh1dypre/iI0qmPEK3TD.ZSiyiVnCE1437125333',1,16,'2015-07-17 09:28:53',NULL,'192.168.1.23',0,'Mozilla/5.0 (X11; Ubuntu; Linux x86_64; rv:26.0) Gecko/20100101 Firefox/26.0'),(361,'$pbkdf2-sha256$200$jTEm5HyPMab0HmMMgXAuhQ$GMAOfkAMMv.FJEaKJmQuuByh.gNUOKojWmvataE6cGo1437150220',1,17,'2015-07-17 16:23:40',NULL,'192.168.1.5',0,'Mozilla/5.0 (X11; Linux x86_64) AppleWebKit/537.36 (KHTML, like Gecko) Ubuntu Chromium/37.0.2062.120 Chrome/37.0.2062.120 Safari/537.36'),(362,'$pbkdf2-sha256$200$cI6REiKkdI4RojRmTEkpRQ$blHuLqWZpg488V9JJoFWHYmwnwQJS/zLhINP3/cjzoc1437150257',1,16,'2015-07-17 16:24:17',NULL,'192.168.1.5',0,'Mozilla/5.0 (X11; Ubuntu; Linux x86_64; rv:26.0) Gecko/20100101 Firefox/26.0'),(363,'$pbkdf2-sha256$200$jlGqtZYSAoBQSuk9R8gZYw$woBYSSssJjhVy2ed.H5AXIRa0Q3r1C727R.umEngAKM1437407530',1,16,'2015-07-20 15:52:10',NULL,'192.168.1.4',0,'Mozilla/5.0 (X11; Linux x86_64) AppleWebKit/537.36 (KHTML, like Gecko) Ubuntu Chromium/37.0.2062.120 Chrome/37.0.2062.120 Safari/537.36'),(364,'$pbkdf2-sha256$200$ZYxxDmGsNYYQAgAgpFQK4Q$ckS4GBc0y69ZYJ46Fv9Q7vfcg0fnC1MCBD0Gx/Hu/E41437422413',1,16,'2015-07-20 20:00:13',NULL,'192.168.1.4',0,'Mozilla/5.0 (X11; Linux x86_64) AppleWebKit/537.36 (KHTML, like Gecko) Ubuntu Chromium/37.0.2062.120 Chrome/37.0.2062.120 Safari/537.36'),(365,'$pbkdf2-sha256$200$dG6NkTLmXIvxvtea874XQg$DzHf5yZo2pGUn4hgCMjCpMZC/Ty050zZbKFcwHTdxZE1437422520',1,17,'2015-07-20 20:02:00',NULL,'192.168.1.4',0,'Mozilla/5.0 (X11; Linux x86_64) AppleWebKit/537.36 (KHTML, like Gecko) Ubuntu Chromium/37.0.2062.120 Chrome/37.0.2062.120 Safari/537.36'),(366,'$pbkdf2-sha256$200$7B3jnLOW8h7jPOf8P8eYsw$ZNzAXR6iGxXgyBMPFAqS07kqj/0308/T1V0hKj9zfOg1437422630',1,16,'2015-07-20 20:03:50',NULL,'192.168.1.4',0,'Mozilla/5.0 (X11; Linux x86_64) AppleWebKit/537.36 (KHTML, like Gecko) Ubuntu Chromium/37.0.2062.120 Chrome/37.0.2062.120 Safari/537.36'),(367,'$pbkdf2-sha256$200$XqvVeo9xznlvzbkXYmxtDQ$xgIi.vgUafR8OrwqbQtXv9TkRK0eakBj2jp235qLRmo1437424298',1,16,'2015-07-20 20:31:38',NULL,'192.168.1.4',0,'Mozilla/5.0 (X11; Linux x86_64) AppleWebKit/537.36 (KHTML, like Gecko) Ubuntu Chromium/37.0.2062.120 Chrome/37.0.2062.120 Safari/537.36'),(368,'$pbkdf2-sha256$200$6L1XilFqDQEgRIjxnnOOUQ$wbH.OsNAOFwGHNTrH62wQa3jtiZEEuVOdlaa2YlY7Rc1437435268',1,16,'2015-07-20 23:34:28',NULL,'192.168.1.4',0,'Mozilla/5.0 (X11; Linux x86_64) AppleWebKit/537.36 (KHTML, like Gecko) Ubuntu Chromium/37.0.2062.120 Chrome/37.0.2062.120 Safari/537.36'),(369,'$pbkdf2-sha256$200$pHSOkTJGaE2JkRIi5DxHyA$o9MwRbzOz2vmCylWDQqICp0RNKh8DZjrvGjZGPiEaBQ1437435317',1,17,'2015-07-20 23:35:17',NULL,'192.168.1.4',0,'Mozilla/5.0 (X11; Linux x86_64) AppleWebKit/537.36 (KHTML, like Gecko) Ubuntu Chromium/37.0.2062.120 Chrome/37.0.2062.120 Safari/537.36'),(370,'$pbkdf2-sha256$200$D2EspVQK4byXklJK6R0jpA$R6OuCOaTNMC6/zU25pEd2kBbbynCUyaJ2sLf1RFYZPc1437435472',1,16,'2015-07-20 23:37:52',NULL,'192.168.1.4',0,'Mozilla/5.0 (X11; Linux x86_64) AppleWebKit/537.36 (KHTML, like Gecko) Ubuntu Chromium/37.0.2062.120 Chrome/37.0.2062.120 Safari/537.36'),(371,'$pbkdf2-sha256$200$DEEI4VyrVWpN6V1rbe095w$S6WeGB5ETkkJBWm2nb7vfoXxFsdGPZU9ZpHj00A7ICE1437458442',1,16,'2015-07-21 06:00:42',NULL,'192.168.1.37',0,'Mozilla/5.0 (X11; Linux x86_64) AppleWebKit/537.36 (KHTML, like Gecko) Ubuntu Chromium/37.0.2062.120 Chrome/37.0.2062.120 Safari/537.36'),(372,'$pbkdf2-sha256$200$HUNojZEyZsw5J4SwthYihA$HAOeLO4ltdvWoE/wVfetTaRBER9am1XMmbW3uNa5UCA1437495939',1,17,'2015-07-21 16:25:39',NULL,'192.168.1.4',0,'Mozilla/5.0 (X11; Ubuntu; Linux x86_64; rv:26.0) Gecko/20100101 Firefox/26.0'),(373,'$pbkdf2-sha256$200$7x0jRGhNac1ZK4WQcm4tRQ$HHZW2zrZRuMTkezAr4vBkPV0K.tReiZpDsCKtiszJig1437541305',1,16,'2015-07-22 05:01:45',NULL,'192.168.1.19',0,'Mozilla/5.0 (X11; Linux x86_64) AppleWebKit/537.36 (KHTML, like Gecko) Ubuntu Chromium/37.0.2062.120 Chrome/37.0.2062.120 Safari/537.36'),(374,'$pbkdf2-sha256$200$j7HWGoPQWqvVOgfAGIMwpg$EliDwMh31o1nu39aZYFRWWwgze.PhDIm3yLtABvoWd41437545671',1,17,'2015-07-22 06:14:31',NULL,'192.168.1.19',0,'Mozilla/5.0 (X11; Ubuntu; Linux x86_64; rv:26.0) Gecko/20100101 Firefox/26.0'),(375,'$pbkdf2-sha256$200$vffemzMGYIyREmIMAcDY2w$42Y9WWDotsoglAFcNvCPZAO4peXx1AE8ppANLjG7m9k1437584248',1,16,'2015-07-22 16:57:28',NULL,'192.168.1.4',0,'Mozilla/5.0 (X11; Linux x86_64) AppleWebKit/537.36 (KHTML, like Gecko) Ubuntu Chromium/37.0.2062.120 Chrome/37.0.2062.120 Safari/537.36'),(376,'$pbkdf2-sha256$200$OAeAkDJmDEGoVQpBSKnVWg$gehvRI19h2IA5Yp0rOV5h6RsaTd0sN3ZuirkQxmFxTg1437584273',1,17,'2015-07-22 16:57:53',NULL,'192.168.1.4',0,'Mozilla/5.0 (X11; Ubuntu; Linux x86_64; rv:26.0) Gecko/20100101 Firefox/26.0'),(377,'$pbkdf2-sha256$200$hvBeq9XaG0NIqXVOiVFKiQ$FhFvdPFYA1UfQRoE4DeLjkIDXG3mTEYJenolD9hhm541437669258',1,16,'2015-07-23 16:34:18',NULL,'192.168.1.4',0,'Mozilla/5.0 (X11; Linux x86_64) AppleWebKit/537.36 (KHTML, like Gecko) Ubuntu Chromium/37.0.2062.120 Chrome/37.0.2062.120 Safari/537.36'),(378,'$pbkdf2-sha256$200$YGwt5RzjnBMCQMi5l3LOuQ$CMTMUU4m0auVinsHNXPpxKUxj937e/FoNSZVr6vpKWY1437670119',1,17,'2015-07-23 16:48:39',NULL,'192.168.1.4',0,'Mozilla/5.0 (X11; Ubuntu; Linux x86_64; rv:26.0) Gecko/20100101 Firefox/26.0'),(379,'$pbkdf2-sha256$200$LCUkhNC6l3IOofR.T4nxXg$k6nnVKPlKl/5VT9vpfCBvuGv7.aC6C7Nwb9jmns02B81437721337',1,17,'2015-07-24 07:02:17',NULL,'192.168.1.149',0,'Mozilla/5.0 (X11; Ubuntu; Linux x86_64; rv:26.0) Gecko/20100101 Firefox/26.0'),(380,'$pbkdf2-sha256$200$3tvbe89ZC.EcA0AoBaBUyg$4haiVuVJ1XjN3VH4BFjmvb80csTBpxe2ulyMe/4ncD01437736300',1,17,'2015-07-24 11:11:40',NULL,'192.168.1.149',0,'Mozilla/5.0 (X11; Linux x86_64) AppleWebKit/537.36 (KHTML, like Gecko) Ubuntu Chromium/37.0.2062.120 Chrome/37.0.2062.120 Safari/537.36'),(381,'$pbkdf2-sha256$200$5hxjrBUipPQeQ8h5TymldA$faigOdbMef99zj5c6tKX4.ealNb7u7TmB88LybUUnEg1437736427',1,16,'2015-07-24 11:13:47',NULL,'192.168.1.149',0,'Mozilla/5.0 (X11; Linux x86_64) AppleWebKit/537.36 (KHTML, like Gecko) Ubuntu Chromium/37.0.2062.120 Chrome/37.0.2062.120 Safari/537.36'),(382,'$pbkdf2-sha256$200$AkAI4TyHEALgvJey1jqn1A$69L0sZfZEEwD9isePkRmMOf6fLuLYXPUS4I5CgtDeRs1437736509',1,18,'2015-07-24 11:15:09',NULL,'192.168.1.149',0,'Mozilla/5.0 (X11; Linux x86_64) AppleWebKit/537.36 (KHTML, like Gecko) Ubuntu Chromium/37.0.2062.120 Chrome/37.0.2062.120 Safari/537.36'),(383,'$pbkdf2-sha256$200$S0kphTDmnBMCAGCsVYoRgg$ZVoP.WezkqOoprGnhvYsvZknzAziSQ2ZxV8FC8lU5SU1437756191',1,16,'2015-07-24 16:43:11',NULL,'192.168.1.4',0,'Mozilla/5.0 (X11; Linux x86_64) AppleWebKit/537.36 (KHTML, like Gecko) Ubuntu Chromium/37.0.2062.120 Chrome/37.0.2062.120 Safari/537.36'),(384,'$pbkdf2-sha256$200$lpIS4rw3BsA4RwiBkHKOEQ$WYFLhPcRLnQhbcXed65Fru.WshZLR9eHHqalbi47OX01437757155',1,17,'2015-07-24 16:59:15',NULL,'192.168.1.4',0,'Mozilla/5.0 (X11; Ubuntu; Linux x86_64; rv:26.0) Gecko/20100101 Firefox/26.0'),(385,'$pbkdf2-sha256$200$EeI8Z6yV8t57r7X2nrO2Ng$LonajeMvJ93lL2LnsJiofjwlKS53o8M4CwILiMY3SSU1437761083',1,18,'2015-07-24 18:04:43',NULL,'192.168.1.4',0,'Mozilla/5.0 (X11; Ubuntu; Linux x86_64; rv:26.0) Gecko/20100101 Firefox/26.0'),(386,'$pbkdf2-sha256$200$u5dSSumdE0JISWmtNebc2w$7DXQacoTlAc10jygegRkIn8tP/RzanZVDRnEw3KHDm41437761131',1,17,'2015-07-24 18:05:31',NULL,'192.168.1.4',0,'Mozilla/5.0 (X11; Linux x86_64) AppleWebKit/537.36 (KHTML, like Gecko) Ubuntu Chromium/37.0.2062.120 Chrome/37.0.2062.120 Safari/537.36'),(387,'$pbkdf2-sha256$200$NCbE2Nu7N6aUUgrB.J8zxg$OkcQM98aOTNizXC0y/oLam2V9fBcID2OVzmh6Nf1v2U1437762987',1,16,'2015-07-24 18:36:27',NULL,'192.168.1.4',0,'Mozilla/5.0 (X11; Ubuntu; Linux x86_64; rv:26.0) Gecko/20100101 Firefox/26.0'),(388,'$pbkdf2-sha256$200$8H4P4RzDmJOSMoZwDuG8Fw$RYqvYFdaNFiZNjiDVlyIOOwtqsRjbdEKor9d.HLIa901437763406',1,18,'2015-07-24 18:43:26',NULL,'192.168.1.4',0,'Mozilla/5.0 (X11; Ubuntu; Linux x86_64; rv:26.0) Gecko/20100101 Firefox/26.0'),(389,'$pbkdf2-sha256$200$EMI4R8hZC4GQkhJC6J1Tqg$yAsWC1C2HjbLf479.aL0/vrysekVXfnK9NTrsv.t7kk1437838811',1,16,'2015-07-25 15:40:11',NULL,'192.168.1.3',0,'Mozilla/5.0 (X11; Linux x86_64) AppleWebKit/537.36 (KHTML, like Gecko) Ubuntu Chromium/37.0.2062.120 Chrome/37.0.2062.120 Safari/537.36'),(390,'$pbkdf2-sha256$200$mHNuLYXwXkvJGaP0PgfgfA$J1ddJOPF32qD1y1Jdf3/yboU3e1AHnoTt66rRxJZw8U1437838854',1,17,'2015-07-25 15:40:54',NULL,'192.168.1.3',0,'Mozilla/5.0 (X11; Ubuntu; Linux x86_64; rv:26.0) Gecko/20100101 Firefox/26.0'),(391,'$pbkdf2-sha256$200$M.ac0xpjrJWSEqKU8l4LYQ$lToBBhhiS2dn03LEZjJv1hCS0bYCVjt9BdishRtVoEQ1437882639',1,17,'2015-07-26 03:50:39',NULL,'192.168.1.4',0,'Mozilla/5.0 (X11; Linux x86_64) AppleWebKit/537.36 (KHTML, like Gecko) Ubuntu Chromium/37.0.2062.120 Chrome/37.0.2062.120 Safari/537.36'),(392,'$pbkdf2-sha256$200$oVQq5XyP0ZrTWivFeK91zg$dV1awcvbb1YLbY8ITUji71btf9phwSOdxQHewVlasT81438009502',1,16,'2015-07-27 15:05:02',NULL,'192.168.1.4',0,'Mozilla/5.0 (X11; Linux x86_64) AppleWebKit/537.36 (KHTML, like Gecko) Ubuntu Chromium/37.0.2062.120 Chrome/37.0.2062.120 Safari/537.36'),(393,'$pbkdf2-sha256$200$.v/fuxciBKA0BiCkNGZMKQ$n//LxYgTnrvHzNlp647BSKg/2FqMrxZDzByJ0kiqKUk1438009531',1,17,'2015-07-27 15:05:31',NULL,'192.168.1.4',0,'Mozilla/5.0 (X11; Ubuntu; Linux x86_64; rv:26.0) Gecko/20100101 Firefox/26.0'),(394,'$pbkdf2-sha256$200$ZAyhlNIaIySkVArh3Pu/Nw$sLKnrJg60E05c4y45hnicvVG0kRYOvIQAgk5qGN6yYc1438062657',1,16,'2015-07-28 05:50:57',NULL,'192.168.1.149',0,'Mozilla/5.0 (X11; Linux x86_64) AppleWebKit/537.36 (KHTML, like Gecko) Ubuntu Chromium/37.0.2062.120 Chrome/37.0.2062.120 Safari/537.36'),(395,'$pbkdf2-sha256$200$aI0RYowxBuA8B8A453xv7Q$d1WFB/YmCM3DMlRGl2PLkavtLROwWezDJ.XO9.CbYJU1438087635',1,17,'2015-07-28 12:47:15',NULL,'192.168.1.149',0,'Mozilla/5.0 (X11; Ubuntu; Linux x86_64; rv:26.0) Gecko/20100101 Firefox/26.0'),(396,'$pbkdf2-sha256$200$B8AYw1jrfQ9hrPX.f8/Zmw$nzfuaNomg.vULkz.uPwHq/8ALAtKSMgN3T/DlRwRdZI1438098119',1,17,'2015-07-28 15:41:59',NULL,'192.168.1.4',0,'Mozilla/5.0 (X11; Ubuntu; Linux x86_64; rv:26.0) Gecko/20100101 Firefox/26.0'),(397,'$pbkdf2-sha256$200$33uvda51LqVUqvWeE0KIUQ$BurXOLqz7bpOoQrn1VF19yaBOR/t7VGbWr5D2HYXyEo1438098158',1,16,'2015-07-28 15:42:38',NULL,'192.168.1.4',0,'Mozilla/5.0 (X11; Linux x86_64) AppleWebKit/537.36 (KHTML, like Gecko) Ubuntu Chromium/37.0.2062.120 Chrome/37.0.2062.120 Safari/537.36'),(398,'$pbkdf2-sha256$200$HsPY21uLkRLCGOMcg1CKsQ$cBA8XXqHnbQltE4E6uax6r4JUlC3MGmIOrvw55tWvcg1438101932',1,16,'2015-07-28 16:45:32',NULL,'192.168.1.4',0,'Mozilla/5.0 (X11; Linux x86_64) AppleWebKit/537.36 (KHTML, like Gecko) Ubuntu Chromium/37.0.2062.120 Chrome/37.0.2062.120 Safari/537.36'),(399,'$pbkdf2-sha256$200$qVXKeW.t9f5fi7EWAkBIaQ$Hevlf8Na3dIA8uzVRPS5WH306toeT6NCVGq6m5xsEHo1438147220',1,16,'2015-07-29 05:20:20',NULL,'192.168.1.149',0,'Mozilla/5.0 (X11; Linux x86_64) AppleWebKit/537.36 (KHTML, like Gecko) Ubuntu Chromium/37.0.2062.120 Chrome/37.0.2062.120 Safari/537.36'),(400,'$pbkdf2-sha256$200$4tybE.Jca60VIkQIgTBGKA$kQMiKRhO48sRHgV0kWLrj1LZo2dhDjNlSQDwJo6T4iE1438184831',1,17,'2015-07-29 15:47:11',NULL,'192.168.1.4',0,'Mozilla/5.0 (X11; Ubuntu; Linux x86_64; rv:26.0) Gecko/20100101 Firefox/26.0'),(401,'$pbkdf2-sha256$200$ECLknBMiZIyR0hoDAOCc8w$p0Qe0F9UFQTFgPkMIO9cpt6ZezJWH4vT5bp95grSdEg1438188372',1,16,'2015-07-29 16:46:12',NULL,'192.168.1.4',0,'Mozilla/5.0 (X11; Linux x86_64) AppleWebKit/537.36 (KHTML, like Gecko) Ubuntu Chromium/37.0.2062.120 Chrome/37.0.2062.120 Safari/537.36'),(402,'$pbkdf2-sha256$200$GYPQOofQGkNoba3VujdmTA$jGmgPrfUNXgB4gYnPbLNuk5coPC3z5su0oeAhx4duwM1438239702',1,16,'2015-07-30 07:01:42',NULL,'192.168.1.149',0,'Mozilla/5.0 (X11; Linux x86_64) AppleWebKit/537.36 (KHTML, like Gecko) Ubuntu Chromium/37.0.2062.120 Chrome/37.0.2062.120 Safari/537.36'),(403,'$pbkdf2-sha256$200$MUaodS5F6J3zfu.9l1Lq/Q$VfCSh3LbyM0A8tvPqgfe9PsdFWRGOhUevFIx3rz5Fxc1438275313',1,17,'2015-07-30 16:55:13',NULL,'192.168.1.4',0,'Mozilla/5.0 (X11; Linux x86_64) AppleWebKit/537.36 (KHTML, like Gecko) Ubuntu Chromium/37.0.2062.120 Chrome/37.0.2062.120 Safari/537.36'),(404,'$pbkdf2-sha256$200$nLOW0lpr7b1XCsE4B6CU0g$UJptUFMa0F.WO5iFgnDKOekwowr7Yw7iUP6SNKgkzdg1438275332',1,16,'2015-07-30 16:55:32',NULL,'192.168.1.4',0,'Mozilla/5.0 (X11; Ubuntu; Linux x86_64; rv:26.0) Gecko/20100101 Firefox/26.0'),(405,'$pbkdf2-sha256$200$EmLM2VtrrZXyvjcGYIwRQg$Kk5hib/vad3sJ20p1cZx91Si5sJRSPuft3iIS1rpK2I1438281467',1,16,'2015-07-30 18:37:47',NULL,'192.168.1.2',0,'Mozilla/5.0 (X11; Ubuntu; Linux x86_64; rv:26.0) Gecko/20100101 Firefox/26.0'),(406,'$pbkdf2-sha256$200$7f2/VwrBeE9pTUkJgbC2lg$3Y8tLl0iyQGxqeIxxkeAHHmr59Qi51NoGZSCj2n/UKM1438281956',1,17,'2015-07-30 18:45:56',NULL,'192.168.1.2',0,'Mozilla/5.0 (X11; Linux x86_64) AppleWebKit/537.36 (KHTML, like Gecko) Ubuntu Chromium/37.0.2062.120 Chrome/37.0.2062.120 Safari/537.36'),(407,'$pbkdf2-sha256$200$wdj7P4eQco7RWmvtvZeytg$nqFGFEVCcx.rYA1OeIlnGlvo6AwMyMHpbRLM58U4ugg1438327689',1,17,'2015-07-31 07:28:09',NULL,'192.168.1.149',0,'Mozilla/5.0 (X11; Ubuntu; Linux x86_64; rv:26.0) Gecko/20100101 Firefox/26.0'),(408,'$pbkdf2-sha256$200$AqA0RoiRMkZIqTUGgNBaSw$ncuOLGmvfLWSNlc7TpE6Fy14xeUYUx63fldsGvBBT6w1438368391',1,16,'2015-07-31 18:46:31',NULL,'192.168.1.2',0,'Mozilla/5.0 (X11; Ubuntu; Linux x86_64; rv:26.0) Gecko/20100101 Firefox/26.0'),(409,'$pbkdf2-sha256$200$ZKx1bm0tpTQGYOz9f89Zqw$aX/ThqzHzWKm..QRNecNtAsLq/CBXhYbSPnSdIvhsLE1438368406',1,17,'2015-07-31 18:46:46',NULL,'192.168.1.2',0,'Mozilla/5.0 (X11; Linux x86_64) AppleWebKit/537.36 (KHTML, like Gecko) Ubuntu Chromium/37.0.2062.120 Chrome/37.0.2062.120 Safari/537.36'),(410,'$pbkdf2-sha256$200$s9a6V6p17n1vbW3NmdNaCw$vEeZb1HasWvEKOPhoilkKL7Oe18b3xkIEuvO91B41CM1438454824',1,16,'2015-08-01 18:47:04',NULL,'192.168.1.2',0,'Mozilla/5.0 (X11; Ubuntu; Linux x86_64; rv:26.0) Gecko/20100101 Firefox/26.0'),(411,'$pbkdf2-sha256$200$i5Hyfk.JsRai1BpjrPXe2w$1P8JoggrAVsNUYLpxGnAn87VKr80h94Y4KKwddITK9I1438454853',1,17,'2015-08-01 18:47:33',NULL,'192.168.1.2',0,'Mozilla/5.0 (X11; Linux x86_64) AppleWebKit/537.36 (KHTML, like Gecko) Ubuntu Chromium/37.0.2062.120 Chrome/37.0.2062.120 Safari/537.36'),(412,'$pbkdf2-sha256$200$hDDm3FsL4Xzv/X/vHWMMAQ$UJp6Q70W.g2nM1IVo2l9lUx8DOWJmd3Yrigm9LZQtFI1438622481',1,17,'2015-08-03 17:21:21',NULL,'192.168.1.4',0,'Mozilla/5.0 (X11; Linux x86_64) AppleWebKit/537.36 (KHTML, like Gecko) Ubuntu Chromium/37.0.2062.120 Chrome/37.0.2062.120 Safari/537.36'),(413,'$pbkdf2-sha256$200$cY4xpjQmpHSudY7xfu9dKw$9P.J69c3yZBm6cIyg5N2IcbUmMdeqBPdlbngugjBZHI1438622507',1,16,'2015-08-03 17:21:47',NULL,'192.168.1.4',0,'Mozilla/5.0 (X11; Ubuntu; Linux x86_64; rv:26.0) Gecko/20100101 Firefox/26.0'),(414,'$pbkdf2-sha256$200$uXdOyVmLEaL0Xosxxlir1Q$2KJ8RA5SwFuS4PoCxSwGd/28SWqN3Plc1j6y.weFm9c1438709196',1,16,'2015-08-04 17:26:36',NULL,'192.168.1.4',0,'Mozilla/5.0 (X11; Ubuntu; Linux x86_64; rv:26.0) Gecko/20100101 Firefox/26.0'),(415,'$pbkdf2-sha256$200$DEFoDeG8d8557713DgGg9A$5GNna7mFbQLjVQiy5/wj9FYSSRX2zvrJUnrmGk14f2A1438709212',1,17,'2015-08-04 17:26:52',NULL,'192.168.1.4',0,'Mozilla/5.0 (X11; Linux x86_64) AppleWebKit/537.36 (KHTML, like Gecko) Ubuntu Chromium/37.0.2062.120 Chrome/37.0.2062.120 Safari/537.36'),(416,'$pbkdf2-sha256$200$Vqq1dq5VSonRGmMshbDWOg$dWDhMWThZAQ.N.MVm4uzNMLGk97KnFk.AFnW51Qe1ds1438716694',1,18,'2015-08-04 19:31:34',NULL,'192.168.1.4',0,'Mozilla/5.0 (X11; Ubuntu; Linux x86_64; rv:26.0) Gecko/20100101 Firefox/26.0'),(417,'$pbkdf2-sha256$200$aC2F8B7DuHcOoVTqfW8NgQ$GhKMZNV0SpZqFZTJXiUJm2HbCidDjVWLqUEIJBwSMBw1438717238',1,16,'2015-08-04 19:40:38',NULL,'192.168.1.4',0,'Mozilla/5.0 (X11; Ubuntu; Linux x86_64; rv:26.0) Gecko/20100101 Firefox/26.0'),(418,'$pbkdf2-sha256$200$q3XuHYPwHsMYg7CW8h5jjA$Xi2kmpu8/4GRYdoyEZaBGSf9ImfcAw.nvbtsBFlJa.M1438780773',1,16,'2015-08-05 13:19:33',NULL,'192.168.1.37',0,'Mozilla/5.0 (X11; Linux x86_64) AppleWebKit/537.36 (KHTML, like Gecko) Ubuntu Chromium/37.0.2062.120 Chrome/37.0.2062.120 Safari/537.36'),(419,'$pbkdf2-sha256$200$ACAEQOhdixFCyFlLaU1JyQ$d.8AtOlb.axer8/YCtWRAJcRIay/hDF.qUeKrkPIBwA1438795226',1,17,'2015-08-05 17:20:26',NULL,'192.168.1.4',0,'Mozilla/5.0 (X11; Linux x86_64) AppleWebKit/537.36 (KHTML, like Gecko) Ubuntu Chromium/37.0.2062.120 Chrome/37.0.2062.120 Safari/537.36'),(420,'$pbkdf2-sha256$200$W0sJgVAKgTCGkHLOee/9fw$Pd1.IndTy6MnQTXI30pZ6vGNdpWSQb3ZjrWdQekKuUQ1438809544',1,16,'2015-08-05 21:19:04',NULL,'192.168.1.4',0,'Mozilla/5.0 (X11; Ubuntu; Linux x86_64; rv:26.0) Gecko/20100101 Firefox/26.0'),(421,'$pbkdf2-sha256$200$8T5nDOEc49wbIyRE6H0PgQ$K38yunnD98GIAm1Rd7OfzgpBEpRTO5kL58/PBKTKmVA1438882428',1,17,'2015-08-06 17:33:48',NULL,'192.168.1.4',0,'Mozilla/5.0 (X11; Linux x86_64) AppleWebKit/537.36 (KHTML, like Gecko) Ubuntu Chromium/37.0.2062.120 Chrome/37.0.2062.120 Safari/537.36'),(422,'$pbkdf2-sha256$200$FWJsrbUWonSuVYrR.v9fqw$5SEE44pTYwsw/gRM/MZc5kryIT2mS9kUgPsceqQbT1Y1438964410',1,16,'2015-08-07 16:20:10',NULL,'192.168.1.3',0,'Mozilla/5.0 (X11; Linux x86_64) AppleWebKit/537.36 (KHTML, like Gecko) Ubuntu Chromium/37.0.2062.120 Chrome/37.0.2062.120 Safari/537.36'),(423,'$pbkdf2-sha256$200$xTinFOLc2xuj9N7bW2tNqQ$0tzVjcAJU8BTTssZbt.oyt81eOAGFKSZspCCDV3i9oY1438964429',1,17,'2015-08-07 16:20:29',NULL,'192.168.1.3',0,'Mozilla/5.0 (X11; Ubuntu; Linux x86_64; rv:26.0) Gecko/20100101 Firefox/26.0'),(424,'$pbkdf2-sha256$200$MGastVZKydk7J.Tcm7PWWg$3/EIh2ujhdvJfjXNXl9yWBNuFd04oH5nhJJN2cCONzA1438972582',1,20,'2015-08-07 18:36:22',NULL,'192.168.1.3',0,'Mozilla/5.0 (X11; Linux x86_64) AppleWebKit/537.36 (KHTML, like Gecko) Chrome/42.0.2311.90 Safari/537.36 OPR/29.0.1795.47'),(425,'$pbkdf2-sha256$200$aW1NqdW61/p/7/3fO.e8tw$w3VioFnfALd5/iwV4VJNC/DuuXslrNqxru4WsGgmGGI1439020843',1,16,'2015-08-08 08:00:43',NULL,'127.0.0.1',0,'Mozilla/5.0 (X11; Linux x86_64) AppleWebKit/537.36 (KHTML, like Gecko) Ubuntu Chromium/37.0.2062.120 Chrome/37.0.2062.120 Safari/537.36'),(426,'$pbkdf2-sha256$200$5/y/N8b4vxfiXAuhdA7hHA$A3KSDQMWnNGTDIOdB1rum7duP8VNt2pqeCnmOGkrsj81439020951',1,17,'2015-08-08 08:02:31',NULL,'127.0.0.1',0,'Mozilla/5.0 (X11; Ubuntu; Linux x86_64; rv:26.0) Gecko/20100101 Firefox/26.0'),(427,'$pbkdf2-sha256$200$ViplbI3RWkuJ0fofY8wZAw$0fs0B9IcW5haAQfNm.NCwrp0809oY.e6ookK.VjlI341439044621',1,20,'2015-08-08 14:37:01',NULL,'127.0.0.1',0,'Mozilla/5.0 (X11; Linux x86_64) AppleWebKit/537.36 (KHTML, like Gecko) Chrome/42.0.2311.90 Safari/537.36 OPR/29.0.1795.47'),(428,'$pbkdf2-sha256$200$0VorhdCas/ae07qXknJuDQ$f8QMe1llWfzxt3ML.XGoor.qJcwxp.OziYz0ZjkolDY1439109461',1,17,'2015-08-09 08:37:41',NULL,'127.0.0.1',0,'Mozilla/5.0 (X11; Ubuntu; Linux x86_64; rv:26.0) Gecko/20100101 Firefox/26.0'),(429,'$pbkdf2-sha256$200$b815r7W2NqYUwpjT.r.X8g$6DphZ8ZTEidn5GdxMgvi7fGSC/YgfcHFyzl6F5WDRnY1439109483',1,16,'2015-08-09 08:38:03',NULL,'127.0.0.1',0,'Mozilla/5.0 (X11; Linux x86_64) AppleWebKit/537.36 (KHTML, like Gecko) Ubuntu Chromium/37.0.2062.120 Chrome/37.0.2062.120 Safari/537.36'),(430,'$pbkdf2-sha256$200$EuJcCyGEcE5J6X2v1drb2w$GCVSnCM9psuUYXtKSpaWcGh/5jgvudy/DuFazeSa2hM1439110819',1,20,'2015-08-09 09:00:19',NULL,'127.0.0.1',0,'Mozilla/5.0 (X11; Linux x86_64) AppleWebKit/537.36 (KHTML, like Gecko) Chrome/42.0.2311.90 Safari/537.36 OPR/29.0.1795.47'),(431,'$pbkdf2-sha256$200$FaJUyrnX2jtHyHnvfc/Zuw$x7YXCKpTQGi.Kc3rE5YI9wz.6y3S3Leeza5n58iJ4yI1439278722',1,16,'2015-08-11 07:38:42',NULL,'127.0.0.1',0,'Mozilla/5.0 (X11; Linux x86_64) AppleWebKit/537.36 (KHTML, like Gecko) Ubuntu Chromium/37.0.2062.120 Chrome/37.0.2062.120 Safari/537.36'),(432,'$pbkdf2-sha256$200$Skmpda4VAsD4n7P2vleKkQ$p88dP6bKgoxmYkdFT1HjUPKRnPSEtzKtHvq1t9iBLEY1439278750',1,17,'2015-08-11 07:39:10',NULL,'127.0.0.1',0,'Mozilla/5.0 (X11; Ubuntu; Linux x86_64; rv:26.0) Gecko/20100101 Firefox/26.0'),(433,'$pbkdf2-sha256$200$DQHgfM95r9XaO8c4ByAkJA$4qB.TEo5ud.rzgYmh/NZl4WvYu4KF6l1WgUH2Ai4.FM1439300046',1,16,'2015-08-11 13:34:06',NULL,'172.21.17.192',0,'Mozilla/5.0 (X11; Linux x86_64) AppleWebKit/537.36 (KHTML, like Gecko) Ubuntu Chromium/37.0.2062.120 Chrome/37.0.2062.120 Safari/537.36'),(434,'$pbkdf2-sha256$200$ImTM.T8HoBTi/L8XolQqZQ$8BLzR5c7ZRckOhzw/erDS0RCC4Pb8u6PQCGe2Eb8kic1439300087',1,17,'2015-08-11 13:34:47',NULL,'172.21.17.192',0,'Mozilla/5.0 (X11; Ubuntu; Linux x86_64; rv:26.0) Gecko/20100101 Firefox/26.0'),(435,'$pbkdf2-sha256$200$JaR0zhlDSKlV6r33vheC8A$7fF4vWvmZpLEGdk9VTgZxYHtvGLxed.DEFbhS1XjSNI1439366643',1,16,'2015-08-12 08:04:03',NULL,'192.168.1.3',0,'Mozilla/5.0 (X11; Linux x86_64) AppleWebKit/537.36 (KHTML, like Gecko) Ubuntu Chromium/37.0.2062.120 Chrome/37.0.2062.120 Safari/537.36'),(436,'$pbkdf2-sha256$200$GOMcw5iTEsL4/z.H0DrnPA$qHpI5Mbe6jkWwpqIc2MQ5h9.6xJramrRVj5vDxto/fA1439367494',1,17,'2015-08-12 08:18:14',NULL,'192.168.1.3',0,'Mozilla/5.0 (X11; Ubuntu; Linux x86_64; rv:26.0) Gecko/20100101 Firefox/26.0'),(437,'$pbkdf2-sha256$200$GYOwNkboPccYQwghpNR6zw$Kfx1JUFq0GxFsKK1Sn2KBOYgZllLBxjXKxeJwvs2ZdM1439482300',1,16,'2015-08-13 16:11:40',NULL,'192.168.1.4',0,'Mozilla/5.0 (X11; Linux x86_64) AppleWebKit/537.36 (KHTML, like Gecko) Ubuntu Chromium/37.0.2062.120 Chrome/37.0.2062.120 Safari/537.36'),(438,'$pbkdf2-sha256$200$6P1fS2kNgdBaK6VUag3hPA$lwWi9M1rTIy4x81xvgarM0gwWaofz1ZOS4qo1/UbRmA1439484293',1,17,'2015-08-13 16:44:53',NULL,'192.168.1.4',0,'Mozilla/5.0 (X11; Ubuntu; Linux x86_64; rv:26.0) Gecko/20100101 Firefox/26.0'),(439,'$pbkdf2-sha256$200$CAEgREjpndOas3bOOSdkLA$968J.IGgDAfvDkXfV6HTf3ZdnWzJbwQ3j0pSqBVOveY1439499537',1,18,'2015-08-13 20:58:57',NULL,'192.168.1.3',0,'Mozilla/5.0 (Linux; U; Android 4.1.2; en-us; GT-S6812 Build/JZO54K) AppleWebKit/534.30 (KHTML, like Gecko) Version/4.0 Mobile Safari/534.30'),(440,'$pbkdf2-sha256$200$MYbQmvMeo9QaAwDgnDOmdA$.8aQle0X9rjxg1pbB2HSOWrJDR1QIl2.UM9FEoKS7/I1439569647',1,16,'2015-08-14 16:27:27',NULL,'192.168.1.4',0,'Mozilla/5.0 (X11; Linux x86_64) AppleWebKit/537.36 (KHTML, like Gecko) Ubuntu Chromium/37.0.2062.120 Chrome/37.0.2062.120 Safari/537.36'),(441,'$pbkdf2-sha256$200$DGFMCeE8B6B07t37P6f0vg$QPMagJHJIoE97xOYEQ8.zRm7meSjIEwCy9Aqe.183Pg1439574899',1,17,'2015-08-14 17:54:59',NULL,'192.168.1.4',0,'Mozilla/5.0 (X11; Ubuntu; Linux x86_64; rv:26.0) Gecko/20100101 Firefox/26.0'),(442,'$pbkdf2-sha256$200$gxCCUCpl7N27lxKiFKK0Ng$nyN4F/y7I1pbipR./.kOf9kSPctvc4gAcp04MWM7vDs1439657493',1,16,'2015-08-15 16:51:33',NULL,'192.168.1.4',0,'Mozilla/5.0 (X11; Linux x86_64) AppleWebKit/537.36 (KHTML, like Gecko) Ubuntu Chromium/37.0.2062.120 Chrome/37.0.2062.120 Safari/537.36'),(443,'$pbkdf2-sha256$200$qTVmjHEupZSSMkaIkXIOwQ$7fb.gvel891TOrKyTPgny4vHran1qOPVMLwhdKs8ozw1439664012',1,17,'2015-08-15 18:40:12',NULL,'192.168.1.4',0,'Mozilla/5.0 (X11; Ubuntu; Linux x86_64; rv:26.0) Gecko/20100101 Firefox/26.0'),(444,'$pbkdf2-sha256$200$HgNgrNXa23uvtXau1TpnTA$Wezf0R.AMTTdQgO.MUD/tEotQXYsIaJaYICpPSz/uBc1439715145',1,18,'2015-08-16 08:52:25',NULL,'127.0.0.1',0,'Mozilla/5.0 (X11; Linux x86_64) AppleWebKit/537.36 (KHTML, like Gecko) Chrome/42.0.2311.90 Safari/537.36 OPR/29.0.1795.47'),(445,'$pbkdf2-sha256$200$kdKa8x7DeG9tDcE4h1AKAQ$fquOTAPYcHTUHmATVuDHnuIBjkiJThSQ4dC2YLBVIpY1439715262',1,18,'2015-08-16 08:54:22',NULL,'192.168.1.4',0,'Mozilla/5.0 (X11; Linux x86_64) AppleWebKit/537.36 (KHTML, like Gecko) Chrome/42.0.2311.90 Safari/537.36 OPR/29.0.1795.47'),(446,'$pbkdf2-sha256$200$NAagFKJ0zpnzPmesdc55Dw$8/e0fQiQsDC7qF6kWuN0cMwKOjWQ/0qdTTxE4bgSRho1439724450',1,18,'2015-08-16 11:27:30',NULL,'192.168.1.2',0,'Mozilla/5.0 (X11; Linux x86_64) AppleWebKit/537.36 (KHTML, like Gecko) Chrome/42.0.2311.90 Safari/537.36 OPR/29.0.1795.47'),(447,'$pbkdf2-sha256$200$CaFUKiWEMEaIcU5pDQFgrA$iaaHWRpprDTEi401BU6KZpSQ16U4uskkwR61N3oAzX01439724475',1,16,'2015-08-16 11:27:55',NULL,'192.168.1.2',0,'Mozilla/5.0 (X11; Linux x86_64) AppleWebKit/537.36 (KHTML, like Gecko) Ubuntu Chromium/37.0.2062.120 Chrome/37.0.2062.120 Safari/537.36'),(448,'$pbkdf2-sha256$200$v1dqrfUeIyTk3HuvlVLqHQ$2itQ.c5vgDq7XM8/6SGeigKu6B3A.67JQZNmAyEWTKA1439724502',1,17,'2015-08-16 11:28:22',NULL,'192.168.1.2',0,'Mozilla/5.0 (X11; Ubuntu; Linux x86_64; rv:26.0) Gecko/20100101 Firefox/26.0'),(449,'$pbkdf2-sha256$200$T8l5j9G61xqjFMK4VyqFkA$9baefrLcTONSbhMuk99nxZLO5L/B/4WqYpG1YQDqEdE1439831655',1,16,'2015-08-17 17:14:15',NULL,'192.168.1.2',0,'Mozilla/5.0 (X11; Linux x86_64) AppleWebKit/537.36 (KHTML, like Gecko) Ubuntu Chromium/37.0.2062.120 Chrome/37.0.2062.120 Safari/537.36'),(450,'$pbkdf2-sha256$200$pFSK0Zpzbq01hhBCiJFSCg$PtR5IPXe3.ELHGOWtv6Pz24ie0g/Jlv4GofBQbbqo2U1439837062',1,17,'2015-08-17 18:44:22',NULL,'192.168.1.2',0,'Mozilla/5.0 (X11; Ubuntu; Linux x86_64; rv:26.0) Gecko/20100101 Firefox/26.0'),(451,'$pbkdf2-sha256$200$VQrBmHNujVHK2bt3TmmNcQ$5BJmBCGwTrUNss0IZtPvupO4Pgzw4w1IDs3TIrq.Ia41439838778',1,18,'2015-08-17 19:12:58',NULL,'192.168.1.2',0,'Mozilla/5.0 (X11; Linux x86_64) AppleWebKit/537.36 (KHTML, like Gecko) Chrome/42.0.2311.90 Safari/537.36 OPR/29.0.1795.47'),(452,'$pbkdf2-sha256$200$Xsv533vvPWeMsdZ6z9l7Dw$z5WI3PIcO6iCP/ci2bioXGnMIySFuQYAkgQUjS4oMUg1439922862',1,16,'2015-08-18 18:34:22',NULL,'192.168.1.2',0,'Mozilla/5.0 (X11; Linux x86_64) AppleWebKit/537.36 (KHTML, like Gecko) Ubuntu Chromium/37.0.2062.120 Chrome/37.0.2062.120 Safari/537.36'),(453,'$pbkdf2-sha256$200$oTTGmHMuxXgPgZASYixlrA$5ZMRpwHEOUp5Ui2epdJOisMIum26Ul8QI1CuaeZgTZE1439925545',1,17,'2015-08-18 19:19:05',NULL,'192.168.1.2',0,'Mozilla/5.0 (X11; Ubuntu; Linux x86_64; rv:26.0) Gecko/20100101 Firefox/26.0'),(454,'$pbkdf2-sha256$200$yPk/R2jtPSdEaC1lzJnTeg$AnkaORfwmlZ/qcsZ.iRZAejfmOunQ2a1YlzPiboGn4o1439925603',1,18,'2015-08-18 19:20:03',NULL,'192.168.1.2',0,'Mozilla/5.0 (X11; Linux x86_64) AppleWebKit/537.36 (KHTML, like Gecko) Chrome/42.0.2311.90 Safari/537.36 OPR/29.0.1795.47'),(455,'$pbkdf2-sha256$200$5zznnLM2JsR4LwXA2PvfWw$TpRwbKmm5PK/JGsGp30LziplANwsKFkrvHEXvE8V3U41439989382',1,17,'2015-08-19 13:03:02',NULL,'192.168.1.50',0,'Mozilla/5.0 (X11; Ubuntu; Linux x86_64; rv:26.0) Gecko/20100101 Firefox/26.0'),(456,'$pbkdf2-sha256$200$KMV4z9k7Z.w9R.h9D0ForQ$VfBdC.xvc15nnkISAA6p8xLTdbBg2eDebw0dX0J6XY01440004152',1,16,'2015-08-19 17:09:12',NULL,'192.168.1.4',0,'Mozilla/5.0 (X11; Linux x86_64) AppleWebKit/537.36 (KHTML, like Gecko) Ubuntu Chromium/37.0.2062.120 Chrome/37.0.2062.120 Safari/537.36'),(457,'$pbkdf2-sha256$200$RiiltFZqbS1FiHFOyRljLA$365VoP87Fo0lieVtxMaXCDtGoaJlfHb.sJvStTqz2ns1440004181',1,17,'2015-08-19 17:09:41',NULL,'192.168.1.4',0,'Mozilla/5.0 (X11; Ubuntu; Linux x86_64; rv:26.0) Gecko/20100101 Firefox/26.0'),(458,'$pbkdf2-sha256$200$AwCAUApBaA2BsNa6t3ZOCQ$ntOfcJd.86vuczIOSTNsw7ZvfwStUj6UR5x1Y8GFPmw1440004224',1,18,'2015-08-19 17:10:24',NULL,'192.168.1.4',0,'Mozilla/5.0 (X11; Linux x86_64) AppleWebKit/537.36 (KHTML, like Gecko) Chrome/42.0.2311.90 Safari/537.36 OPR/29.0.1795.47'),(459,'$pbkdf2-sha256$200$POd8T0mpNea8d.59L0XovQ$M4Q94VMse3dKxpa7xAYk6XSvWS66z1lxbphkLJTOLlo1440074739',1,16,'2015-08-20 12:45:39',NULL,'192.168.1.42',0,'Mozilla/5.0 (X11; Linux x86_64) AppleWebKit/537.36 (KHTML, like Gecko) Ubuntu Chromium/37.0.2062.120 Chrome/37.0.2062.120 Safari/537.36'),(460,'$pbkdf2-sha256$200$Z.wdYwzhXAthbO3dm1MqhQ$mfVeX5l7PkO58/dYuiJwor04EBbqfQqNQTBm3AMdLjM1440143627',1,18,'2015-08-21 07:53:47',NULL,'192.168.1.40',0,'Mozilla/5.0 (X11; Linux x86_64) AppleWebKit/537.36 (KHTML, like Gecko) Chrome/42.0.2311.90 Safari/537.36 OPR/29.0.1795.47'),(461,'$pbkdf2-sha256$200$fA/BGINwDiHkHMOYEyKkFA$.HaudFKmnB/JJorLWB4AqEicNdU8wryFOzAZQVIOjRk1440146263',1,16,'2015-08-21 08:37:43',NULL,'192.168.1.40',0,'Mozilla/5.0 (X11; Linux x86_64) AppleWebKit/537.36 (KHTML, like Gecko) Ubuntu Chromium/37.0.2062.120 Chrome/37.0.2062.120 Safari/537.36'),(462,'$pbkdf2-sha256$200$e49Rai0lpBQiBEAI4ZzT2g$iyn3OSHAEYmlEoLipnQ2XloN9HN6.yB3wjZ/5tbT9sk1440163948',1,18,'2015-08-21 13:32:28',NULL,'192.168.1.40',0,'Mozilla/5.0 (X11; Linux x86_64) AppleWebKit/537.36 (KHTML, like Gecko) Chrome/42.0.2311.90 Safari/537.36 OPR/29.0.1795.47'),(463,'$pbkdf2-sha256$200$9Z4zJkSoVeo9J4SQsjYmZA$6Wr2xG6tExw4IvPwP.y8fwLvWFKMsK2djrFIkfIXOLI1440175626',1,17,'2015-08-21 16:47:06',NULL,'192.168.1.4',0,'Mozilla/5.0 (Windows; U; Windows NT 5.1; en-US) AppleWebKit/533.16 (KHTML, like Gecko) Version/5.0 Safari/533.16'),(464,'$pbkdf2-sha256$200$H4PQWgshZEwJYcwZo3TuXQ$QpON1sX.E65tSHy97VtjqhdV86D/YSrOrlUBsvX9xOY1440175855',1,16,'2015-08-21 16:50:55',NULL,'192.168.1.4',0,'Mozilla/5.0 (X11; Linux x86_64) AppleWebKit/537.36 (KHTML, like Gecko) Ubuntu Chromium/37.0.2062.120 Chrome/37.0.2062.120 Safari/537.36'),(465,'$pbkdf2-sha256$200$xvh/z5lTau2d854TAmDsvQ$jGgnuQYwgi5l9JY0mEIMfeIf37P1d94iDs56ZMyN/pE1440176115',1,17,'2015-08-21 16:55:15',NULL,'192.168.1.4',0,'Mozilla/5.0 (X11; Ubuntu; Linux x86_64; rv:26.0) Gecko/20100101 Firefox/26.0'),(466,'$pbkdf2-sha256$200$hjBmTKnVGiMEIOSc894bYw$Qi2ezlA/eURjSbPMc3Nv6Nmy5kkNC8zr7Eka8UmC7Sc1440316056',1,16,'2015-08-23 07:47:36',NULL,'192.168.1.4',0,'Mozilla/5.0 (X11; Linux x86_64) AppleWebKit/537.36 (KHTML, like Gecko) Ubuntu Chromium/37.0.2062.120 Chrome/37.0.2062.120 Safari/537.36'),(467,'$pbkdf2-sha256$200$U4qxdu6dk3KulVKKESIkRA$n7WIXWcKbPX/By.kdph47ooDdFW6xkOWAic/6/BxQOo1440338328',1,17,'2015-08-23 13:58:48',NULL,'192.168.1.4',0,'Mozilla/5.0 (X11; Ubuntu; Linux x86_64; rv:26.0) Gecko/20100101 Firefox/26.0'),(468,'$pbkdf2-sha256$200$dU4JIaSU8h5jjLFWqpXyXg$hfVmkZ6BWHuQEGvNV8wDP9Z4djV3EkileJU9offPHUE1440343239',1,18,'2015-08-23 15:20:39',NULL,'192.168.1.4',0,'Mozilla/5.0 (X11; Linux x86_64) AppleWebKit/537.36 (KHTML, like Gecko) Chrome/42.0.2311.90 Safari/537.36 OPR/29.0.1795.47'),(469,'$pbkdf2-sha256$200$GwOg9H5PCQFAqNX6PyckxA$kMSmDqJllcWsHzgoUXbBhWbTQMdET1w6E9.uUkdvfNw1440411955',1,17,'2015-08-24 10:25:55',NULL,'192.168.1.65',0,'Mozilla/5.0 (X11; Ubuntu; Linux x86_64; rv:26.0) Gecko/20100101 Firefox/26.0'),(470,'$pbkdf2-sha256$200$NEaoVQrhnLO2tta6tzZGiA$21.NDXWfNrxyRmAxFWSra5zVA5W7c6On/MyTJB432lA1440414494',1,16,'2015-08-24 11:08:14',NULL,'192.168.1.65',0,'Mozilla/5.0 (X11; Linux x86_64) AppleWebKit/537.36 (KHTML, like Gecko) Ubuntu Chromium/37.0.2062.120 Chrome/37.0.2062.120 Safari/537.36'),(471,'$pbkdf2-sha256$200$W8vZu5fyvhfCWMtZ6z2HsA$buQs1NMxinbqSBUQPPiarO3Ye2jNheBMNyKkFdYopRs1440423377',1,18,'2015-08-24 13:36:17',NULL,'192.168.1.65',0,'Mozilla/5.0 (X11; Linux x86_64) AppleWebKit/537.36 (KHTML, like Gecko) Chrome/42.0.2311.90 Safari/537.36 OPR/29.0.1795.47'),(472,'$pbkdf2-sha256$200$EeL8f0.pNea8tzbmfC9FCA$517eHncuhK3JQ3.BpfCJP0CRfFXkBCLDQ9QJvICPZ3g1440433923',1,16,'2015-08-24 16:32:03',NULL,'192.168.1.4',0,'Mozilla/5.0 (X11; Linux x86_64) AppleWebKit/537.36 (KHTML, like Gecko) Ubuntu Chromium/37.0.2062.120 Chrome/37.0.2062.120 Safari/537.36'),(473,'$pbkdf2-sha256$200$u1dK6V2LMSbkHOMco5TSeg$gOcFhXaJa2j4tds9YfSZtqdjV0iV8BeoC2OP.AXjeZU1440434062',1,17,'2015-08-24 16:34:22',NULL,'192.168.1.4',0,'Mozilla/5.0 (X11; Ubuntu; Linux x86_64; rv:26.0) Gecko/20100101 Firefox/26.0'),(474,'$pbkdf2-sha256$200$nlNKae0dY2xtLcWYk1IKoQ$crM3j/lWWw4v0etCyPwMpCeCEIJFgJBcZqyoE3xN6dQ1440438385',1,16,'2015-08-24 17:46:25',NULL,'192.168.1.3',0,'Mozilla/5.0 (X11; Linux x86_64) AppleWebKit/537.36 (KHTML, like Gecko) Ubuntu Chromium/37.0.2062.120 Chrome/37.0.2062.120 Safari/537.36'),(475,'$pbkdf2-sha256$200$4XyPEWIMgdB6T2lN6f0fow$RLRg8K0iLJgIeH4GlPSeVHv1C6QBYUJeWCLHbWyla441440438405',1,17,'2015-08-24 17:46:45',NULL,'192.168.1.3',0,'Mozilla/5.0 (X11; Ubuntu; Linux x86_64; rv:26.0) Gecko/20100101 Firefox/26.0'),(476,'$pbkdf2-sha256$200$VAphLOX8P.ccY6z13jtnTA$QFRrp5lQXCcV7IyAJPGZvpANKdfSzcKsTIujAQmAA4Y1440438958',1,18,'2015-08-24 17:55:58',NULL,'192.168.1.3',0,'Mozilla/5.0 (X11; Linux x86_64) AppleWebKit/537.36 (KHTML, like Gecko) Chrome/42.0.2311.90 Safari/537.36 OPR/29.0.1795.47'),(477,'$pbkdf2-sha256$200$v/f./9.7dw5hLEXImRNCKA$YYCNj32UVkz7Cw9V9SkJKGqsvs4KRkdLPx7X6CG1NMc1440524902',1,17,'2015-08-25 17:48:22',NULL,'192.168.1.4',0,'Mozilla/5.0 (X11; Ubuntu; Linux x86_64; rv:26.0) Gecko/20100101 Firefox/26.0'),(478,'$pbkdf2-sha256$200$qPWekzImJGSstVbKOcd4Tw$smvmDInz80yfVoDrSvZeeAZdNnTJ9qyfF3f6n.U.Y4c1440524917',1,16,'2015-08-25 17:48:37',NULL,'192.168.1.4',0,'Mozilla/5.0 (X11; Linux x86_64) AppleWebKit/537.36 (KHTML, like Gecko) Ubuntu Chromium/37.0.2062.120 Chrome/37.0.2062.120 Safari/537.36'),(479,'$pbkdf2-sha256$200$pVSqlTKGUGpN6Z1zznkPIQ$sAE/bmkR30kQOSAbVwaViBVu.FYJ0JzYKgfP26E1ZRU1440593014',1,17,'2015-08-26 12:43:34',NULL,'192.168.1.39',0,'Mozilla/5.0 (X11; Ubuntu; Linux x86_64; rv:26.0) Gecko/20100101 Firefox/26.0'),(480,'$pbkdf2-sha256$200$V6rVGmMsJQSAUIpRCkFISQ$TiSy/sQ0rKHS05AqlX8D7Z6SPyNrFXEV2nyTOa1sZX41440611512',1,16,'2015-08-26 17:51:52',NULL,'192.168.1.4',0,'Mozilla/5.0 (X11; Linux x86_64) AppleWebKit/537.36 (KHTML, like Gecko) Ubuntu Chromium/37.0.2062.120 Chrome/37.0.2062.120 Safari/537.36'),(481,'$pbkdf2-sha256$200$jZHS.h8jZGxtLcWYU0pJyQ$qX2ekE6hOhNlS5PIWrhsrK//JWR/9OcOdJ4uC6JYAqM1440612311',1,17,'2015-08-26 18:05:11',NULL,'192.168.1.4',0,'Mozilla/5.0 (X11; Ubuntu; Linux x86_64; rv:26.0) Gecko/20100101 Firefox/26.0'),(482,'$pbkdf2-sha256$200$DeEcI6RUSsmZs9b6n/MeYw$gaGRWFwazmC10IRXyvGpHYYLGKJrwqTU7rcR1BJWosE1440612474',1,18,'2015-08-26 18:07:54',NULL,'192.168.1.4',0,'Mozilla/5.0 (X11; Linux x86_64) AppleWebKit/537.36 (KHTML, like Gecko) Chrome/42.0.2311.90 Safari/537.36 OPR/29.0.1795.47'),(483,'$pbkdf2-sha256$200$X0tJSQnhPCeklPI.R2hNqQ$a8uw2HcKKkQ0s52ePKLQoysR94I.VSk4X9njxg6SFgk1440780456',1,18,'2015-08-28 16:47:36',NULL,'192.168.1.4',0,'Mozilla/5.0 (X11; Linux x86_64) AppleWebKit/537.36 (KHTML, like Gecko) Chrome/42.0.2311.90 Safari/537.36 OPR/29.0.1795.47'),(484,'$pbkdf2-sha256$200$1dr7nxMCoDTGGEOIcY5Rig$028Qd4/BgFVrfjaxWhsYHiMzB7V4adANzlzY0Zs5Huw1440780520',1,17,'2015-08-28 16:48:40',NULL,'192.168.1.4',0,'Mozilla/5.0 (X11; Ubuntu; Linux x86_64; rv:26.0) Gecko/20100101 Firefox/26.0'),(485,'$pbkdf2-sha256$200$d84ZA0BIiVHK2RvjPIeQMg$eu0GhGdtq6JAhfqcBD38SPZE5EZN0nH409U.vwN9mfw1440780568',1,16,'2015-08-28 16:49:28',NULL,'192.168.1.4',0,'Mozilla/5.0 (X11; Linux x86_64) AppleWebKit/537.36 (KHTML, like Gecko) Ubuntu Chromium/37.0.2062.120 Chrome/37.0.2062.120 Safari/537.36'),(486,'$pbkdf2-sha256$200$z3lvTUkp5bzXes.5N8ZYCw$FPhJGyYyul5DpU/SWEAvuiaMtGhSxylOBHuySV.vqTw1440782570',1,16,'2015-08-28 17:22:50',NULL,'192.168.1.4',0,'Mozilla/5.0 (X11; Linux x86_64) AppleWebKit/537.36 (KHTML, like Gecko) Ubuntu Chromium/37.0.2062.120 Chrome/37.0.2062.120 Safari/537.36'),(487,'$pbkdf2-sha256$200$qnUOgVCKsVbqPaeUEqL0vg$xYO..YAGj4HQ70gvlqLMQwfyCE4EPBShPlDZd.o6.BI1440918494',1,16,'2015-08-30 07:08:14',NULL,'192.168.1.4',0,'Mozilla/5.0 (X11; Linux x86_64) AppleWebKit/537.36 (KHTML, like Gecko) Ubuntu Chromium/37.0.2062.120 Chrome/37.0.2062.120 Safari/537.36'),(488,'$pbkdf2-sha256$200$O6f0/t.7V2qtVYoxJuQ85w$aA3b8M0jOtiSfC528VlPzrjovPIGNYhX0pcKruEEI3Q1440952899',1,17,'2015-08-30 16:41:39',NULL,'192.168.1.6',0,'Mozilla/5.0 (X11; Ubuntu; Linux x86_64; rv:26.0) Gecko/20100101 Firefox/26.0'),(489,'$pbkdf2-sha256$200$COHcO4fQuhdiTIlxLgXAeA$geR84qnO1cHHspPrgwibMUi5pST2zA1ErQm41WrNhU81440952916',1,16,'2015-08-30 16:41:56',NULL,'192.168.1.6',0,'Mozilla/5.0 (X11; Linux x86_64) AppleWebKit/537.36 (KHTML, like Gecko) Ubuntu Chromium/37.0.2062.120 Chrome/37.0.2062.120 Safari/537.36'),(490,'$pbkdf2-sha256$200$C2HM.R9DSAlB6N07RygFgA$JpL/ym6RukYAXlAzwKbklu34GGheAF8zl9YeHzXcZ4E1440952950',1,18,'2015-08-30 16:42:30',NULL,'192.168.1.6',0,'Mozilla/5.0 (X11; Linux x86_64) AppleWebKit/537.36 (KHTML, like Gecko) Chrome/42.0.2311.90 Safari/537.36 OPR/29.0.1795.47'),(491,'$pbkdf2-sha256$200$U6o1xlhrTSnlnPNeK4XQOg$x0PstSe.PM30NulWL/bxziuY.83nslLysgElTJsAXG01441039123',1,16,'2015-08-31 16:38:43',NULL,'192.168.1.3',0,'Mozilla/5.0 (X11; Linux x86_64) AppleWebKit/537.36 (KHTML, like Gecko) Ubuntu Chromium/37.0.2062.120 Chrome/37.0.2062.120 Safari/537.36'),(492,'$pbkdf2-sha256$200$OccYg1Aq5dwbY.w9J0So9Q$qYa3bFqIlelbiNGad.ko4CJy6Edy1twm.5AQ6qT3s781441039272',1,17,'2015-08-31 16:41:12',NULL,'192.168.1.3',0,'Mozilla/5.0 (X11; Ubuntu; Linux x86_64; rv:26.0) Gecko/20100101 Firefox/26.0'),(493,'$pbkdf2-sha256$200$ltJ6r/Xe21srRUjJOcd47w$V4o7f0fnLxnhphyHOljsFEGRkigFAnhT5ul4fzr4H8Y1441039350',1,18,'2015-08-31 16:42:30',NULL,'192.168.1.3',0,'Mozilla/5.0 (X11; Linux x86_64) AppleWebKit/537.36 (KHTML, like Gecko) Chrome/42.0.2311.90 Safari/537.36 OPR/29.0.1795.47'),(494,'$pbkdf2-sha256$200$u7d2TmmtFSKktHbufU9JaQ$FTOm2E.8sUCqq59D7dgM7oD/bHXtzaBhNDruKaui.yw1441146896',1,17,'2015-09-01 22:34:56',NULL,'192.168.1.4',0,'Mozilla/5.0 (X11; Ubuntu; Linux x86_64; rv:26.0) Gecko/20100101 Firefox/26.0'),(495,'$pbkdf2-sha256$200$kHKOUQpByNm7F.J8z9lbCw$ysr1mL00twScIB5nuNgaTWpyFzRosmx/HGvLfLaZR1k1441146926',1,16,'2015-09-01 22:35:26',NULL,'192.168.1.4',0,'Mozilla/5.0 (X11; Linux x86_64) AppleWebKit/537.36 (KHTML, like Gecko) Ubuntu Chromium/37.0.2062.120 Chrome/37.0.2062.120 Safari/537.36'),(496,'$pbkdf2-sha256$200$LIXQWmvNuRdiLOU8x1ir1Q$NHp1wmr4mRIGXr/CdkIecsMt11nBy/l9GyvJngGLPew1441148755',1,18,'2015-09-01 23:05:55',NULL,'192.168.1.4',0,'Mozilla/5.0 (X11; Linux x86_64) AppleWebKit/537.36 (KHTML, like Gecko) Chrome/42.0.2311.90 Safari/537.36 OPR/29.0.1795.47'),(497,'$pbkdf2-sha256$200$JEQI4VwrJcQY49zbG4Nwrg$y8GsCklwDb8uQ7yLHBu.xLLtyO1W7XKncl5FkK3ohGY1441149209',1,20,'2015-09-01 23:13:29',NULL,'192.168.1.4',0,'Mozilla/5.0 (Windows; U; Windows NT 5.1; en-US) AppleWebKit/533.16 (KHTML, like Gecko) Version/5.0 Safari/533.16'),(498,'$pbkdf2-sha256$200$CAEgBGCMce49p7RWCqEUIg$5p4l8mA/hs0zNcMlNoY0rvCf79u4WzGzFOb3Aud/OME1441265361',1,16,'2015-09-03 07:29:21',NULL,'192.168.1.4',0,'Mozilla/5.0 (X11; Linux x86_64) AppleWebKit/537.36 (KHTML, like Gecko) Ubuntu Chromium/37.0.2062.120 Chrome/37.0.2062.120 Safari/537.36'),(499,'$pbkdf2-sha256$200$R.ids/Yew7jX2luL8b5X6g$pgRDLi4yG3ma.Hi9c2JbFBBLh6YGGAWNDaA4qDINIuQ1441321580',1,17,'2015-09-03 23:06:20',NULL,'192.168.1.4',0,'Mozilla/5.0 (X11; Ubuntu; Linux x86_64; rv:26.0) Gecko/20100101 Firefox/26.0'),(500,'$pbkdf2-sha256$200$vzeGcO7de49R6l0LAaC09g$cnmSPP3t/zav6AsqLny.v7yv1tRYzw7i2iob9gIykRE1441405590',1,16,'2015-09-04 22:26:30',NULL,'192.168.1.4',0,'Mozilla/5.0 (X11; Linux x86_64) AppleWebKit/537.36 (KHTML, like Gecko) Ubuntu Chromium/37.0.2062.120 Chrome/37.0.2062.120 Safari/537.36'),(501,'$pbkdf2-sha256$200$dK4VIiSklLJW6j1nzNlbSw$wrSrvRs3GtDGhUuQGKE8JCnEe0U.hO//byin2vSi2KQ1441409831',1,18,'2015-09-04 23:37:11',NULL,'192.168.1.4',0,'Mozilla/5.0 (X11; Linux x86_64) AppleWebKit/537.36 (KHTML, like Gecko) Chrome/42.0.2311.90 Safari/537.36 OPR/29.0.1795.47'),(502,'$pbkdf2-sha256$200$D.Eco1Rq7d3bW6vVWqv1Hg$fjeGM7iUrxTOGJNy/fj3tPbF12s/LlELESg8uW2ZT2Q1441409860',1,17,'2015-09-04 23:37:40',NULL,'192.168.1.4',0,'Mozilla/5.0 (X11; Ubuntu; Linux x86_64; rv:26.0) Gecko/20100101 Firefox/26.0'),(503,'$pbkdf2-sha256$200$NoZwrlVqjTGGcC4lBMAYQw$XnOhZyqgid4ouKk/00tMRekipn9d5CiA5UjBUGSFGXU1441410295',1,20,'2015-09-04 23:44:55',NULL,'192.168.1.4',0,'Mozilla/5.0 (X11; Linux x86_64) AppleWebKit/537.36 (KHTML, like Gecko) Chrome/42.0.2311.90 Safari/537.36 OPR/29.0.1795.47'),(504,'$pbkdf2-sha256$200$UYqxVqq19v5/j/FeixHiXA$nWZRrpxttIpDB3iGy6fvDQZ/GsPU86gPg6G7eRU.d/s1441410373',1,18,'2015-09-04 23:46:13',NULL,'192.168.1.4',0,'Mozilla/5.0 (X11; Linux x86_64) AppleWebKit/537.36 (KHTML, like Gecko) Chrome/42.0.2311.90 Safari/537.36 OPR/29.0.1795.47'),(505,'$pbkdf2-sha256$200$LYWw9t47R6h1rvUeo7R2jg$QinoflzNLVT8hHd8p8hXEBWveo0/GLPaNGiRcWVpnLQ1441410411',1,20,'2015-09-04 23:46:51',NULL,'192.168.1.4',0,'Mozilla/5.0 (X11; Linux x86_64) AppleWebKit/537.36 (KHTML, like Gecko) Chrome/42.0.2311.90 Safari/537.36 OPR/29.0.1795.47'),(506,'$pbkdf2-sha256$200$0FrLmfP.n9N67x3jPOfcOw$DNnVU1Xw5wz.Qq50LacqjaK1np8llEOgyc80tpFlRJc1441422523',1,16,'2015-09-05 03:08:43',NULL,'192.168.1.2',0,'Mozilla/5.0 (X11; Linux x86_64) AppleWebKit/537.36 (KHTML, like Gecko) Ubuntu Chromium/37.0.2062.120 Chrome/37.0.2062.120 Safari/537.36'),(507,'$pbkdf2-sha256$200$l/I.Z6wV4jyHkJJyTkkJgQ$Coh38BfLoe3WsBfwNhKCUKrqalK065nEwn1k06AhjTo1441422826',1,17,'2015-09-05 03:13:46',NULL,'192.168.1.2',0,'Mozilla/5.0 (X11; Ubuntu; Linux x86_64; rv:26.0) Gecko/20100101 Firefox/26.0'),(508,'$pbkdf2-sha256$200$NgaAcM4Z49y7tzbGWAuBcA$yretTHyihr0mNL.kg1RooBryVHqNroAMyo1RdewgvMY1441447705',1,18,'2015-09-05 10:08:25',NULL,'192.168.1.2',0,'Mozilla/5.0 (X11; Linux x86_64) AppleWebKit/537.36 (KHTML, like Gecko) Chrome/42.0.2311.90 Safari/537.36 OPR/29.0.1795.47'),(509,'$pbkdf2-sha256$200$J.T8P0cIoRQiBGCMsbZWCg$JamQbJ0lhqa5D7oktrsdkJvlb8bQCFBbh6gLCj5aDeM1441449794',1,20,'2015-09-05 10:43:14',NULL,'192.168.1.2',0,'Mozilla/5.0 (Windows; U; Windows NT 5.1; en-US) AppleWebKit/533.16 (KHTML, like Gecko) Version/5.0 Safari/533.16'),(510,'$pbkdf2-sha256$200$L2Usxfgfg/DeGwPgPIcQAg$1jOMhoxKjP6ZFpFNXw3onfXrypg9.ynhFsrbLCG5bfk1441454052',1,18,'2015-09-05 11:54:12',NULL,'192.168.1.3',0,'Mozilla/5.0 (X11; Linux x86_64) AppleWebKit/537.36 (KHTML, like Gecko) Chrome/42.0.2311.90 Safari/537.36 OPR/29.0.1795.47'),(511,'$pbkdf2-sha256$200$be09B.A8R0hprbWWUurduw$IwWXpgMZ1ONgx.GSXhZakLW7TksdU31JR0tbdqNBl.U1441454140',1,16,'2015-09-05 11:55:40',NULL,'192.168.1.3',0,'Mozilla/5.0 (X11; Linux x86_64) AppleWebKit/537.36 (KHTML, like Gecko) Ubuntu Chromium/37.0.2062.120 Chrome/37.0.2062.120 Safari/537.36'),(512,'$pbkdf2-sha256$200$cI5xDsHYGwMgBMC4VyrlPA$g7U8rS7Vn4eulPRe0mpq2viPAsx6dMMrogc8ZEbXrAM1441454262',1,20,'2015-09-05 11:57:42',NULL,'192.168.1.3',0,'Mozilla/5.0 (Windows; U; Windows NT 5.1; en-US) AppleWebKit/533.16 (KHTML, like Gecko) Version/5.0 Safari/533.16'),(513,'$pbkdf2-sha256$200$SmktJUQIwVhLibEWglBKCQ$xhceeBK5hNKs.yh25lCXyw9xGOi61bhZQCIbQXz6mb41441454289',1,16,'2015-09-05 11:58:09',NULL,'192.168.1.3',0,'Mozilla/5.0 (X11; Ubuntu; Linux x86_64; rv:26.0) Gecko/20100101 Firefox/26.0'),(514,'$pbkdf2-sha256$200$d45x7n0PwViL8b6XMgZgLA$LmmzXp3nfbAOAxeFNTsRAzcbAQzVdho7jBDxrpKygBY1441623450',1,16,'2015-09-07 10:57:30',NULL,'192.168.1.3',0,'Mozilla/5.0 (X11; Linux x86_64) AppleWebKit/537.36 (KHTML, like Gecko) Ubuntu Chromium/37.0.2062.120 Chrome/37.0.2062.120 Safari/537.36'),(515,'$pbkdf2-sha256$200$FyLknPP.n5MSQkiJUYpxTg$nZ/ALgOm3/RfGCJkBnEf0.NEhx93xlxEIOkyRL3H9rY1441628205',1,17,'2015-09-07 12:16:45',NULL,'192.168.1.3',0,'Mozilla/5.0 (X11; Ubuntu; Linux x86_64; rv:26.0) Gecko/20100101 Firefox/26.0'),(516,'$pbkdf2-sha256$200$irG2VopRyjmnlHLufU9JaQ$37Yzd/Z2uwyx0QX27R0uTH1U35NUTJmPvW1mZIqrT1U1441635201',1,16,'2015-09-07 14:13:21',NULL,'192.168.1.2',0,'Mozilla/5.0 (X11; Linux x86_64) AppleWebKit/537.36 (KHTML, like Gecko) Ubuntu Chromium/37.0.2062.120 Chrome/37.0.2062.120 Safari/537.36'),(517,'$pbkdf2-sha256$200$ESLkHONc670XgrC2ltIaAw$FBcFTekGA93wYnR7dSWx3uDw5pFgShUKkkN9DigSzT81441635259',1,17,'2015-09-07 14:14:19',NULL,'192.168.1.2',0,'Mozilla/5.0 (X11; Ubuntu; Linux x86_64; rv:26.0) Gecko/20100101 Firefox/26.0'),(518,'$pbkdf2-sha256$200$H.Pc23uv9R6DUCrlXCullA$vnIKD99mLLXEDu2Qb8YxXkoRY0VTCysfmK3X4e48cac1441759545',1,17,'2015-09-09 00:45:45',NULL,'127.0.0.1',0,'Mozilla/5.0 (X11; Ubuntu; Linux i686; rv:23.0) Gecko/20100101 Firefox/23.0'),(519,'$pbkdf2-sha256$200$dk4JoXQOAeD8H.P8nxPivA$FwYW1f57c4k/sUbnNaC/wgerSIrOzbf4Kwdh2BmZD0A1441849431',1,17,'2015-09-10 01:43:51',NULL,'127.0.0.1',0,'Mozilla/5.0 (X11; Ubuntu; Linux i686; rv:23.0) Gecko/20100101 Firefox/23.0'),(520,'$pbkdf2-sha256$200$WKv1Xmut9f7/PwcghJDyXg$j0x9t2c53X89nYOwkv4HoILSfzLR2MJAC25vDL58v7Q1441763885',1,17,'2015-09-09 01:58:05',NULL,'192.168.154.223',0,'Mozilla/5.0 (X11; Ubuntu; Linux i686; rv:23.0) Gecko/20100101 Firefox/23.0'),(521,'$pbkdf2-sha256$200$bm0tpXROqVWqlRLCmFMqZQ$XmJQleC7/s4NUqUy6IiHXVlQeMzt27777/jsfymOGhM1441845714',1,16,'2015-09-10 00:41:54',NULL,'192.168.154.224',0,'Mozilla/5.0 (X11; Ubuntu; Linux i686; rv:23.0) Gecko/20100101 Firefox/23.0'),(522,'$pbkdf2-sha256$200$TOm9VypF6P0/h7CW0hqDsA$CAnjD5EZ.Ny53HX1kJ6IR8srTZQJfh8Y.zTsgRXV89o1442036486',1,16,'2015-09-12 05:41:26',NULL,'192.168.154.225',0,'Mozilla/5.0 (X11; Ubuntu; Linux i686; rv:23.0) Gecko/20100101 Firefox/23.0'),(523,'$pbkdf2-sha256$200$dY5Ras05x7jXupdSaq21lg$0KEvrpLLLidk2qRO6ecpMupI9xjR3dBFEnMfmILqWc81443972816',1,17,'2015-10-04 15:33:36',NULL,'192.168.154.226',0,'Mozilla/5.0 (X11; Ubuntu; Linux i686; rv:23.0) Gecko/20100101 Firefox/23.0'),(524,'$pbkdf2-sha256$200$L.W8N.Z8L8XYG.P839tbCw$Dj5EBaKYQe9IVjG1g4WV3hDqfXSIH33J8O.VDPeTbWc1444122800',1,17,'2015-10-06 09:13:20',NULL,'192.168.154.226',0,'Mozilla/5.0 (X11; Ubuntu; Linux i686; rv:23.0) Gecko/20100101 Firefox/23.0'),(525,'$pbkdf2-sha256$200$XAvhnLO2NsZYK8UY4xyjlA$qUlivgpEYV8xIt/LlQThbJ7h.CIex0Q1Ddl./L.EkGg1444261345',1,16,'2015-10-07 23:42:25',NULL,'192.168.154.226',0,'Mozilla/5.0 (X11; Ubuntu; Linux i686; rv:23.0) Gecko/20100101 Firefox/23.0'),(526,'$pbkdf2-sha256$200$nLNWyrmXUuo9hxCCcM5ZKw$dal2mOnmhAK/G14oW69JesEi4A/sfaheuZqep/3h03I1444503032',1,17,'2015-10-10 18:50:32',NULL,'192.168.154.226',0,'Mozilla/5.0 (X11; Ubuntu; Linux i686; rv:23.0) Gecko/20100101 Firefox/23.0'),(527,'$pbkdf2-sha256$200$SOm9VwpByNn7H.Ocs7YWgg$rOOCkPuSAs8uH4rpB6swPT97Lsngra6h39o7.sD0HLE1444504329',1,17,'2015-10-10 19:12:09',NULL,'192.168.154.227',0,'Mozilla/5.0 (X11; Ubuntu; Linux i686; rv:23.0) Gecko/20100101 Firefox/23.0'),(528,'$pbkdf2-sha256$200$mdO6lzKGcO4dY6xVas1Zyw$ImJ/Mt8OsOXZg6n8zdQCcqmNkFMhRu6heuTr5FSGChA1444504727',1,16,'2015-10-10 19:18:47',NULL,'192.168.154.227',0,'Mozilla/5.0 (X11; Ubuntu; Linux i686; rv:23.0) Gecko/20100101 Firefox/23.0'),(529,'$pbkdf2-sha256$200$ds5ZixHiHMOY8x4DgDDGWA$5dQ/TyCRhSn8XZMmYee4uuWGQMvLNx4QjagktHYYHJw1444671305',1,17,'2015-10-12 17:35:06',NULL,'192.168.154.227',0,'Mozilla/5.0 (X11; Ubuntu; Linux i686; rv:23.0) Gecko/20100101 Firefox/23.0'),(530,'$pbkdf2-sha256$200$tpYSYozR2ltrrZUS4hzDWA$.yVYaLV01PNwTKixNUs0FEDeOUhvaaSJrX9oXPGoMZQ1444671555',1,16,'2015-10-12 17:39:15',NULL,'192.168.154.227',0,'Mozilla/5.0 (X11; Ubuntu; Linux i686; rv:23.0) Gecko/20100101 Firefox/23.0'),(531,'$pbkdf2-sha256$200$YUxJSalV6v0fw5hzTuldCw$tnRqa32xgw8//3.2l3ifL4hd0y1WB5/vMFKyNnxZpng1444687308',1,16,'2015-10-12 22:01:48',NULL,'192.168.1.5',0,'Mozilla/5.0 (X11; Linux x86_64) AppleWebKit/537.36 (KHTML, like Gecko) Chrome/41.0.2272.101 Safari/537.36'),(532,'$pbkdf2-sha256$200$j1GK8V5LifH./3.vFWKsVQ$GLDjRA7M3oUboRXqIU9cj56Jz/4v6W19RNnChtuI9KM1444695110',1,18,'2015-10-13 00:11:50',NULL,'192.168.1.5',0,'Mozilla/5.0 (X11; Ubuntu; Linux x86_64; rv:41.0) Gecko/20100101 Firefox/41.0'),(533,'$pbkdf2-sha256$200$YYzR2nsvhXCOkRJiTIkxpg$0jaRd4s2pxuCqvYY6ZvbOzJI.UPpV/f15oFU6eaKjFo1444721263',1,16,'2015-10-13 07:27:43',NULL,'192.168.1.5',0,'Mozilla/5.0 (X11; Linux x86_64) AppleWebKit/537.36 (KHTML, like Gecko) Chrome/41.0.2272.101 Safari/537.36'),(534,'$pbkdf2-sha256$200$H8PYOydkDOFc6/2fkxJCKA$oz/iwUEUFf55LdlbOWFjp6jEeeXxRFm3Wqrqvh9EXPY1444721303',1,17,'2015-10-13 07:28:23',NULL,'192.168.1.5',0,'Mozilla/5.0 (X11; Ubuntu; Linux x86_64; rv:41.0) Gecko/20100101 Firefox/41.0'),(535,'$pbkdf2-sha256$200$ZczZW.tdyzmn9D6ntJZSCg$4zi4LvsXVoWT1ytbvzoofUtGLyuWcnXAWStHfW6uLu81444864811',1,17,'2015-10-14 23:20:11',NULL,'192.168.1.4',0,'Mozilla/5.0 (X11; Ubuntu; Linux x86_64; rv:41.0) Gecko/20100101 Firefox/41.0'),(536,'$pbkdf2-sha256$200$uleqVaoV4lwLoVQKAQBA6A$R4hf.5OgRclkxpLYEw3yu5E84sS5D/m2jA2bScmRctY1444864825',1,16,'2015-10-14 23:20:25',NULL,'192.168.1.4',0,'Mozilla/5.0 (X11; Linux x86_64) AppleWebKit/537.36 (KHTML, like Gecko) Chrome/41.0.2272.101 Safari/537.36'),(537,'$pbkdf2-sha256$200$yJlTSsk5h7D2fk8JQeg9hw$FOEwC7hcowljdfX7l7BYI4ilXjWS6TclY.w9iDTh6Gc1444887580',1,17,'2015-10-15 05:39:40',NULL,'192.168.1.2',0,'Mozilla/5.0 (X11; Ubuntu; Linux x86_64; rv:41.0) Gecko/20100101 Firefox/41.0'),(538,'$pbkdf2-sha256$200$MSbk3Ps/J6Q0JiRE6L13rg$fyT1Ls38irPZaLcsozS6MUkXQVIP3Dmv/GThWIAthlA1444947528',1,16,'2015-10-15 22:18:48',NULL,'192.168.1.2',0,'Mozilla/5.0 (X11; Linux x86_64) AppleWebKit/537.36 (KHTML, like Gecko) Chrome/41.0.2272.101 Safari/537.36'),(539,'$pbkdf2-sha256$200$JyRkLOWcs9b6P0fIee9dKw$EE52MnCiz2NvEZq/FoNBLmrSuAzlAWKxs9i6HUqBpA01445038386',1,17,'2015-10-16 23:33:06',NULL,'192.168.1.2',0,'Mozilla/5.0 (X11; Linux x86_64) AppleWebKit/537.36 (KHTML, like Gecko) Chrome/41.0.2272.101 Safari/537.36'),(540,'$pbkdf2-sha256$200$0fp/j5HS.r.3tnZubS0FQA$5aPmnG30jXYjECC5757hhnkozTtyVPBiEYdX0ASHyTI1445038430',1,16,'2015-10-16 23:33:50',NULL,'192.168.1.2',0,'Mozilla/5.0 (X11; Ubuntu; Linux x86_64; rv:41.0) Gecko/20100101 Firefox/41.0'),(541,'$pbkdf2-sha256$200$VQoB4FxLqZWSMgbgXOvdWw$T62FEXvNM6i0WgtMWlQs.EsoAsUtTYImAZMsNgBMOEk1445259822',1,16,'2015-10-19 13:03:42',NULL,'192.168.1.4',0,'Mozilla/5.0 (X11; Linux x86_64) AppleWebKit/537.36 (KHTML, like Gecko) Chrome/41.0.2272.101 Safari/537.36'),(542,'$pbkdf2-sha256$200$dq713vufk1JKiTGmdA6BMA$9YC.AWBwZ2AB0/eoWRdEACPSk4/ZBiMKHldOFQc38Rs1445318251',1,16,'2015-10-20 05:17:31',NULL,'192.168.1.3',0,'Mozilla/5.0 (X11; Linux x86_64) AppleWebKit/537.36 (KHTML, like Gecko) Chrome/41.0.2272.101 Safari/537.36'),(543,'$pbkdf2-sha256$200$a.299743Rmht7b035rx3Dg$PGIu.EEIIuR7bYLFVEeh9.qXHhi3S8H/X9f3HilohGA1445327841',1,16,'2015-10-20 07:57:21',NULL,'192.168.1.3',0,'Mozilla/5.0 (X11; Linux x86_64) AppleWebKit/537.36 (KHTML, like Gecko) Chrome/41.0.2272.101 Safari/537.36'),(544,'$pbkdf2-sha256$200$VKqV0prTGgMAwDiHkNJ6bw$uEQsP5uoE3PlM0anfmvc.WQe5wSEXYtQ.JWaVoRi3eI1445385942',1,16,'2015-10-21 00:05:42',NULL,'192.168.1.2',0,'Mozilla/5.0 (X11; Linux x86_64) AppleWebKit/537.36 (KHTML, like Gecko) Chrome/41.0.2272.101 Safari/537.36'),(545,'$pbkdf2-sha256$200$ytkbY.zdO0cohRDi3Lu39g$CK2jbfQacYgaiLlJKZojlPDCPaGd86OQQokLTk/Xf/Y1445471281',1,16,'2015-10-21 23:48:01',NULL,'192.168.1.5',0,'Mozilla/5.0 (X11; Linux x86_64) AppleWebKit/537.36 (KHTML, like Gecko) Chrome/41.0.2272.101 Safari/537.36'),(546,'$pbkdf2-sha256$200$E2JsjfEe4zynFMI4pzTG2A$GDsaBY73HR.CnA1hsGMzZ0DlS.MCbsReIEzZAd9jZDQ1445642721',1,16,'2015-10-23 23:25:21',NULL,'192.168.1.4',0,'Mozilla/5.0 (X11; Linux x86_64) AppleWebKit/537.36 (KHTML, like Gecko) Chrome/41.0.2272.101 Safari/537.36'),(547,'$pbkdf2-sha256$200$RYgRohRijDEGAIBwzvkf4w$ZTkqsL0aLtIn.g.Dk80XXXO2/1MJgNw.yUT30CJZNho1445676934',1,16,'2015-10-24 08:55:34',NULL,'192.168.1.2',0,'Mozilla/5.0 (X11; Linux x86_64) AppleWebKit/537.36 (KHTML, like Gecko) Chrome/41.0.2272.101 Safari/537.36'),(548,'$pbkdf2-sha256$200$EsK419qbU8o5Z2wNgXDOmQ$WudINlUb2ewgsda8LukZUOl6xbxcMm53fR66SKYm4Zw1445705725',1,16,'2015-10-24 16:55:25',NULL,'192.168.1.3',0,'Mozilla/5.0 (X11; Linux x86_64) AppleWebKit/537.36 (KHTML, like Gecko) Chrome/41.0.2272.101 Safari/537.36'),(549,'$pbkdf2-sha256$200$MMYY4/x/by2l1Nqbc04JAQ$iwsS5DcE5Fl5ZRoiVJjum65I35qIEEkIREk2myRPN/c1445900002',1,16,'2015-10-26 22:53:22',NULL,'127.0.0.1',0,'Mozilla/5.0 (X11; Linux x86_64) AppleWebKit/537.36 (KHTML, like Gecko) Chrome/41.0.2272.101 Safari/537.36'),(550,'$pbkdf2-sha256$200$IEQIASCEkNKac05pTWltrQ$OdRhn4UcSsgO6iHxStZV9AuwTmhkK.dCqaBwWqCsEaM1445900043',1,17,'2015-10-26 22:54:03',NULL,'127.0.0.1',0,'Mozilla/5.0 (X11; Ubuntu; Linux x86_64; rv:41.0) Gecko/20100101 Firefox/41.0'),(551,'$pbkdf2-sha256$200$KWUMIeQ8B2CMkVKqNQagFA$BKkg4e7JlYFu/BWEw5Jy7VnvHa6pI5jw7rffOOs2Kjk1445900943',1,17,'2015-10-26 23:09:03',NULL,'192.168.1.2',0,'Mozilla/5.0 (X11; Ubuntu; Linux x86_64; rv:41.0) Gecko/20100101 Firefox/41.0'),(552,'$pbkdf2-sha256$200$krL2/n.vVUpJaS0FwFirtQ$zGOg5bXWz3F0ZVe9s0B/TaS6WYI0wLMAE1jlMk3OhF81445900967',1,16,'2015-10-26 23:09:27',NULL,'192.168.1.2',0,'Mozilla/5.0 (X11; Linux x86_64) AppleWebKit/537.36 (KHTML, like Gecko) Chrome/41.0.2272.101 Safari/537.36'),(553,'$pbkdf2-sha256$200$XEtpjTGGsHZOKUWotRYixA$Yo3AFachmL5gToqlDFaCKpVrAlUetlzYAOiWTc7l5Kc1445986406',1,16,'2015-10-27 22:53:26',NULL,'192.168.1.4',0,'Mozilla/5.0 (X11; Linux x86_64) AppleWebKit/537.36 (KHTML, like Gecko) Chrome/41.0.2272.101 Safari/537.36'),(554,'$pbkdf2-sha256$200$WasVohQiRKiV8l5LaS2FsA$FEmqnbOfdq90moi4U9YQIn3ELoUdcJeqVNTHolRmL/81445986429',1,17,'2015-10-27 22:53:49',NULL,'192.168.1.4',0,'Mozilla/5.0 (X11; Ubuntu; Linux x86_64; rv:41.0) Gecko/20100101 Firefox/41.0'),(555,'$pbkdf2-sha256$200$aA1hjPH.P6d0TqnVWsuZMw$fpNZzv/.0FSHR220Y9O5xgf0CwCezfedeW2kCFKkGEs1446162645',1,17,'2015-10-29 23:50:45',NULL,'192.168.1.4',0,'Mozilla/5.0 (X11; Ubuntu; Linux x86_64; rv:41.0) Gecko/20100101 Firefox/41.0'),(556,'$pbkdf2-sha256$200$VWot5ZzTulfq3Tun9D4nJA$C58bN59WV0aujJHDmoEwoNhgWrD9tWWN5iOL3jPmeow1446162665',1,16,'2015-10-29 23:51:05',NULL,'192.168.1.4',0,'Mozilla/5.0 (X11; Linux x86_64) AppleWebKit/537.36 (KHTML, like Gecko) Chrome/41.0.2272.101 Safari/537.36'),(557,'$pbkdf2-sha256$200$qFVKqZWSUqpV6j0npJTy3g$Jp2k2.ae0aSPW9PJFocpAM.LblwW8xmowotgRW5Puwc1446198178',1,16,'2015-10-30 09:42:58',NULL,'192.168.1.2',0,'Mozilla/5.0 (X11; Linux x86_64) AppleWebKit/537.36 (KHTML, like Gecko) Chrome/41.0.2272.101 Safari/537.36'),(558,'$pbkdf2-sha256$200$GMNYS4lxrpVy7j3HOCfkHA$4KaBDePXrVsZdY5Jam46CiAFj8hdYTDA6k8WfudXaFU1446198198',1,17,'2015-10-30 09:43:18',NULL,'192.168.1.2',0,'Mozilla/5.0 (X11; Ubuntu; Linux x86_64; rv:41.0) Gecko/20100101 Firefox/41.0'),(559,'$pbkdf2-sha256$200$au0dw7gX4jynVKpVytmbMw$3aKaDp3GMhCIYV/i3u2DlqEh71oE7cWIniHG3XguyQc1446306205',1,16,'2015-10-31 15:43:25',NULL,'192.168.1.2',0,'Mozilla/5.0 (X11; Linux x86_64) AppleWebKit/537.36 (KHTML, like Gecko) Chrome/41.0.2272.101 Safari/537.36'),(560,'$pbkdf2-sha256$200$35tzbs2ZM8bYe88ZY8xZCw$LeSxRvg2IsXDU2g3uoca4RVvwduv/HAgm2qS2A640kQ1446306226',1,17,'2015-10-31 15:43:46',NULL,'192.168.1.2',0,'Mozilla/5.0 (X11; Ubuntu; Linux x86_64; rv:41.0) Gecko/20100101 Firefox/41.0'),(561,'$pbkdf2-sha256$200$.x9DKOWc0/o/p/ReyxkDAA$2Dk1beOCKV4PB8BYdX86082lWRqk6BN1jb0ySuz02xU1446504817',1,17,'2015-11-02 22:53:37',NULL,'192.168.1.4',0,'Mozilla/5.0 (X11; Ubuntu; Linux x86_64; rv:41.0) Gecko/20100101 Firefox/41.0'),(562,'$pbkdf2-sha256$200$srZW6v3/f6.VUmoNoRTiXA$oqdJJaFYrzE83dIVn9/BUW9PNbjuScRkQug4YsD2iHo1446504928',1,16,'2015-11-02 22:55:28',NULL,'192.168.1.4',0,'Mozilla/5.0 (X11; Linux x86_64) AppleWebKit/537.36 (KHTML, like Gecko) Chrome/41.0.2272.101 Safari/537.36'),(563,'$pbkdf2-sha256$200$p9S6V4oRAkAoJUQohXCudQ$R9wypye8LF6dFR/GnHkaCqljS2iUSjPBVn.1Q8UXylw1446676564',1,17,'2015-11-04 22:36:04',NULL,'192.168.1.4',0,'Mozilla/5.0 (X11; Ubuntu; Linux x86_64; rv:41.0) Gecko/20100101 Firefox/41.0'),(564,'$pbkdf2-sha256$200$D2GslXIuJYTwHgMgBOAcAw$IeSldWLqaw6begeZslF6.MTsDINp970/N4Sc2eF869I1446693872',1,17,'2015-11-05 03:24:32',NULL,'192.168.1.2',0,'Mozilla/5.0 (X11; Ubuntu; Linux x86_64; rv:41.0) Gecko/20100101 Firefox/41.0'),(565,'$pbkdf2-sha256$200$pTSmtBbi3Ns7B0CoNYbwfg$wpypp3xyLd.aTBnGfFdkHgbcmyc/vHiVVkmxOL12x/A1446767904',1,17,'2015-11-05 23:58:24',NULL,'192.168.1.4',0,'Mozilla/5.0 (X11; Ubuntu; Linux x86_64; rv:41.0) Gecko/20100101 Firefox/41.0'),(566,'$pbkdf2-sha256$200$kzLG2JtTyhkjZKyVMsYYww$UmRo91gLgNuRucH3CS8lp55wZAPMgQiMGj4ue8fgOus1447111067',1,17,'2015-11-09 23:17:47',NULL,'192.168.1.3',0,'Mozilla/5.0 (X11; Linux x86_64) AppleWebKit/537.36 (KHTML, like Gecko) Chrome/41.0.2272.101 Safari/537.36'),(567,'$pbkdf2-sha256$200$PifkvLcWAqCUUmrtHQMgxA$6sVLwjc.cafibczYuPagpTkYWrQSD7PNKNLo4fJ/ZXM1447111095',1,16,'2015-11-09 23:18:15',NULL,'192.168.1.3',0,'Mozilla/5.0 (X11; Ubuntu; Linux x86_64; rv:41.0) Gecko/20100101 Firefox/41.0'),(568,'$pbkdf2-sha256$200$NEZIiZHS.r/3HiOkNCZkLA$3IugtR7.ry1ivTzf8m05nU6PZjnd9WvYdJQkTT5b4cg1447132731',1,17,'2015-11-10 05:18:51',NULL,'192.168.1.2',0,'Mozilla/5.0 (X11; Linux x86_64) AppleWebKit/537.36 (KHTML, like Gecko) Chrome/41.0.2272.101 Safari/537.36'),(569,'$pbkdf2-sha256$200$nFNKScl5T2lt7V1rbU0JAQ$gtij0kiulCVkc9TyhJAtMjVXQs55.fg90.SsZszsnYQ1447132752',1,16,'2015-11-10 05:19:12',NULL,'192.168.1.2',0,'Mozilla/5.0 (X11; Ubuntu; Linux x86_64; rv:41.0) Gecko/20100101 Firefox/41.0'),(570,'$pbkdf2-sha256$200$X4sRQoiREmJszRnjPIdwDg$k7GY7BpVRsspeahvDrH8WBcVBdxwmCSwlhg7eu7coPM1447266710',1,17,'2015-11-11 18:31:50',NULL,'192.168.1.4',0,'Mozilla/5.0 (X11; Linux x86_64) AppleWebKit/537.36 (KHTML, like Gecko) Chrome/41.0.2272.101 Safari/537.36'),(571,'$pbkdf2-sha256$200$25vTWotxzjmHcI7x/r/X2g$j5u28xqm7QzXsXizCyby8C4u90Tm4rpBM.Ccr1uN.2k1447266738',1,16,'2015-11-11 18:32:18',NULL,'192.168.1.4',0,'Mozilla/5.0 (X11; Ubuntu; Linux x86_64; rv:41.0) Gecko/20100101 Firefox/41.0'),(572,'$pbkdf2-sha256$200$LMW4lxJijPF.j/F.r1VqrQ$nXtYWB/hVsLfGL8sAQePocMDGI5sCytAR7m5cA/fs4U1447371342',1,17,'2015-11-12 23:35:42',NULL,'192.168.1.4',0,'Mozilla/5.0 (X11; Linux x86_64) AppleWebKit/537.36 (KHTML, like Gecko) Chrome/41.0.2272.101 Safari/537.36'),(573,'$pbkdf2-sha256$200$IaTUuhei9F5rrTVmbC0lpA$HOgm5cfl7gvivOAz5ObEAfcrg/S13XXjb64YhcqrA1A1447371360',1,16,'2015-11-12 23:36:00',NULL,'192.168.1.4',0,'Mozilla/5.0 (X11; Ubuntu; Linux x86_64; rv:41.0) Gecko/20100101 Firefox/41.0'),(574,'$pbkdf2-sha256$200$9X4PIQRA6F3L.Z.z1vq/lw$hggmU1ivwGT6r2.d0q3UHvFmYPQXhk.GdYiJUki3QGw1447522919',1,17,'2015-11-14 17:41:59',NULL,'192.168.1.4',0,'Mozilla/5.0 (X11; Linux x86_64) AppleWebKit/537.36 (KHTML, like Gecko) Chrome/41.0.2272.101 Safari/537.36'),(575,'$pbkdf2-sha256$200$O6d0rpWSkrL2XotRqlUKYQ$4nLALYf5KEfRm57boqC1nYkh6XYzCwioV6VmFbGJys41447533174',1,17,'2015-11-14 20:32:54',NULL,'192.168.1.2',0,'Mozilla/5.0 (X11; Linux x86_64) AppleWebKit/537.36 (KHTML, like Gecko) Chrome/41.0.2272.101 Safari/537.36'),(576,'$pbkdf2-sha256$200$e2.NEcJ4j1EK4TznfC8FAA$bCn80qpwDZN..AbKzGxRyI7WYeeHeybYJbdPbdAIWfQ1447888204',1,17,'2015-11-18 23:10:04',NULL,'192.168.1.4',0,'Mozilla/5.0 (X11; Linux x86_64) AppleWebKit/537.36 (KHTML, like Gecko) Chrome/41.0.2272.101 Safari/537.36'),(577,'$pbkdf2-sha256$200$c845p9Q65xzjXItxjnEOoQ$Uw7mS10gSoHlY0Pibt29LB7uf6rzCvQE2FVwfukYcFQ1447888271',1,16,'2015-11-18 23:11:11',NULL,'192.168.1.4',0,'Mozilla/5.0 (X11; Ubuntu; Linux x86_64; rv:41.0) Gecko/20100101 Firefox/41.0'),(578,'$pbkdf2-sha256$200$2vt/L8V4zxnDmDMmJEQIAQ$t9Gq7lMaTgE5HinYYXKCRMVcU14e5e7jQeO1JijpWFY1447973641',1,17,'2015-11-19 22:54:01',NULL,'192.168.1.4',0,'Mozilla/5.0 (X11; Linux x86_64) AppleWebKit/537.36 (KHTML, like Gecko) Chrome/41.0.2272.101 Safari/537.36'),(579,'$pbkdf2-sha256$200$TSmFkNL6vxdirBUiBGBMyQ$agKuTHbIKmJEFwJiUaXKiv9laomkFZIyHCW.Des1nQQ1448061728',1,17,'2015-11-20 23:22:08',NULL,'192.168.1.4',0,'Mozilla/5.0 (X11; Linux x86_64) AppleWebKit/537.36 (KHTML, like Gecko) Chrome/41.0.2272.101 Safari/537.36'),(580,'$pbkdf2-sha256$200$Wes9J.QcQ.jdG0Mo5Zzzfg$bi7i3PoBr.Ls9HMB8NVw0eIWIAmaZKZMryjuyfdYZME1448319128',1,17,'2015-11-23 22:52:08',NULL,'192.168.1.4',0,'Mozilla/5.0 (X11; Linux x86_64) AppleWebKit/537.36 (KHTML, like Gecko) Chrome/41.0.2272.101 Safari/537.36'),(581,'$pbkdf2-sha256$200$szYmZIxRag0B4NwbI2QMYQ$ZcyfhCfLu1s.NEIA42lP24.d0BDiJAevoLvcngXP/LA1448319208',1,16,'2015-11-23 22:53:28',NULL,'192.168.1.4',0,'Mozilla/5.0 (X11; Ubuntu; Linux x86_64; rv:41.0) Gecko/20100101 Firefox/41.0'),(582,'$pbkdf2-sha256$200$2zuHEAJAyHmPca71vpdy7g$HIYqyuLVM5Vd6T.Z5dVf4csiq8rHJ83os8I49Ga6qcE1448406238',1,17,'2015-11-24 23:03:58',NULL,'192.168.1.4',0,'Mozilla/5.0 (X11; Linux x86_64) AppleWebKit/537.36 (KHTML, like Gecko) Chrome/41.0.2272.101 Safari/537.36'),(583,'$pbkdf2-sha256$200$oZSS0lqLMUZIKeV8L2WMEQ$Dq94xnOai95g8N81FU8pOFhJRIb1AUsb9TzN2dEbayE1448406287',1,16,'2015-11-24 23:04:47',NULL,'192.168.1.4',0,'Mozilla/5.0 (X11; Ubuntu; Linux x86_64; rv:41.0) Gecko/20100101 Firefox/41.0'),(584,'$pbkdf2-sha256$200$8Z4T4nwvhZDSmrPWGuM8Zw$5SIYcPMPGT3vr1C0OlhlefBlCtOyczwPQbX6lmASFG01448496128',1,17,'2015-11-26 00:02:08',NULL,'192.168.1.4',0,'Mozilla/5.0 (X11; Linux x86_64) AppleWebKit/537.36 (KHTML, like Gecko) Chrome/41.0.2272.101 Safari/537.36'),(585,'$pbkdf2-sha256$200$wTiHMAaAEMIYg1BqzZkTwg$dhyKQGrRHO3pA3m9zqk8ucwy..xbGydv7MOxv373mfM1448496165',1,16,'2015-11-26 00:02:45',NULL,'192.168.1.4',0,'Mozilla/5.0 (X11; Ubuntu; Linux x86_64; rv:41.0) Gecko/20100101 Firefox/41.0'),(586,'$pbkdf2-sha256$200$6P0/hzBGaG2N8X7P.X8vJQ$SXCIfVGRw.1yCvS5eeSKC9GScUmXg7K8m7fPXTrDsJ01448925119',1,17,'2015-11-30 23:11:59',NULL,'192.168.1.4',0,'Mozilla/5.0 (X11; Linux x86_64) AppleWebKit/537.36 (KHTML, like Gecko) Chrome/41.0.2272.101 Safari/537.36'),(587,'$pbkdf2-sha256$200$GSOEcG4tBYDw/v9fC0EIgQ$j4oH0uLElKqn3Tbp61l.p6hFskgkKslIER294iMxhsk1448925165',1,16,'2015-11-30 23:12:45',NULL,'192.168.1.4',0,'Mozilla/5.0 (X11; Ubuntu; Linux x86_64; rv:41.0) Gecko/20100101 Firefox/41.0'),(588,'$pbkdf2-sha256$200$nlOK8d4bg7CWsrb23jsnxA$cLhXdR.7mjvLq1yv6HxYoUdpl0oZEgJJmboIHwlgroM1449095989',1,17,'2015-12-02 22:39:49',NULL,'192.168.1.3',0,'Mozilla/5.0 (X11; Linux x86_64) AppleWebKit/537.36 (KHTML, like Gecko) Chrome/41.0.2272.101 Safari/537.36'),(589,'$pbkdf2-sha256$200$vFcqJURoLYWQktL6P0eIcQ$pue/Jz7n.pnfhbO8LWahyEbw16oLL9q5TrnQha5dIQk1449271795',1,17,'2015-12-04 23:29:55',NULL,'192.168.1.4',0,'Mozilla/5.0 (X11; Linux x86_64) AppleWebKit/537.36 (KHTML, like Gecko) Chrome/41.0.2272.101 Safari/537.36'),(590,'$pbkdf2-sha256$200$E4LwnvM.5zyHMCbkHMPYWw$e0VWHW.XhQUciD9BdiT.pw9tgiLu1jQW1QdOpKYnsyQ1449271814',1,16,'2015-12-04 23:30:14',NULL,'192.168.1.4',0,'Mozilla/5.0 (X11; Ubuntu; Linux x86_64; rv:41.0) Gecko/20100101 Firefox/41.0'),(591,'$pbkdf2-sha256$200$D2Hs/V.rVao1xngvJaQ0hg$lxZ5Xh/iet3jSMDkjdXTu04xRi05o0yjcUzeUxgd3LA1449415156',1,17,'2015-12-06 15:19:16',NULL,'192.168.1.2',0,'Mozilla/5.0 (X11; Linux x86_64) AppleWebKit/537.36 (KHTML, like Gecko) Chrome/41.0.2272.101 Safari/537.36'),(592,'$pbkdf2-sha256$200$1VqrtVYqBQAAwFhLKSXkXA$1dbqSKdMa8ZCq5gPydce5VediWMdzjsJhFsMQvesdOE1449532814',1,17,'2015-12-08 00:00:14',NULL,'192.168.1.2',0,'Mozilla/5.0 (X11; Linux x86_64) AppleWebKit/537.36 (KHTML, like Gecko) Chrome/41.0.2272.101 Safari/537.36'),(593,'$pbkdf2-sha256$200$653TmpOS8p5TKoVwDqGU0g$QE/qo3Y0RC7GsZph0VMYWpcwjZ/CgLyb944Bq/1omoA1449706219',1,17,'2015-12-10 00:10:19',NULL,'192.168.1.4',0,'Mozilla/5.0 (X11; Linux x86_64) AppleWebKit/537.36 (KHTML, like Gecko) Chrome/41.0.2272.101 Safari/537.36'),(594,'$pbkdf2-sha256$200$0DonBADAOEdIaS3l/P8fgw$9bdeaF0ndWG/bPVPl0sIZCehI4RrE6.BugOQxZ1M/Jg1449873388',1,17,'2015-12-11 22:36:28',NULL,'192.168.1.4',0,'Mozilla/5.0 (X11; Linux x86_64) AppleWebKit/537.36 (KHTML, like Gecko) Chrome/41.0.2272.101 Safari/537.36'),(595,'$pbkdf2-sha256$200$03rv/V.r1dp7731v7d37/w$8Ur6nRQUOTLhzhZZcRR/zviLziTaGJYBTwPkSExWSsI1450035010',1,17,'2015-12-13 19:30:10',NULL,'192.168.1.4',0,'Mozilla/5.0 (X11; Linux x86_64) AppleWebKit/537.36 (KHTML, like Gecko) Chrome/41.0.2272.101 Safari/537.36'),(596,'$pbkdf2-sha256$200$njOGcK5VSklJSSnlXGttzQ$3d7elnhtgTFJp0HRaCpKXuyKn90IA6CBxetz32e24GQ1450136235',1,17,'2015-12-14 23:37:15',NULL,'192.168.1.4',0,'Mozilla/5.0 (X11; Linux x86_64) AppleWebKit/537.36 (KHTML, like Gecko) Chrome/41.0.2272.101 Safari/537.36'),(597,'$pbkdf2-sha256$200$UUpJSUnp3fsfA2BsLYXwXg$nT3cFvWpsne09DidpU.a/xrMeI8Ymz4.VhpsMlg0ulY1450157934',1,17,'2015-12-15 05:38:54',NULL,'192.168.1.2',0,'Mozilla/5.0 (X11; Linux x86_64) AppleWebKit/537.36 (KHTML, like Gecko) Chrome/41.0.2272.101 Safari/537.36'),(598,'$pbkdf2-sha256$200$LyUEAIDwnhMi5Jxzbk3pnQ$D/RnsavCuedupwxFoUACEO.u0GF4v2dK0VmRKD0QCK01450225923',1,17,'2015-12-16 00:32:03',NULL,'192.168.1.4',0,'Mozilla/5.0 (X11; Linux x86_64) AppleWebKit/537.36 (KHTML, like Gecko) Chrome/41.0.2272.101 Safari/537.36'),(599,'$pbkdf2-sha256$200$4hwDgHCu1VprzXmPUeq9dw$gE0o912e8RgQTj7JIa6OKOxCdPWcgba6b6Vbkp6YzJI1450315301',1,17,'2015-12-17 01:21:41',NULL,'192.168.1.4',0,'Mozilla/5.0 (X11; Linux x86_64) AppleWebKit/537.36 (KHTML, like Gecko) Chrome/41.0.2272.101 Safari/537.36'),(600,'$pbkdf2-sha256$200$qvX.X.u919r7/x.D0Hqv9Q$30Q/Wr3rn.pZBzW85pWgUMD4pEu9Uh.8ayOG3sTBa8s1450482695',1,17,'2015-12-18 23:51:35',NULL,'192.168.1.4',0,'Mozilla/5.0 (X11; Linux x86_64) AppleWebKit/537.36 (KHTML, like Gecko) Chrome/41.0.2272.101 Safari/537.36'),(601,'$pbkdf2-sha256$200$S.m9V0opReg9Z.zdW4vRug$P1WQ2gCuHI06GneUeR8MxqSh99jUxs1VWSNkFheXUFA1450508665',1,17,'2015-12-19 07:04:25',NULL,'192.168.1.2',0,'Mozilla/5.0 (X11; Linux x86_64) AppleWebKit/537.36 (KHTML, like Gecko) Chrome/41.0.2272.101 Safari/537.36'),(602,'$pbkdf2-sha256$200$BIBQCmFMqRXC2Lt3bu1diw$y5TpHKso21lph3r/.1/ZIx7VSu0nSUDlhh6lJmSD8tU1450550585',1,16,'2015-12-19 18:43:05',NULL,'192.168.1.2',0,'Mozilla/5.0 (X11; Ubuntu; Linux x86_64; rv:41.0) Gecko/20100101 Firefox/41.0'),(603,'$pbkdf2-sha256$200$Zez9n/MeI.Tc.7/X2hsjZA$qmNnxCTC.opcN1Zd4Oa4bSQTevrHyMmXxhRGTu8fUMw1450739786',1,17,'2015-12-21 23:16:26',NULL,'192.168.1.4',0,'Mozilla/5.0 (X11; Linux x86_64) AppleWebKit/537.36 (KHTML, like Gecko) Chrome/41.0.2272.101 Safari/537.36'),(604,'$pbkdf2-sha256$200$wRijlFLqfQ9hbO0dA4DwXg$cJ/S94swWJTAlgyAGUvBSqABZcTJyYN5nv7UL6Q7YsU1450915407',1,17,'2015-12-24 00:03:27',NULL,'192.168.1.4',0,'Mozilla/5.0 (X11; Linux x86_64) AppleWebKit/537.36 (KHTML, like Gecko) Chrome/41.0.2272.101 Safari/537.36'),(605,'$pbkdf2-sha256$200$4twbY6wVIqS0tjbGuPceAw$FGUeJ1WKI2Acqg.Kr0VlQ.5okuJd4Ribjc29EGN/.fc1450940960',1,16,'2015-12-24 07:09:20',NULL,'192.168.1.4',0,'Mozilla/5.0 (X11; Linux x86_64) AppleWebKit/537.36 (KHTML, like Gecko) Chrome/41.0.2272.101 Safari/537.36'),(606,'$pbkdf2-sha256$200$8L435pyT8h5jLCXEWEuJ8Q$WMIZzobHyUnNayh4JSOAShIm.Fk/mVgqJRjCeiuPPq81450940997',1,17,'2015-12-24 07:09:57',NULL,'192.168.1.4',0,'Mozilla/5.0 (X11; Ubuntu; Linux x86_64; rv:41.0) Gecko/20100101 Firefox/41.0'),(607,'$pbkdf2-sha256$200$SimlVOr933tP6T2HcO59bw$AFCHhQfpo5nzfjzuru4CpS/zwzDXgf8Zy/5670C4juk1451072430',1,17,'2015-12-25 19:40:30',NULL,'127.0.0.1',0,'Mozilla/5.0 (X11; Linux x86_64) AppleWebKit/537.36 (KHTML, like Gecko) Chrome/41.0.2272.101 Safari/537.36'),(608,'$pbkdf2-sha256$200$W4vxfq.VEsIY45zTWut9zw$Z1.V2hMc8b.1sMTsJqGU/bdbfRz7mclOhgMp8MTxj9w1451072657',1,16,'2015-12-25 19:44:17',NULL,'127.0.0.1',0,'Mozilla/5.0 (X11; Linux x86_64) AppleWebKit/537.36 (KHTML, like Gecko) Chrome/41.0.2272.101 Safari/537.36'),(609,'$pbkdf2-sha256$200$1HpvLWVsbe1dq5VyTundGw$PvgqdEW.3ZGOauPzvqpNuLu/etBasfnloQueZizxMaY1451073192',1,20,'2015-12-25 19:53:12',NULL,'127.0.0.1',0,'Mozilla/5.0 (X11; Linux x86_64) AppleWebKit/537.36 (KHTML, like Gecko) Chrome/41.0.2272.101 Safari/537.36'),(610,'$pbkdf2-sha256$200$onQOoVSqNaYUohTiXIuRsg$pTtGlXUBNJHALUdczh9pi9/nCy0diH1wvrLLQ94Muqo1451073552',1,21,'2015-12-25 19:59:12',NULL,'127.0.0.1',0,'Mozilla/5.0 (X11; Linux x86_64) AppleWebKit/537.36 (KHTML, like Gecko) Chrome/41.0.2272.101 Safari/537.36'),(611,'$pbkdf2-sha256$200$FeI8x3hvDcH4P6d0jjFmbA$StJk90d2O7pP1rLLYv9pdaBPcC5nM5comHESlL62TtI1451073631',1,21,'2015-12-25 20:00:31',NULL,'127.0.0.1',0,'Mozilla/5.0 (X11; Linux x86_64) AppleWebKit/537.36 (KHTML, like Gecko) Chrome/41.0.2272.101 Safari/537.36'),(612,'$pbkdf2-sha256$200$2dv7P.e8d641RmjtnbN2jg$Ub2IX/VSpnyOQDtoJ5kioyCetrTuKr4svxb6uXqJqLk1451159791',1,20,'2015-12-26 19:56:31',NULL,'127.0.0.1',0,'Mozilla/5.0 (X11; Linux x86_64) AppleWebKit/537.36 (KHTML, like Gecko) Chrome/41.0.2272.101 Safari/537.36'),(613,'$pbkdf2-sha256$200$DGEsxZhT6p2z9v4/x/g/pw$hxOuT6KWBTnQPw4sK4pu3NTaz2jAsKAxM05pcbFgC3Q1451159807',1,21,'2015-12-26 19:56:47',NULL,'127.0.0.1',0,'Mozilla/5.0 (X11; Linux x86_64) AppleWebKit/537.36 (KHTML, like Gecko) Chrome/41.0.2272.101 Safari/537.36'),(614,'$pbkdf2-sha256$200$g7C2Vur9P4dwTikF4NxbCw$RKb9.5uRv3xsBuaJJBJSK.gf7UXmUr9.VGaEbH8qN8o1451302642',1,17,'2015-12-28 11:37:22',NULL,'192.168.43.55',0,'Mozilla/5.0 (X11; Linux x86_64) AppleWebKit/537.36 (KHTML, like Gecko) Chrome/41.0.2272.101 Safari/537.36'),(615,'$pbkdf2-sha256$200$711rrVWq1VqrlRLi/L/XGg$wJKb2QfzEJETePZHHgWwx809VYflb.Gup776ZaDce1A1451302678',1,21,'2015-12-28 11:37:58',NULL,'192.168.43.55',0,'Mozilla/5.0 (X11; Linux x86_64) AppleWebKit/537.36 (KHTML, like Gecko) Chrome/41.0.2272.101 Safari/537.36'),(616,'$pbkdf2-sha256$200$g5DyvjfG.P./t5Zybq3VWg$maCvOpZN0l5X8lsxTM6TWspw0XLM0tc4VxNfRmsaiv01451308953',1,16,'2015-12-28 13:22:33',NULL,'192.168.43.55',0,'Mozilla/5.0 (X11; Ubuntu; Linux x86_64; rv:41.0) Gecko/20100101 Firefox/41.0'),(617,'$pbkdf2-sha256$200$6/2/t/a.9/6/d47R2vu/1w$tu/xzCt4Uhpj/VQR140rYorl1hmua0l/sCISLiVOybA1451317055',1,17,'2015-12-28 15:37:35',NULL,'127.0.0.1',0,'Mozilla/5.0 (X11; Linux x86_64) AppleWebKit/537.36 (KHTML, like Gecko) Chrome/41.0.2272.101 Safari/537.36'),(618,'$pbkdf2-sha256$200$kNJ6T.mds/b.X6sVAsDYGw$92McdHfxjPPbOFb.0Z8Z85DbQLGfej0hUOiiDprx4xI1451317077',1,21,'2015-12-28 15:37:57',NULL,'127.0.0.1',0,'Mozilla/5.0 (X11; Linux x86_64) AppleWebKit/537.36 (KHTML, like Gecko) Chrome/41.0.2272.101 Safari/537.36'),(619,'$pbkdf2-sha256$200$cI6xlhKi1DpHqPX.37v3/g$G84j.y0dn77yLZu8ALUTqFwlCV3cgzRs.w.zpHUkRqY1451339374',1,16,'2015-12-28 21:49:34',NULL,'127.0.0.1',0,'Mozilla/5.0 (X11; Ubuntu; Linux x86_64; rv:41.0) Gecko/20100101 Firefox/41.0'),(620,'$pbkdf2-sha256$200$HENIyTlnbA3BWIsRgrA2Bg$jXb6e7BQs5Dy8lYa6on/1PBiyOA1xA4gzumB8E77fkw1451394360',1,21,'2015-12-29 13:06:00',NULL,'127.0.0.1',0,'Mozilla/5.0 (X11; Linux x86_64) AppleWebKit/537.36 (KHTML, like Gecko) Chrome/41.0.2272.101 Safari/537.36'),(621,'$pbkdf2-sha256$200$odT6HwMgpJQy5vzfG8N4Dw$.gkimUTLcIAqagWG8qnHlBN9vjzEgACzLRc2uptPcM01451550174',1,21,'2015-12-31 08:22:54',NULL,'192.168.1.4',0,'Mozilla/5.0 (X11; Linux x86_64) AppleWebKit/537.36 (KHTML, like Gecko) Chrome/41.0.2272.101 Safari/537.36'),(622,'$pbkdf2-sha256$200$CmHMmRMCgLB2TmkNofSecw$0yKrCtFn7Mlqo25Qp/cNUULJwvY2bPnMn4MmmaNz0C01451662710',1,21,'2016-01-01 15:38:30',NULL,'192.168.1.4',0,'Mozilla/5.0 (X11; Linux x86_64) AppleWebKit/537.36 (KHTML, like Gecko) Chrome/41.0.2272.101 Safari/537.36'),(623,'$pbkdf2-sha256$200$DaHUOmcspVQKgTDmXMvZGw$DP7OIuNfp1hqHegfLvwaU.CrfuwK5PCfOOuQMMDQefQ1451665705',1,16,'2016-01-01 16:28:25',NULL,'192.168.1.4',0,'Opera/9.80 (X11; Linux x86_64) Presto/2.12.388 Version/12.16'),(624,'$pbkdf2-sha256$200$VAqhtBbiPAfgfI.xNobw3g$d0lKkmr4soqbU6R61J1.eBqI9a0aD52jlzeocofRKBw1451670155',1,16,'2016-01-01 17:42:35',NULL,'192.168.1.4',0,'Mozilla/5.0 (X11; Ubuntu; Linux x86_64; rv:41.0) Gecko/20100101 Firefox/41.0'),(625,'$pbkdf2-sha256$200$wTgHoBRizFmr9d577z2HMA$pfTspPZKKXDsg1pfo0ArkkmXCdDa65d5nRWMjkeQJgA1451725181',1,21,'2016-01-02 08:59:41',NULL,'192.168.1.2',0,'Mozilla/5.0 (X11; Linux x86_64) AppleWebKit/537.36 (KHTML, like Gecko) Chrome/41.0.2272.101 Safari/537.36'),(626,'$pbkdf2-sha256$200$sVaq9f4/5xyjNIawNmbMeQ$SOpPHBhBObJ4oJBkzc5s3yWk.xNzIsvQSvoTkFNnvbU1451727978',1,17,'2016-01-02 09:46:18',NULL,'192.168.1.2',0,'Mozilla/5.0 (X11; Ubuntu; Linux x86_64; rv:41.0) Gecko/20100101 Firefox/41.0'),(627,'$pbkdf2-sha256$200$AsAYIySkNOacU.r9f4.Rcg$Y1Jp8Pe0ebWpjAKnhSbkpHCJpt9p6PFwr.i8.Gmi4mQ1451851160',1,17,'2016-01-03 19:59:20',NULL,'192.168.1.3',0,'Mozilla/5.0 (X11; Ubuntu; Linux x86_64; rv:41.0) Gecko/20100101 Firefox/41.0'),(628,'$pbkdf2-sha256$200$5Ny79/7/P2fMmTOGUGqNsQ$yBs3zlK0cU.dB6Z6CruXJiScyQ7xkpUxWbpinx73C8Y1451851180',1,21,'2016-01-03 19:59:40',NULL,'192.168.1.3',0,'Mozilla/5.0 (X11; Linux x86_64) AppleWebKit/537.36 (KHTML, like Gecko) Chrome/41.0.2272.101 Safari/537.36'),(629,'$pbkdf2-sha256$200$DYHwfu99D6E0xnhPyfn//w$Z.jbcb3nbsCs2.EBmGbLyXPKsLJWV825g2/iXalOR.M1451952500',1,21,'2016-01-05 00:08:20',NULL,'192.168.1.3',0,'Mozilla/5.0 (X11; Linux x86_64) AppleWebKit/537.36 (KHTML, like Gecko) Chrome/41.0.2272.101 Safari/537.36'),(630,'$pbkdf2-sha256$200$qjXmfK/V2pvz3hvDuNe6tw$kIv4/q6ND92zk18kbykx0GCDUmDZDNV6VQcakXVgKNo1451962828',1,21,'2016-01-05 03:00:28',NULL,'192.168.1.2',0,'Mozilla/5.0 (X11; Linux x86_64) AppleWebKit/537.36 (KHTML, like Gecko) Chrome/41.0.2272.101 Safari/537.36'),(631,'$pbkdf2-sha256$200$x3gv5bx3DmGstTbGmNM6hw$pD9lIZM9yZW8/7D1QLRJblKSYODAZhzN4ElnHf9fru41452122896',1,21,'2016-01-06 23:28:16',NULL,'192.168.1.2',0,'Mozilla/5.0 (X11; Linux x86_64) AppleWebKit/537.36 (KHTML, like Gecko) Chrome/41.0.2272.101 Safari/537.36'),(632,'$pbkdf2-sha256$200$qXUupfSe834vZUwpxViLEQ$2zpAFTlRUfexksmrvNHXEULac.T3xuWcJCSJXCBR7941452130778',1,21,'2016-01-07 01:39:38',NULL,'192.168.1.3',0,'Mozilla/5.0 (X11; Linux x86_64) AppleWebKit/537.36 (KHTML, like Gecko) Chrome/41.0.2272.101 Safari/537.36'),(633,'$pbkdf2-sha256$200$iPHee4.RkvI.p9QaA.CcUw$Fk5kZwsuiz0AVByCblqyhXKmkinaILEz9oHtutPE.oU1452352790',1,21,'2016-01-09 15:19:50',NULL,'192.168.1.4',0,'Mozilla/5.0 (X11; Linux x86_64) AppleWebKit/537.36 (KHTML, like Gecko) Chrome/41.0.2272.101 Safari/537.36'),(634,'$pbkdf2-sha256$200$7Z3zPsf4P.d8z9n7n1Pq3Q$kj/nZbNuYJqTuI2U5j0vrArdgdRQJUAjQipC6OrmvSk1452444502',1,21,'2016-01-10 16:48:22',NULL,'192.168.1.4',0,'Mozilla/5.0 (X11; Linux x86_64) AppleWebKit/537.36 (KHTML, like Gecko) Chrome/41.0.2272.101 Safari/537.36'),(635,'$pbkdf2-sha256$200$4jzHGCOk1BpjrPV.D4FQSg$AFiEAMcdUHdu5VJfSfw9uztOyXoPaCOGrr.G1U530441452555537',1,21,'2016-01-11 23:38:57',NULL,'192.168.1.4',0,'Mozilla/5.0 (X11; Linux x86_64) AppleWebKit/537.36 (KHTML, like Gecko) Chrome/41.0.2272.101 Safari/537.36'),(636,'$pbkdf2-sha256$200$Z4yxFsJ4DwHgPMf4v1cq5Q$VlhQTywdQOiI80V9us38Uf2.q5kvHnTfxf0IpK78ZPw1452557625',1,21,'2016-01-12 00:13:45',NULL,'192.168.1.4',0,'Mozilla/5.0 (X11; Linux x86_64) AppleWebKit/537.36 (KHTML, like Gecko) Chrome/41.0.2272.101 Safari/537.36'),(637,'$pbkdf2-sha256$200$NCak1FrL.Z/TWqtVypkzJg$PcGDk16p0XEbBX9jNQZyGkah2hpmCfQt8zgSqvvm6sw1452587058',1,21,'2016-01-12 08:24:18',NULL,'192.168.1.2',0,'Mozilla/5.0 (X11; Linux x86_64) AppleWebKit/537.36 (KHTML, like Gecko) Chrome/41.0.2272.101 Safari/537.36'),(638,'$pbkdf2-sha256$200$MWbM2fvf.z.HMIYwpnROyQ$S09amUandrPBV6hdEkpv64GA1ccYiXRWwIj9n9QBQkI1452708107',1,21,'2016-01-13 18:01:47',NULL,'192.168.1.4',0,'Mozilla/5.0 (X11; Linux x86_64) AppleWebKit/537.36 (KHTML, like Gecko) Chrome/41.0.2272.101 Safari/537.36'),(639,'$pbkdf2-sha256$200$oLR2TmltbQ2h1NpbK0Uo5Q$wl3UEI2pltcSjeom9rmgLKzBTCIAqvrvmQnJxTrj2OU1452813184',1,21,'2016-01-14 23:13:04',NULL,'192.168.1.4',0,'Mozilla/5.0 (X11; Linux x86_64) AppleWebKit/537.36 (KHTML, like Gecko) Chrome/41.0.2272.101 Safari/537.36'),(640,'$pbkdf2-sha256$200$yTmn1FrrHYPwPqcUYmyNsQ$ydo6fAFsyDWYEZGUN9CDRijuUV4UFbEJYRxzww9u24I1452837795',1,21,'2016-01-15 06:03:15',NULL,'192.168.1.3',0,'Mozilla/5.0 (X11; Linux x86_64) AppleWebKit/537.36 (KHTML, like Gecko) Chrome/41.0.2272.101 Safari/537.36'),(641,'$pbkdf2-sha256$200$BcDY2/s/51yLsZYy5rzXGg$nVDRHUjMZhLRvAMuZSWHo3.z5yOwrNk4xE9FLknrb981452849875',1,21,'2016-01-15 09:24:35',NULL,'192.168.1.2',0,'Mozilla/5.0 (X11; Linux x86_64) AppleWebKit/537.36 (KHTML, like Gecko) Chrome/41.0.2272.101 Safari/537.36'),(642,'$pbkdf2-sha256$200$/t8b43yvdc65V0ppbe19bw$/RcbtpcoMOEE7MqqgOPZ1dqPl46kLEBo9G99p6sDwlc1452942347',1,21,'2016-01-16 11:05:47',NULL,'192.168.1.2',0,'Mozilla/5.0 (X11; Linux x86_64) AppleWebKit/537.36 (KHTML, like Gecko) Chrome/41.0.2272.101 Safari/537.36'),(643,'$pbkdf2-sha256$200$6t3b25szxliLkVJqTcm5Fw$OL8K/NRXDu8FXa2WFvSX4bNVGT/w168Pl/lOKOfVvW41453064540',1,21,'2016-01-17 21:02:20',NULL,'192.168.1.4',0,'Mozilla/5.0 (X11; Linux x86_64) AppleWebKit/537.36 (KHTML, like Gecko) Chrome/41.0.2272.101 Safari/537.36'),(644,'$pbkdf2-sha256$200$fI/RujemVCqFUArBuLc2xg$UY0sLJktZdYRfk7uG2Bl7Ejh/7G59YLdX9Z8WkCvjgY1453064597',1,17,'2016-01-17 21:03:17',NULL,'192.168.1.4',0,'Mozilla/5.0 (X11; Ubuntu; Linux x86_64; rv:41.0) Gecko/20100101 Firefox/41.0'),(645,'$pbkdf2-sha256$200$ZmytVer9n/Pe./.f09obIw$FlG.NtregtqKhGxBlT5XbHe/PeDu/YoSVl4aO3d/Ly01453161750',1,17,'2016-01-19 00:02:30',NULL,'192.168.1.4',0,'Mozilla/5.0 (X11; Ubuntu; Linux x86_64; rv:41.0) Gecko/20100101 Firefox/41.0'),(646,'$pbkdf2-sha256$200$qdWa05qzFoKwFiKEcA4BAA$l4smXpuO0CAGsM5tRtt6VO7iOMmwYgMhvwwvkjbMdKE1453162519',1,21,'2016-01-19 00:15:19',NULL,'192.168.1.4',0,'Mozilla/5.0 (X11; Linux x86_64) AppleWebKit/537.36 (KHTML, like Gecko) Chrome/41.0.2272.101 Safari/537.36'),(647,'$pbkdf2-sha256$200$JkSotRaidI6x9j4HQMj5nw$tm1GwOutFITSehmWqAa2A0UCaZnxtVZKSH5glx3WKKM1453331425',1,21,'2016-01-20 23:10:25',NULL,'192.168.1.4',0,'Mozilla/5.0 (X11; Linux x86_64) AppleWebKit/537.36 (KHTML, like Gecko) Chrome/41.0.2272.101 Safari/537.36'),(648,'$pbkdf2-sha256$200$ea9VCmFsbc3ZG2OMcW6NMQ$qfuLrVYbIt.MQKuRq3zvUQpnTcxhBY.01V39X9R9DY41453418439',1,21,'2016-01-21 23:20:39',NULL,'192.168.1.3',0,'Mozilla/5.0 (X11; Linux x86_64) AppleWebKit/537.36 (KHTML, like Gecko) Chrome/41.0.2272.101 Safari/537.36'),(649,'$pbkdf2-sha256$200$jxFCyDnHWAuhFGKs1fqfUw$uTO7Hg0XU9cW.53J0vVnGAjUWh.dOOKmgnwg6BKlLug1453419304',1,21,'2016-01-21 23:35:04',NULL,'192.168.1.3',0,'Mozilla/5.0 (X11; Linux x86_64) AppleWebKit/537.36 (KHTML, like Gecko) Chrome/41.0.2272.101 Safari/537.36'),(650,'$pbkdf2-sha256$200$5VyLMUbI.V8rZWytNYZwjg$I9KGmkXrBeZpR.pJ2jSsRL4haqmQPUI7mBkRxa8d0781453536622',1,21,'2016-01-23 08:10:22',NULL,'192.168.1.4',0,'Mozilla/5.0 (X11; Linux x86_64) AppleWebKit/537.36 (KHTML, like Gecko) Chrome/41.0.2272.101 Safari/537.36'),(651,'$pbkdf2-sha256$200$DeH8PydEqLXWeu/de895rw$Uy5SqyiHfA6ooMPAVgRFkAJ3iN8qB9Q3pPgICMJ1rjg1453550501',1,21,'2016-01-23 12:01:41',NULL,'192.168.1.3',0,'Mozilla/5.0 (X11; Linux x86_64) AppleWebKit/537.36 (KHTML, like Gecko) Chrome/41.0.2272.101 Safari/537.36'),(652,'$pbkdf2-sha256$200$OMc4x5iT0trb2zsnBIAQIg$v/db9W.fer4Sh8tfswAi9OUwCYMfdKssEUGvi3o8LPs1453558450',1,17,'2016-01-23 14:14:10',NULL,'192.168.1.3',0,'Mozilla/5.0 (X11; Ubuntu; Linux x86_64; rv:41.0) Gecko/20100101 Firefox/41.0'),(653,'$pbkdf2-sha256$200$v1dqrdVaS2nNGWNsrTXGOA$xGqSTIk2IFWKOcqoiAGdKqzZH8cABxo7eb35zpubHTQ1453763843',1,21,'2016-01-25 23:17:23',NULL,'192.168.1.4',0,'Mozilla/5.0 (X11; Linux x86_64) AppleWebKit/537.36 (KHTML, like Gecko) Chrome/41.0.2272.101 Safari/537.36'),(654,'$pbkdf2-sha256$200$tTaGkLJWilHq/f/f25uzFg$CNyNaC4KHkKQ5PMRNkb4FyuNzQmv4ATQSfiXCeloR501453763956',1,17,'2016-01-25 23:19:16',NULL,'192.168.1.4',0,'Mozilla/5.0 (X11; Ubuntu; Linux x86_64; rv:41.0) Gecko/20100101 Firefox/41.0'),(655,'$pbkdf2-sha256$200$/B.DcK5VitEaI.T8f4/R2g$DD2vDh2Ik2yjPWvGwfcuXtpEtlqYiY1BFvbPE/v6RFg1453887218',1,17,'2016-01-27 09:33:38',NULL,'192.168.1.4',0,'Mozilla/5.0 (X11; Ubuntu; Linux x86_64; rv:41.0) Gecko/20100101 Firefox/41.0'),(656,'$pbkdf2-sha256$200$2/sfg9C6FwIg5JxzLkXoHQ$WSiBMMITNS1D/3Yc2wAT25nCGoyR4dNBoHuok.IDj941453936147',1,17,'2016-01-27 23:09:07',NULL,'192.168.1.4',0,'Mozilla/5.0 (X11; Linux x86_64) AppleWebKit/537.36 (KHTML, like Gecko) Chrome/41.0.2272.101 Safari/537.36'),(657,'$pbkdf2-sha256$200$izEmZIwRAmCMsXbuvVfKeQ$/iin7.aoD6uv5ezh80BxTSt8FmqaA5MSNzSqVnOxxVs1453936401',1,21,'2016-01-27 23:13:21',NULL,'192.168.1.4',0,'Mozilla/5.0 (X11; Ubuntu; Linux x86_64; rv:41.0) Gecko/20100101 Firefox/41.0'),(658,'$pbkdf2-sha256$200$DSHEOKdUSonxnhPCGCPE.A$JP9ynFGnA4GKgR5DBRm7VvNgcRjrzePrqbC0lTYDtPA1453970023',1,17,'2016-01-28 08:33:43',NULL,'192.168.1.3',0,'Mozilla/5.0 (X11; Linux x86_64) AppleWebKit/537.36 (KHTML, like Gecko) Chrome/41.0.2272.101 Safari/537.36'),(659,'$pbkdf2-sha256$200$shZC6L0XwljL2TunNOZ8Dw$m.U71J8zL4lD2J3Ec6Fr/RlET//Cd2QhdzHzcFFhzYs1453970033',1,21,'2016-01-28 08:33:53',NULL,'192.168.1.3',0,'Mozilla/5.0 (X11; Ubuntu; Linux x86_64; rv:41.0) Gecko/20100101 Firefox/41.0'),(660,'$pbkdf2-sha256$200$aY2xdk7JmXOutfY.B2AMYQ$5C25hCKPfIkQWWRhUPCfvSOTHzDxlk8oxp2HpvSztyA1454023055',1,21,'2016-01-28 23:17:35',NULL,'192.168.1.4',0,'Mozilla/5.0 (X11; Linux x86_64) AppleWebKit/537.36 (KHTML, like Gecko) Chrome/41.0.2272.101 Safari/537.36'),(661,'$pbkdf2-sha256$200$T.k9hzBmbE1J6b1XKoWwFg$UaGxAmxCE6mO7L8TOeA29JBN2/rNRDnkRE/OFroqMjs1454109847',1,21,'2016-01-29 23:24:07',NULL,'192.168.1.4',0,'Mozilla/5.0 (X11; Linux x86_64) AppleWebKit/537.36 (KHTML, like Gecko) Chrome/41.0.2272.101 Safari/537.36'),(662,'$pbkdf2-sha256$200$gBAi5Nx77z3nXIvx/v8/Bw$Fpdz6XoF4uqE4OnKiBm.m9hbVxllKXVEAYfN7iiWLvM1454112074',1,21,'2016-01-30 00:01:14',NULL,'192.168.1.2',0,'Mozilla/5.0 (X11; Linux x86_64) AppleWebKit/537.36 (KHTML, like Gecko) Chrome/41.0.2272.101 Safari/537.36'),(663,'$pbkdf2-sha256$200$W8vZe89ZSwlBCEHIOUfoPQ$X28Vy0TdzMxY7n/PL7T7qaB1yOhYUwj5RCJVPpn8rX41454120469',1,17,'2016-01-30 02:21:09',NULL,'192.168.1.3',0,'Mozilla/5.0 (X11; Ubuntu; Linux x86_64; rv:41.0) Gecko/20100101 Firefox/41.0'),(664,'$pbkdf2-sha256$200$e2.tFSJEqBXiPEeo1dq7Nw$WiEswk3aw3kE/FD/aPWB1.VDyIEJEwo/.RCSMuvM54s1454121252',1,21,'2016-01-30 02:34:12',NULL,'192.168.1.3',0,'Mozilla/5.0 (X11; Linux x86_64) AppleWebKit/537.36 (KHTML, like Gecko) Chrome/41.0.2272.101 Safari/537.36'),(665,'$pbkdf2-sha256$200$hHAOIUQIAWCMcS4FYMwZgw$4kbufbUqHpQ.rt.BACg6/ka6/WCqre9J2Ry20xPWe5Y1454368056',1,17,'2016-02-01 23:07:36',NULL,'192.168.1.2',0,'Mozilla/5.0 (X11; Linux x86_64) AppleWebKit/537.36 (KHTML, like Gecko) Chrome/41.0.2272.101 Safari/537.36'),(666,'$pbkdf2-sha256$200$gxBibC2FMEaIUcqZk9JaKw$PkHGfgiE2ncjUZrAv1xbxFBFTr1DTKskbC0L3YpWzG41454368082',1,21,'2016-02-01 23:08:02',NULL,'192.168.1.2',0,'Mozilla/5.0 (X11; Ubuntu; Linux x86_64; rv:41.0) Gecko/20100101 Firefox/41.0'),(667,'$pbkdf2-sha256$200$n7PWWusdgzDGWKvVGqMU4g$/OxJUDgk22b21F3FgEE4alxmr/9ouf3Zpr081vlNSRY1454372081',1,21,'2016-02-02 00:14:41',NULL,'192.168.1.2',0,'Mozilla/5.0 (X11; Ubuntu; Linux x86_64; rv:41.0) Gecko/20100101 Firefox/41.0'),(668,'$pbkdf2-sha256$200$D6E05txbC2Hs/X9vbW1N6Q$TC50smSBmZuqJ/YZDpmciXblW227NEz8QQEMYmQvEpE1454454874',1,17,'2016-02-02 23:14:34',NULL,'192.168.1.2',0,'Mozilla/5.0 (X11; Linux x86_64) AppleWebKit/537.36 (KHTML, like Gecko) Chrome/41.0.2272.101 Safari/537.36'),(669,'$pbkdf2-sha256$200$OaeU0rrXOkeI8V6LUQrBuA$VDkc2.V.whzARsyL9nqugnt5FR7ebiGBOli7Od6TXkc1454489182',1,21,'2016-02-03 08:46:22',NULL,'192.168.1.2',0,'Mozilla/5.0 (X11; Ubuntu; Linux x86_64; rv:41.0) Gecko/20100101 Firefox/41.0'),(670,'$pbkdf2-sha256$200$wBjjnHMuhVBqTam1FgJA6A$tFRbzoZeApUC12FAZmRT115J8vTkeQtvR4QSlxjQLNA1454572785',1,18,'2016-02-04 07:59:45',NULL,'192.168.1.2',0,'Mozilla/5.0 (X11; Linux x86_64) AppleWebKit/537.36 (KHTML, like Gecko) Chrome/41.0.2272.101 Safari/537.36'),(671,'$pbkdf2-sha256$200$.R9DiFEKAeAcYwzBOIfQGg$UQXxaophG16UjCgB05Fvumq/GVZYAhWuRkCC79gEEKY1454714841',1,18,'2016-02-05 23:27:21',NULL,'192.168.1.4',0,'Mozilla/5.0 (X11; Linux x86_64) AppleWebKit/537.36 (KHTML, like Gecko) Chrome/41.0.2272.101 Safari/537.36'),(672,'$pbkdf2-sha256$200$.9.bs9Za611LSUkJ4Zwz5g$2Q6QB6bVTNQuMjim1jEAIycsIsplPSSDpPY4N0MY8cE1454744694',1,16,'2016-02-06 07:44:54',NULL,'192.168.1.4',0,'Mozilla/5.0 (X11; Ubuntu; Linux x86_64; rv:41.0) Gecko/20100101 Firefox/41.0'),(673,'$pbkdf2-sha256$200$l3JOKUUoJUQIoRSCUEoJwQ$BKTCo2j4sl3dZLWtiUqgYkcc.5mKF8dpC3m0zcQWuFc1454779735',1,18,'2016-02-06 17:28:55',NULL,'192.168.1.3',0,'Mozilla/5.0 (X11; Linux x86_64) AppleWebKit/537.36 (KHTML, like Gecko) Chrome/41.0.2272.101 Safari/537.36'),(674,'$pbkdf2-sha256$200$xvgfQwjhPGesVWrNeY/Rug$7WZ4nRm0KkTYKtaLBCsWWBuRtbydxSGgRkuugdN7sI41454785816',1,21,'2016-02-06 19:10:16',NULL,'192.168.1.3',0,'Mozilla/5.0 (X11; Ubuntu; Linux x86_64; rv:41.0) Gecko/20100101 Firefox/41.0'),(675,'$pbkdf2-sha256$200$uJfynhNCaE3p/V.LcW5NSQ$Fhsr7HuDiJfY/ggXq7P04IYW7ir0J5dq3tGBUUjiYsQ1454972594',1,17,'2016-02-08 23:03:14',NULL,'192.168.1.4',0,'Mozilla/5.0 (X11; Linux x86_64) AppleWebKit/537.36 (KHTML, like Gecko) Chrome/41.0.2272.101 Safari/537.36'),(676,'$pbkdf2-sha256$200$O8f4f09JyRlDqPU.R4gx5g$sEYTOjwVMEv40QepygzVTDLgyY1GvRCvqVepOzZnDEA1454972613',1,21,'2016-02-08 23:03:33',NULL,'192.168.1.4',0,'Mozilla/5.0 (X11; Ubuntu; Linux x86_64; rv:41.0) Gecko/20100101 Firefox/41.0'),(677,'$pbkdf2-sha256$200$MMbYu9daS6k1hhACAICw9g$xgji83s1Ib65D7ioQni9ypjPTAGsSfGEgg2QVXH4BdU1454985489',1,18,'2016-02-09 02:38:09',NULL,'192.168.1.4',0,'Mozilla/5.0 (X11; Linux x86_64) AppleWebKit/537.36 (KHTML, like Gecko) Chrome/41.0.2272.101 Safari/537.36'),(678,'$pbkdf2-sha256$200$fO.99x7jPKdU6r239h7jfA$AIhfXNIsRde.MaMfzz7pjYUdyCbJBKxywKIE2HstYMY1455148855',1,21,'2016-02-11 00:00:55',NULL,'192.168.1.3',0,'Mozilla/5.0 (X11; Linux x86_64) AppleWebKit/537.36 (KHTML, like Gecko) Chrome/41.0.2272.101 Safari/537.36'),(679,'$pbkdf2-sha256$200$/R9DqDVGCKE0hlCK8X6PsQ$64F6ld2ZOntFLpucgCyzf413y8.h7KQUEWsh1glVIRY1455148873',1,17,'2016-02-11 00:01:13',NULL,'192.168.1.3',0,'Mozilla/5.0 (X11; Ubuntu; Linux x86_64; rv:41.0) Gecko/20100101 Firefox/41.0'),(680,'$pbkdf2-sha256$200$RaiVshYixDjnvFeqNWbMWQ$/5sCzWaNHYBXD3Jm8KmC8rFie4UttGQF.N73ffVTcuM1455390665',1,17,'2016-02-13 19:11:05',NULL,'192.168.1.4',0,'Mozilla/5.0 (X11; Linux x86_64) AppleWebKit/537.36 (KHTML, like Gecko) Chrome/41.0.2272.101 Safari/537.36'),(681,'$pbkdf2-sha256$200$YYyx9v5fi1Fq7f1fy/k/Rw$hsN4Cc8c90P5eok8r7FoDwExIY0yL8VKRc6IqpWkLp81455578565',1,17,'2016-02-15 23:22:45',NULL,'192.168.1.4',0,'Mozilla/5.0 (X11; Linux x86_64) AppleWebKit/537.36 (KHTML, like Gecko) Chrome/41.0.2272.101 Safari/537.36'),(682,'$pbkdf2-sha256$200$AeD8XytlzPnfu3cu5Xyv1Q$zHETZSg.5B4ElpE4cXt60n.JUWs.4QC96aCyg0AKbH81455578914',1,21,'2016-02-15 23:28:34',NULL,'192.168.1.4',0,'Mozilla/5.0 (X11; Ubuntu; Linux x86_64; rv:41.0) Gecko/20100101 Firefox/41.0'),(683,'$pbkdf2-sha256$200$pzQmpHSOsRbCmNOaE6K0tg$XutQl6gsbO0G41gi9CH/OSsGiVePACdYm3J4r4n7aY01455581921',1,16,'2016-02-16 00:18:41',NULL,'192.168.1.5',0,'Mozilla/5.0 (Windows NT 6.3; WOW64) AppleWebKit/537.36 (KHTML, like Gecko) Chrome/48.0.2564.109 Safari/537.36'),(684,'$pbkdf2-sha256$200$D2FMScnZ.38P4dy711pLaQ$d9XhtshfY81yzX4o47dep3RuIPTPquIE8Dn6v8/zSCA1455729028',1,17,'2016-02-17 17:10:28',NULL,'192.168.1.2',0,'Mozilla/5.0 (X11; Linux x86_64) AppleWebKit/537.36 (KHTML, like Gecko) Chrome/41.0.2272.101 Safari/537.36'),(685,'$pbkdf2-sha256$200$dQ4hBOAcI.T8f6.1tjaGsA$aWz2knxBOpO5MTDxwy4rH7yzE1A9l7EdNGQNVqdaRmY1455729504',1,21,'2016-02-17 17:18:24',NULL,'192.168.1.2',0,'Mozilla/5.0 (X11; Ubuntu; Linux x86_64; rv:41.0) Gecko/20100101 Firefox/41.0'),(686,'$pbkdf2-sha256$200$YIxRKqU0Rojx3pvT2rv3fg$W81VQVhTANJhN5kTlQOPqgsi5NG48nIW2Iq5vgYC4AU1455921067',1,17,'2016-02-19 22:31:07',NULL,'192.168.1.4',0,'Mozilla/5.0 (X11; Linux x86_64) AppleWebKit/537.36 (KHTML, like Gecko) Chrome/41.0.2272.101 Safari/537.36'),(687,'$pbkdf2-sha256$200$y7mXslYqpbQ2hnAOQUgJ4Q$QwCGqdKV8Hx1zEBGCThagCLUrJmsZoDIDwikVrs.lb81456183962',1,17,'2016-02-22 23:32:42',NULL,'192.168.1.3',0,'Mozilla/5.0 (X11; Linux x86_64) AppleWebKit/537.36 (KHTML, like Gecko) Chrome/41.0.2272.101 Safari/537.36'),(688,'$pbkdf2-sha256$200$4dw7x1jrnXPOWSvlnFNqTQ$Xb/zfveGJpeibApouWzxEhYbRxcle8REdLNhKB06ac01456184013',1,21,'2016-02-22 23:33:33',NULL,'192.168.1.3',0,'Mozilla/5.0 (X11; Ubuntu; Linux x86_64; rv:41.0) Gecko/20100101 Firefox/41.0'),(689,'$pbkdf2-sha256$200$j1HKWWvtXauVEuJcS8lZSw$P8h5Jw/eUq8xKVlgEt8Osq2052ppxJTBO6Uk//.vm001456201643',1,17,'2016-02-23 04:27:23',NULL,'192.168.1.3',0,'Mozilla/5.0 (X11; Linux x86_64) AppleWebKit/537.36 (KHTML, like Gecko) Chrome/41.0.2272.101 Safari/537.36'),(690,'$pbkdf2-sha256$200$uve.NyZkDCGEEOJcC6G0Fg$POyJsSlsDg5vlxce98lOUPQs3iKxCdSyPLQcvZi.d881456354203',1,21,'2016-02-24 22:50:03',NULL,'192.168.1.3',0,'Mozilla/5.0 (X11; Ubuntu; Linux x86_64; rv:41.0) Gecko/20100101 Firefox/41.0'),(691,'$pbkdf2-sha256$200$ZUwJ4XxvTQkhpJRSqlVqrQ$SA9hEbpe1E95loA5H8j4k0ml/enPCGBFzIH0z6iDlr81456354236',1,17,'2016-02-24 22:50:36',NULL,'192.168.1.3',0,'Mozilla/5.0 (X11; Linux x86_64) AppleWebKit/537.36 (KHTML, like Gecko) Chrome/41.0.2272.101 Safari/537.36'),(692,'$pbkdf2-sha256$200$.z9HaC3lPKfUmrPWGsOYEw$SGxXDqVIQW1VEnbFwA6w5nbaKRwLRGF1evhiT.4Tn2A1456806257',1,21,'2016-03-01 04:24:17',NULL,'192.168.1.3',0,'Mozilla/5.0 (X11; Ubuntu; Linux x86_64; rv:41.0) Gecko/20100101 Firefox/41.0'),(693,'$pbkdf2-sha256$200$j/F.z5nT.v/fu7eW0hrjvA$cZv8Xlhey97K0wvtdcejCO/7pQTSX3UW/.KyZa.xHow1456812588',1,17,'2016-03-01 06:09:48',NULL,'192.168.1.3',0,'Mozilla/5.0 (X11; Linux x86_64) AppleWebKit/537.36 (KHTML, like Gecko) Chrome/41.0.2272.101 Safari/537.36'),(694,'$pbkdf2-sha256$200$T.l9D2FMKSVEqFXKmRPifA$DHe66T.y2100lCcfN9Qp0XMty2MHXeh9ezD.DjYcs/I1456877806',1,21,'2016-03-02 00:16:46',NULL,'192.168.1.2',0,'Mozilla/5.0 (X11; Linux x86_64) AppleWebKit/537.36 (KHTML, like Gecko) Chrome/41.0.2272.101 Safari/537.36'),(695,'$pbkdf2-sha256$200$WOv9X0uJsXaOkVIqRQhByA$IUCvVv9sseq6GAv5vz/NfF4y4WCL9gRBDz/EAPYXXto1456964129',1,17,'2016-03-03 00:15:29',NULL,'192.168.1.2',0,'Mozilla/5.0 (X11; Linux x86_64) AppleWebKit/537.36 (KHTML, like Gecko) Chrome/41.0.2272.101 Safari/537.36'),(696,'$pbkdf2-sha256$200$zZnTuveek3KuVeodQ8i5tw$cT49qEz1in3zzS8gAikE.M4vAg1V0XwRUl1krX9r97A1456964156',1,21,'2016-03-03 00:15:56',NULL,'192.168.1.2',0,'Mozilla/5.0 (X11; Ubuntu; Linux x86_64; rv:41.0) Gecko/20100101 Firefox/41.0'),(697,'$pbkdf2-sha256$200$vHeuda6VkvI.x/g/p1Tq/Q$N8AIGODzOtTSrfy4zwrn.seMxBCTxBLRTAS58c9lBvs1457200109',1,17,'2016-03-05 17:48:29',NULL,'192.168.1.4',0,'Mozilla/5.0 (X11; Linux x86_64) AppleWebKit/537.36 (KHTML, like Gecko) Chrome/41.0.2272.101 Safari/537.36'),(698,'$pbkdf2-sha256$200$2tvb.18rBeA8x/h/z7n33g$q2YWtGSZXmmGyTmn23rw0CBM0zcSONx9K0G0wF3C03U1457201169',1,21,'2016-03-05 18:06:09',NULL,'192.168.1.4',0,'Mozilla/5.0 (X11; Ubuntu; Linux x86_64; rv:41.0) Gecko/20100101 Firefox/41.0'),(699,'$pbkdf2-sha256$200$gpCSUuo9ZyzFeA.hNCbk/A$6U.Ad2u7Fm0HjIlrW42e5zDx5941UPAEMzomHNACPdw1457394739',1,17,'2016-03-07 23:52:19',NULL,'192.168.1.4',0,'Mozilla/5.0 (X11; Linux x86_64) AppleWebKit/537.36 (KHTML, like Gecko) Chrome/41.0.2272.101 Safari/537.36'),(700,'$pbkdf2-sha256$200$ACAkhFCK0fq/txaCEIIwhg$nnxNHMrlGzCe2VFFi9KOwfSVx9xk0533Yj4AYXPcpYY1457394880',1,21,'2016-03-07 23:54:40',NULL,'192.168.1.4',0,'Mozilla/5.0 (X11; Ubuntu; Linux x86_64; rv:41.0) Gecko/20100101 Firefox/41.0'),(701,'$pbkdf2-sha256$200$5DznXCslBOCc877X2lsrhQ$cmisQ.1bGo/lBfigDK2cnk5C4Qlhf4953EZ34W7ywQM1457420225',1,17,'2016-03-08 06:57:05',NULL,'192.168.1.3',0,'Mozilla/5.0 (X11; Linux x86_64) AppleWebKit/537.36 (KHTML, like Gecko) Chrome/41.0.2272.101 Safari/537.36'),(702,'$pbkdf2-sha256$200$h3DOWeu9l9KaE2IsxVgLYQ$PLzw354K5fOmPccgBZQf8C6G1G7iSTDoxCe8lj1FgEU1457420294',1,21,'2016-03-08 06:58:14',NULL,'192.168.1.3',0,'Mozilla/5.0 (X11; Ubuntu; Linux x86_64; rv:41.0) Gecko/20100101 Firefox/41.0'),(703,'$pbkdf2-sha256$200$S2mt1XoPAcBYy5nz3ptTqg$7r4ZkCyc.LGhu/E01BagLIsZNfELK5mAAqnficoHpIU1457903282',1,17,'2016-03-13 21:08:02',NULL,'192.168.1.3',0,'Mozilla/5.0 (X11; Linux x86_64) AppleWebKit/537.36 (KHTML, like Gecko) Chrome/41.0.2272.101 Safari/537.36'),(704,'$pbkdf2-sha256$200$HUPo/T9nzLlXSslZi5GSEg$0oFrp6hp9pXwhseL3pIDrQixNNo5uQ93a8mJslF0fh01457920978',1,17,'2016-03-14 02:02:58',NULL,'192.168.1.3',0,'Mozilla/5.0 (X11; Linux x86_64) AppleWebKit/537.36 (KHTML, like Gecko) Chrome/41.0.2272.101 Safari/537.36'),(705,'$pbkdf2-sha256$200$8t6bEwKA8F5L6R1DaC3lfA$BGwoytWRKr1ovsaIrIyfzSZEKsTWg/8Wq2dLQ0oDuDk1458094752',1,21,'2016-03-16 02:19:12',NULL,'192.168.1.4',0,'Mozilla/5.0 (X11; Linux x86_64) AppleWebKit/537.36 (KHTML, like Gecko) Chrome/41.0.2272.101 Safari/537.36'),(706,'$pbkdf2-sha256$200$TMl5T8m5l5JSKsXYO.f8/w$xGrZlINho.2uflKU2CPzTEufnC1totxhEXG0Ov2b2jU1458493158',1,17,'2016-03-20 16:59:18',NULL,'192.168.1.4',0,'Mozilla/5.0 (X11; Linux x86_64) AppleWebKit/537.36 (KHTML, like Gecko) Chrome/41.0.2272.101 Safari/537.36'),(707,'$pbkdf2-sha256$200$DqE0BiDEGAMAYIzxXqsVAg$GMn19.LzRchNculm8z762XSiojBgQ3IIKDbc2TiD8oc1458509412',1,17,'2016-03-20 21:30:12',NULL,'192.168.1.4',0,'Dalvik/2.1.0 (Linux; U; Android 6.0; Android SDK built for x86_64 Build/MASTER)'),(708,'$pbkdf2-sha256$200$R0hprZWSUorxXotRCuH8Pw$KsE2C1B09LIN6SGv7BbM/ZI2QnWtxEqbZYvZUXU674I1458608664',1,17,'2016-03-22 01:04:24',NULL,'192.168.1.3',0,'Dalvik/2.1.0 (Linux; U; Android 6.0; Android SDK built for x86_64 Build/MASTER)'),(709,'$pbkdf2-sha256$200$w1gLYUwp5dw751yLUWoNIQ$.V3fwoBuwVf4cqxMzowo.XM4b0GLj9mw.ex25D3GpXA1458611732',1,17,'2016-03-22 01:55:32',NULL,'192.168.1.3',0,'Dalvik/2.1.0 (Linux; U; Android 6.0; Android SDK built for x86_64 Build/MASTER)'),(710,'$pbkdf2-sha256$200$1zrHOCeEsHZOiXGulTJGCA$96UaDS.XkCTezzmqONxmJCPPjtN0UdMxieWr/xnhYQU1458612641',1,17,'2016-03-22 02:10:41',NULL,'192.168.1.3',0,'Dalvik/2.1.0 (Linux; U; Android 6.0; Android SDK built for x86_64 Build/MASTER)'),(711,'$pbkdf2-sha256$200$tvZ.b02pde4dI.ScM0bIWQ$aBEJR7zJhUKzq73zkZUo5TVUlpD.Owz2Cp/n.KyUO2U1458613670',1,17,'2016-03-22 02:27:51',NULL,'192.168.1.3',0,'Dalvik/2.1.0 (Linux; U; Android 6.0; Android SDK built for x86_64 Build/MASTER)'),(712,'$pbkdf2-sha256$200$uXfO2TsHYAxBKAWglLLW.g$kzD9ryzS7ECjKg2Mle9r1tFa.JakumuLjbM0n76aG7U1458617615',1,17,'2016-03-22 03:33:35',NULL,'192.168.1.2',0,'Dalvik/1.6.0 (Linux; U; Android 4.4.2; iris X1 Grand Build/X1Grand)'),(713,'$pbkdf2-sha256$200$jvF.bw0hhNBaC2EMYYzxfg$yQlt8EgJoeVK0UUz8j1kn8uO3aHgvtr0Bo4E5TWdu2M1458617706',1,17,'2016-03-22 03:35:06',NULL,'192.168.1.2',0,'Dalvik/1.6.0 (Linux; U; Android 4.4.2; iris X1 Grand Build/X1Grand)'),(714,'$pbkdf2-sha256$200$yxmDEOK8d86515pT6v2/lw$.CRiDs3g1eBbazh0erucBxZcjwn30yWEjnKu3MIsw3A1458619283',1,17,'2016-03-22 04:01:23',NULL,'192.168.1.3',0,'Dalvik/1.6.0 (Linux; U; Android 4.4.2; iris X1 Grand Build/X1Grand)'),(715,'$pbkdf2-sha256$200$67239p7Turd2rhXC.B/jnA$FB9Nnniu1WBd4IPIi1sDvv3M0Joan3Yd9bFHQHcNrK81458620035',1,17,'2016-03-22 04:13:55',NULL,'192.168.1.4',0,'Dalvik/2.1.0 (Linux; U; Android 6.0; Android SDK built for x86_64 Build/MASTER)'),(716,'$pbkdf2-sha256$200$hHCuFUIohXDu/R.jVKp1Dg$ipf3sFiHaXMWajt1uT4wguhYUdcq27psaLAMglRxNus1458621412',1,17,'2016-03-22 04:36:52',NULL,'192.168.1.4',0,'Dalvik/2.1.0 (Linux; U; Android 6.0; Android SDK built for x86_64 Build/MASTER)'),(717,'$pbkdf2-sha256$200$h3AOgbCWUgohJMQYo7RWqg$Qu30Tb6rLxf3s5E/Amkl9EJI5W/XPOIpyK.JsWC3Q5E1458622118',1,17,'2016-03-22 04:48:38',NULL,'192.168.1.4',0,'Dalvik/2.1.0 (Linux; U; Android 6.0; Android SDK built for x86_64 Build/MASTER)'),(718,'$pbkdf2-sha256$200$SOndu3fuvReiVAqhNKYUYg$4Po.Ymft7PvcRoezFoCZZSjs4496PsO0XK6Zq2U3M/U1458622119',1,17,'2016-03-22 04:48:39',NULL,'192.168.1.4',0,'Dalvik/2.1.0 (Linux; U; Android 6.0; Android SDK built for x86_64 Build/MASTER)'),(719,'$pbkdf2-sha256$200$uZdSytn7vzemFKI05pyT0g$Jnn/F6A8vVTou1iSzZkEzbCITNW/wVg.mLSCBD.LqUU1458629365',1,17,'2016-03-22 06:49:25',NULL,'192.168.1.4',0,'Dalvik/2.1.0 (Linux; U; Android 6.0; Android SDK built for x86_64 Build/MASTER)'),(720,'$pbkdf2-sha256$200$nRNCiLF2jvF.LyUEgPA.Zw$DWxce074gVfIoyRhyUaCcbOHmP.bCWECltS/TT7g6fE1458630730',1,17,'2016-03-22 07:12:10',NULL,'192.168.1.4',0,'Dalvik/2.1.0 (Linux; U; Android 6.0; Android SDK built for x86_64 Build/MASTER)'),(721,'$pbkdf2-sha256$200$USpFCGEsZcz5P6c05nxPSQ$EMLbgyLkmnna4IphjzmznmLuYiEYGs8.2MYL10KmJLg1458630974',1,17,'2016-03-22 07:16:14',NULL,'192.168.1.4',0,'Dalvik/2.1.0 (Linux; U; Android 6.0; Android SDK built for x86_64 Build/MASTER)'),(722,'$pbkdf2-sha256$200$GQNgrHWuVer931vLudf6Xw$vPOPPHPzbm0N6LGd0HV0lZhfIAvS34bh0xolZmW6CNk1458631445',1,17,'2016-03-22 07:24:05',NULL,'192.168.1.4',0,'Dalvik/2.1.0 (Linux; U; Android 6.0; Android SDK built for x86_64 Build/MASTER)'),(723,'$pbkdf2-sha256$200$uzcmxLg3BiCEsFYq5bzX.g$AhDXgq1Zba9DnPAJMbW02aNW.j014fVDtmymmHfHJVc1458634171',1,17,'2016-03-22 08:09:31',NULL,'192.168.1.4',0,'Dalvik/2.1.0 (Linux; U; Android 6.0; Android SDK built for x86_64 Build/MASTER)'),(724,'$pbkdf2-sha256$200$PwdgLEXoPSdkrFVqDYHQWg$rcKupdWn4o4er21b//cbVI1o6.YXFSjWPJMYvHTWV6I1458637055',1,17,'2016-03-22 08:57:35',NULL,'192.168.1.4',0,'Dalvik/2.1.0 (Linux; U; Android 6.0; Android SDK built for x86_64 Build/MASTER)'),(725,'$pbkdf2-sha256$200$O4dwLiUkBOAc4xwj5FzL2Q$cLJJeBCVYW/2u7cvvdKje0l5by15WnWVQawhAzpz9jc1458637140',1,17,'2016-03-22 08:59:00',NULL,'192.168.1.4',0,'Dalvik/2.1.0 (Linux; U; Android 6.0; Android SDK built for x86_64 Build/MASTER)'),(726,'$pbkdf2-sha256$200$mnPOuXcO4XzvXUspZUyplQ$6IbMhQ4da19xVoG8U0/PP1qAcpSKKLVe5PY8yzbAOfk1458637918',1,17,'2016-03-22 09:11:58',NULL,'192.168.1.4',0,'Dalvik/2.1.0 (Linux; U; Android 6.0; Android SDK built for x86_64 Build/MASTER)'),(727,'$pbkdf2-sha256$200$Y2ytlXLuHSOE8D4nxHjv/Q$dmw9etTz.ZV0XEk/uykdoFeUsH6bb4Dv1AYEzAOTu0g1458639249',1,17,'2016-03-22 09:34:09',NULL,'192.168.1.4',0,'Dalvik/2.1.0 (Linux; U; Android 6.0; Android SDK built for x86_64 Build/MASTER)'),(728,'$pbkdf2-sha256$200$9/4/h5DyPud8T8k5R4hR6g$M.wGz6RUmwKMpSiTBOCkC6604mQWWWdk.0J5HWCDRJA1458775392',1,17,'2016-03-23 23:23:12',NULL,'192.168.1.4',0,'Dalvik/2.1.0 (Linux; U; Android 6.0; Android SDK built for x86_64 Build/MASTER)'),(729,'$pbkdf2-sha256$200$JeT8/987R0jpXQuB8F4LgQ$qM7GLBcF9SUF5Mi5yE53TERNV67X1JGXOoAx7/T2zHU1458776272',1,17,'2016-03-23 23:37:53',NULL,'192.168.1.4',0,'Dalvik/2.1.0 (Linux; U; Android 6.0; Android SDK built for x86_64 Build/MASTER)'),(730,'$pbkdf2-sha256$200$p/Q.Zwyh1Lo3pnTuXYuRMg$qvMmfXuwnqCTisY1QRyMUgNQ8AvnfBmmBnqekKmIyUc1458776930',1,17,'2016-03-23 23:48:50',NULL,'192.168.1.4',0,'Dalvik/2.1.0 (Linux; U; Android 6.0; Android SDK built for x86_64 Build/MASTER)'),(731,'$pbkdf2-sha256$200$wxgDACBkbK21ds557723dg$PjG1D.hCzPNjx3Y/L4ldjAYtw2O4yviaQXHVPCEaqN01458777022',1,17,'2016-03-23 23:50:22',NULL,'192.168.1.4',0,'Dalvik/2.1.0 (Linux; U; Android 6.0; Android SDK built for x86_64 Build/MASTER)'),(732,'$pbkdf2-sha256$200$DWGM8V4rxZhzzpkzBuAcIw$7uq/fdEfsx9l6DDkTOOYUVW7YRSg8j.6Iew6JWInQnU1458777812',1,17,'2016-03-24 00:03:32',NULL,'192.168.1.4',0,'Dalvik/2.1.0 (Linux; U; Android 6.0; Android SDK built for x86_64 Build/MASTER)'),(733,'$pbkdf2-sha256$200$.9/7/39PCeHcW8v5/7.Xcg$iXrE3mqWfpzN2rB.YamuZQTO.yOqeRcEqc8zHdzkQUM1458782008',1,17,'2016-03-24 01:13:28',NULL,'127.0.0.1',0,'Mozilla/5.0 (X11; Linux x86_64) AppleWebKit/537.36 (KHTML, like Gecko) Chrome/41.0.2272.101 Safari/537.36'),(734,'$pbkdf2-sha256$200$gjAGQKhVKgUAIKSU8p7Tmg$LnwRqr07/p.B6anNJWDUkLF1t0ZjuWgvhd2yaoHH.6M1458782824',1,17,'2016-03-24 01:27:04',NULL,'192.168.1.3',0,'Mozilla/5.0 (X11; Linux x86_64) AppleWebKit/537.36 (KHTML, like Gecko) Chrome/41.0.2272.101 Safari/537.36'),(735,'$pbkdf2-sha256$200$yVkLIaSUkpKylpJSKoWQ0g$owHfBhlZ7vOQIa2M/SVWSF/ml51cpAvG5jwRHfGL5Dk1458783131',1,17,'2016-03-24 01:32:11',NULL,'192.168.1.3',0,'Dalvik/2.1.0 (Linux; U; Android 6.0; Android SDK built for x86_64 Build/MASTER)'),(736,'$pbkdf2-sha256$200$M.Y8B4BQ6l3LmVNq7V1LSQ$gAiedunhmePQ24zuL3GoYvPyhgtp/QpWmWqWhMA7cEY1458783295',1,17,'2016-03-24 01:34:55',NULL,'192.168.1.3',0,'Dalvik/2.1.0 (Linux; U; Android 6.0; Android SDK built for x86_64 Build/MASTER)'),(737,'$pbkdf2-sha256$200$w/jfG.PcW.u9F2IMAeBcyw$jNH0I8Up6KXtz5BIm5IWSvvGmGzmIOgG4EzPO5OxaY41458783953',1,17,'2016-03-24 01:45:53',NULL,'192.168.1.3',0,'Dalvik/2.1.0 (Linux; U; Android 6.0; Android SDK built for x86_64 Build/MASTER)'),(738,'$pbkdf2-sha256$200$t3buXev9X4vxnhNizJmTkg$Ko6cusF0IvOoOJjn62JSZXnrRl4TIS4WzUVyD4jE3R41458785080',1,17,'2016-03-24 02:04:40',NULL,'192.168.1.3',0,'Dalvik/2.1.0 (Linux; U; Android 6.0; Android SDK built for x86_64 Build/MASTER)'),(739,'$pbkdf2-sha256$200$TwlhbA3BuPeeE.J8zxmjNA$177njQ97NHHWJ6XKPCaUsdkzSYUm5NmMUarZg72v/HY1458799300',1,17,'2016-03-24 06:01:40',NULL,'192.168.1.3',0,'Dalvik/2.1.0 (Linux; U; Android 6.0; Android SDK built for x86_64 Build/MASTER)'),(740,'$pbkdf2-sha256$200$IcSYU4oxhvA.J6RUylnrfQ$vK7fY/2F40/5I5Eo51QVuFuqWr3rN9ZjXRx.6QtmXYI1458800545',1,17,'2016-03-24 06:22:25',NULL,'192.168.1.3',0,'Dalvik/2.1.0 (Linux; U; Android 6.0; Android SDK built for x86_64 Build/MASTER)'),(741,'$pbkdf2-sha256$200$DKFUKgXgHEOIsbZWai1FiA$rYfVS2JrnhUmjCjjubA0OW43bziVwBIwrnuSDVwoR1k1458802029',1,17,'2016-03-24 06:47:09',NULL,'192.168.1.3',0,'Dalvik/2.1.0 (Linux; U; Android 6.0; Android SDK built for x86_64 Build/MASTER)'),(742,'$pbkdf2-sha256$200$yxkDAMBYKwWgNEYoRWhNSQ$uO9/2BVYQUP4julZxE0j0X8jGNTED1LjsUOQiRFxWFE1458803307',1,17,'2016-03-24 07:08:27',NULL,'192.168.1.3',0,'Dalvik/2.1.0 (Linux; U; Android 6.0; Android SDK built for x86_64 Build/MASTER)'),(743,'$pbkdf2-sha256$200$txZibA3BmJPS.r83BqC01g$G6/D9lis9PwbzURjf8gfResOv6uZ.YnJtuCKjBLqJt01458805202',1,17,'2016-03-24 07:40:02',NULL,'192.168.1.3',0,'Dalvik/2.1.0 (Linux; U; Android 6.0; Android SDK built for x86_64 Build/MASTER)'),(744,'$pbkdf2-sha256$200$KCUkBIDQWkspBUAIgdC6Vw$7Hs/l23eMn3JFaGYeWpQZP8DI7dFh/JYlv.lQC8ml8M1458947010',1,17,'2016-03-25 23:03:30',NULL,'192.168.1.4',0,'Dalvik/2.1.0 (Linux; U; Android 6.0; Android SDK built for x86_64 Build/MASTER)'),(745,'$pbkdf2-sha256$200$ufdeK4WQUqq1du59b.197w$7UjXpvol1UYCI4WAJZMwIy/p/.fVuXeDuDSDk54JcOU1458949171',1,17,'2016-03-25 23:39:31',NULL,'192.168.1.4',0,'Dalvik/2.1.0 (Linux; U; Android 6.0; Android SDK built for x86_64 Build/MASTER)'),(746,'$pbkdf2-sha256$200$0hojRKg1BgBA6P1/D6FUig$//PqeB9sUyg6DGk5tR6Cm5/Wl5Nm9SxNupm1WPc9JgY1458950361',1,17,'2016-03-25 23:59:21',NULL,'192.168.1.4',0,'Dalvik/2.1.0 (Linux; U; Android 6.0; Android SDK built for x86_64 Build/MASTER)'),(747,'$pbkdf2-sha256$200$LGWMMea8l/Ieo/Te29u7dw$flTC9ioOR525Ojd3XkG0hl3/xiIOhsz5J2PjOQc9EEw1458951010',1,17,'2016-03-26 00:10:10',NULL,'192.168.1.4',0,'Dalvik/2.1.0 (Linux; U; Android 6.0; Android SDK built for x86_64 Build/MASTER)'),(748,'$pbkdf2-sha256$200$Uur9f2/tHUOolVJqrZXy3g$d2P6WArQLTo3bq/3VhbovNqOhczXQPZw7HVdZ07Q.xM1458951605',1,17,'2016-03-26 00:20:05',NULL,'192.168.1.4',0,'Dalvik/2.1.0 (Linux; U; Android 6.0; Android SDK built for x86_64 Build/MASTER)'),(749,'$pbkdf2-sha256$200$o1TKWWvt/f9/jxEi5FwLAQ$h8FaxCayJnJu/gmxn4SVcBpgcbHEL04JG1ywHET0gR81458952651',1,17,'2016-03-26 00:37:31',NULL,'192.168.1.4',0,'Dalvik/2.1.0 (Linux; U; Android 6.0; Android SDK built for x86_64 Build/MASTER)'),(750,'$pbkdf2-sha256$200$1Zpz7l1rrfVei1HKGQPgPA$ph23lYa/Y9KCG515SHMxF3TzU6QIK6N0aBfrurdwiEc1458956722',1,17,'2016-03-26 01:45:22',NULL,'192.168.1.4',0,'Dalvik/2.1.0 (Linux; U; Android 6.0; Android SDK built for x86_64 Build/MASTER)'),(751,'$pbkdf2-sha256$200$ac3Ze48xZqx1DqEUolRKqQ$IG1nA8SzTakIFrjETvKi8BYtHngA4cvHQ6mPvZsB9Yg1458956851',1,17,'2016-03-26 01:47:31',NULL,'192.168.1.2',0,'Dalvik/1.6.0 (Linux; U; Android 4.4.2; iris X1 Grand Build/X1Grand)'),(752,'$pbkdf2-sha256$200$Tel9D0GodS6l1JqTkjLGWA$Uq/OdyYFHEW9ToLNwyuYt2dLuLIqxE9SJYfQGiWJUbQ1458974510',1,17,'2016-03-26 06:41:50',NULL,'192.168.1.2',0,'Dalvik/1.6.0 (Linux; U; Android 4.4.2; iris X1 Grand Build/X1Grand)'),(753,'$pbkdf2-sha256$200$vLfWWosRghCi9L53jnGuNQ$MO.XQn.D1ok9p/4GEI6iuoRp4g9zE54PynJqdjxM/wM1458975105',1,17,'2016-03-26 06:51:45',NULL,'192.168.1.2',0,'Dalvik/1.6.0 (Linux; U; Android 4.4.2; iris X1 Grand Build/X1Grand)'),(754,'$pbkdf2-sha256$200$jDHmXCvFWEuplTLmnLP2fg$/dqxkhieb3Jf85NTl9fYat9kJeLMMj55VsB7CHFBVGw1458981792',1,17,'2016-03-26 08:43:12',NULL,'192.168.1.3',0,'Dalvik/1.6.0 (Linux; U; Android 4.4.2; iris X1 Grand Build/X1Grand)'),(755,'$pbkdf2-sha256$200$gDBGiDGm9L6XUirFGANgTA$TZP.gb5pufnV168NrMWkCjfZT7RRDTs8pwFPX0/VaHE1458989567',1,17,'2016-03-26 10:52:47',NULL,'192.168.1.3',0,'Dalvik/2.1.0 (Linux; U; Android 6.0; Android SDK built for x86_64 Build/MASTER)'),(756,'$pbkdf2-sha256$200$0FrrnVOqFcK4N.Z8z7k3xg$jXoEe6pV1yhFqqBVr5O99kyyKTvBZhZJE8cisCwrojQ1459010920',1,17,'2016-03-26 16:48:40',NULL,'192.168.1.3',0,'Dalvik/2.1.0 (Linux; U; Android 6.0; Android SDK built for x86_64 Build/MASTER)'),(757,'$pbkdf2-sha256$200$1zrHWCvFOAfA.F/LOSckxA$mqQdmkZyg00omkkPesOojbrHF6CCDSRYlkW3Ms2PL0o1459011287',1,17,'2016-03-26 16:54:47',NULL,'192.168.1.3',0,'Dalvik/2.1.0 (Linux; U; Android 6.0; Android SDK built for x86_64 Build/MASTER)'),(758,'$pbkdf2-sha256$200$cu79XyslZAzBmLN2jtEa4w$3XerdnyWSq.A3KnUQUPguy0EbWewdy7.l39LvhYSmm01459017173',1,17,'2016-03-26 18:32:53',NULL,'192.168.1.3',0,'Dalvik/2.1.0 (Linux; U; Android 6.0; Android SDK built for x86_64 Build/MASTER)'),(759,'$pbkdf2-sha256$200$NgZAyJnTGuNcK4UQQohxTg$3XLYfKqaRswHV3KTiD8fUNURTo8N7/dPPL2lA5bh/wU1459017204',1,17,'2016-03-26 18:33:24',NULL,'192.168.1.3',0,'Dalvik/2.1.0 (Linux; U; Android 6.0; Android SDK built for x86_64 Build/MASTER)'),(760,'$pbkdf2-sha256$200$iVFKiRGCsNZai7E2hhBijA$sXjO/cb.rA5OiDzbgDLHRg9shDWi6hg820mYRStpzgQ1459018919',1,17,'2016-03-26 19:01:59',NULL,'192.168.1.3',0,'Dalvik/2.1.0 (Linux; U; Android 6.0; Android SDK built for x86_64 Build/MASTER)'),(761,'$pbkdf2-sha256$200$6/1/T0kpRWhN6R3D2HvPeQ$tL0bcndAs.HEBv7nfbfFivuwbj6J4c1RzxW760wTM881459019188',1,17,'2016-03-26 19:06:28',NULL,'192.168.1.3',0,'Dalvik/2.1.0 (Linux; U; Android 6.0; Android SDK built for x86_64 Build/MASTER)'),(762,'$pbkdf2-sha256$200$gFDKWYvRGkPofU/JeU.pVQ$fdmOCZ/Ifbi18Oak8AtqjeJEMWa7Up9If1OjgX3GlOE1459019229',1,17,'2016-03-26 19:07:09',NULL,'192.168.1.3',0,'Dalvik/2.1.0 (Linux; U; Android 6.0; Android SDK built for x86_64 Build/MASTER)'),(763,'$pbkdf2-sha256$200$37t3zjkHQGitVYrR2ptTKg$fSo.wRnu6P1HddOlhkfYvaBKzAAMJGGwkSrmeCHuhhk1459021119',1,17,'2016-03-26 19:38:39',NULL,'192.168.1.3',0,'Dalvik/2.1.0 (Linux; U; Android 6.0; Android SDK built for x86_64 Build/MASTER)'),(764,'$pbkdf2-sha256$200$R0iJsdb6X0sJoVQKAaC09g$T6ToWP90K6wNX1n7R9S2NEYwTJmGMtM/z.wj1ddsx6Q1459023753',1,17,'2016-03-26 20:22:33',NULL,'192.168.1.2',0,'Dalvik/1.6.0 (Linux; U; Android 4.4.2; iris X1 Grand Build/X1Grand)'),(765,'$pbkdf2-sha256$200$5XwvhTBm7L33Pse4F0JozQ$Psx8oXAwUkRFRlFvuMjfxeHZif2BZyMFZSYSRViqvd81459023856',1,17,'2016-03-26 20:24:16',NULL,'192.168.1.2',0,'Dalvik/1.6.0 (Linux; U; Android 4.4.2; iris X1 Grand Build/X1Grand)'),(766,'$pbkdf2-sha256$200$SSml1JrTuhdCyNlbK6UUIg$F.CjIqsax980cVZaFYRLbuuRL5DCMWcsgv9gC/U7IGk1459024064',1,17,'2016-03-26 20:27:44',NULL,'192.168.1.2',0,'Dalvik/1.6.0 (Linux; U; Android 4.4.2; iris X1 Grand Build/X1Grand)'),(767,'$pbkdf2-sha256$200$03pvjVHKGYOQspZSCoFwbg$QAcvtKZdWKZsukrpUebE5WgYEkEgwcibOW.nDX5VAz01459024084',1,17,'2016-03-26 20:28:04',NULL,'192.168.1.2',0,'Dalvik/1.6.0 (Linux; U; Android 4.4.2; iris X1 Grand Build/X1Grand)'),(768,'$pbkdf2-sha256$200$PYfQmpNyLiXkHCMkJMQ4xw$TA/ajQygpFzzALqzlfSx3UZi2D1Cyd2xs2Intc5nQJo1459024127',1,17,'2016-03-26 20:28:47',NULL,'192.168.1.2',0,'Dalvik/1.6.0 (Linux; U; Android 4.4.2; iris X1 Grand Build/X1Grand)'),(769,'$pbkdf2-sha256$200$8H5vbc15r1UKIURIKYUQ4g$L6q7UnmTp.G7kxiVsBA3ps8KozRugVL3aKoOKi2INq81459024411',1,17,'2016-03-26 20:33:31',NULL,'192.168.1.2',0,'Dalvik/1.6.0 (Linux; U; Android 4.4.2; iris X1 Grand Build/X1Grand)'),(770,'$pbkdf2-sha256$200$w1gr5Zyz1jqnlFKK0XoPIQ$hYFVZJh/C7rhgl0L7Ol4AI2wYwDKlsf8X4NUu2fQm.E1459024455',1,17,'2016-03-26 20:34:15',NULL,'192.168.1.2',0,'Dalvik/1.6.0 (Linux; U; Android 4.4.2; iris X1 Grand Build/X1Grand)'),(771,'$pbkdf2-sha256$200$FaKUUopRas3ZmxOC8B7DOA$FT0Wo4/.XV9W6BjT4aggFNbbcyGS4q1Rr0zIuVXFmcs1459025338',1,17,'2016-03-26 20:48:58',NULL,'192.168.1.3',0,'Dalvik/2.1.0 (Linux; U; Android 6.0; Android SDK built for x86_64 Build/MASTER)'),(772,'$pbkdf2-sha256$200$Mybk/N.bc26NMcaYs3bu3Q$aw7rFfhtZqOE26kqjZbM.izv0kai3ApToqtVjhzOkxQ1459025578',1,17,'2016-03-26 20:52:58',NULL,'192.168.1.2',0,'Dalvik/1.6.0 (Linux; U; Android 4.4.2; iris X1 Grand Build/X1Grand)'),(773,'$pbkdf2-sha256$200$5pzTmlNKCQGA0Lq3NmYMgQ$VgUY.S.aAo9AqyhllRvC3/1KPfYEMt/gMH7T9urxNR41459102385',1,17,'2016-03-27 18:13:05',NULL,'192.168.1.4',0,'Mozilla/5.0 (X11; Linux x86_64) AppleWebKit/537.36 (KHTML, like Gecko) Chrome/41.0.2272.101 Safari/537.36'),(774,'$pbkdf2-sha256$200$6R3jnPNey7m3VgrhvPd.Tw$N6PFv0/rYv5de66xHl2/49wZ63Qry7onqujxOCe5GoM1459103063',1,21,'2016-03-27 18:24:23',NULL,'192.168.1.4',0,'Mozilla/5.0 (X11; Ubuntu; Linux x86_64; rv:41.0) Gecko/20100101 Firefox/41.0'),(775,'$pbkdf2-sha256$200$Wst5D0GI0fq/15qTUkoJQQ$2iXEfNJVJSWMHGeGBoJHcGDvbZFLbWU8NFfWESY53ng1459104196',1,17,'2016-03-27 18:43:16',NULL,'192.168.1.4',0,'Dalvik/2.1.0 (Linux; U; Android 6.0; Android SDK built for x86_64 Build/MASTER)'),(776,'$pbkdf2-sha256$200$F2LMmdN6j9G6FwKg9H6vNQ$SM.Zr.G12zGrs7SPdi.DT.SIYIwZS5TmZCiB0Vozl7M1459106755',1,17,'2016-03-27 19:25:55',NULL,'192.168.1.2',0,'Dalvik/1.6.0 (Linux; U; Android 4.4.2; iris X1 Grand Build/X1Grand)'),(777,'$pbkdf2-sha256$200$XsvZm9Ma4zxHiBHifI/RGg$XcZgEL3z.1tLu68DjEzs0EHkpx6feHP/bxECAoZILyQ1459110339',1,17,'2016-03-27 20:25:39',NULL,'192.168.1.4',0,'Dalvik/2.1.0 (Linux; U; Android 6.0; Android SDK built for x86_64 Build/MASTER)'),(778,'$pbkdf2-sha256$200$9V6LEeJcy9nbu7cWghDCmA$d.DpEbnXiH5A6WeXAbzz6sWnwk/PtYOErZjbg18SIzs1459110750',1,17,'2016-03-27 20:32:30',NULL,'192.168.1.2',0,'Dalvik/1.6.0 (Linux; U; Android 4.4.2; iris X1 Grand Build/X1Grand)'),(779,'$pbkdf2-sha256$200$DuEcgzBm7N2bs/YeA6CU0g$53RQN3UJP70.v0ktEum77J26KBqW....P4sEdMaTBoU1459111500',1,17,'2016-03-27 20:45:00',NULL,'192.168.1.2',0,'Dalvik/1.6.0 (Linux; U; Android 4.4.2; iris X1 Grand Build/X1Grand)'),(780,'$pbkdf2-sha256$200$OMdYa631PmdMSSkFoLTWGg$saY5MPiOLyXYvpmQXQbUAFKiDWvSvkbBbgyXgl50a2M1459111507',1,17,'2016-03-27 20:45:07',NULL,'192.168.1.2',0,'Dalvik/1.6.0 (Linux; U; Android 4.4.2; iris X1 Grand Build/X1Grand)'),(781,'$pbkdf2-sha256$200$/v9/7/1fS6l1bg0hxPh/zw$l/EI3hyiVaOy.CMUbbB5DGtmVgaQNtFvRbfOBX123A41459111533',1,17,'2016-03-27 20:45:34',NULL,'192.168.1.2',0,'Dalvik/1.6.0 (Linux; U; Android 4.4.2; iris X1 Grand Build/X1Grand)'),(782,'$pbkdf2-sha256$200$R.idE6JUSundm9P637sXgg$cbtUFexCkaRITGZiXXNAo9PMydm54wX0i0okIuz/TlY1459111555',1,17,'2016-03-27 20:45:55',NULL,'192.168.1.2',0,'Dalvik/1.6.0 (Linux; U; Android 4.4.2; iris X1 Grand Build/X1Grand)'),(783,'$pbkdf2-sha256$200$aU2pNSZkjPE.Z.ydk9J6jw$kxj.ytd6F4gszaQ3oITycDw426lqYWmmRmkWDNn80PA1459111635',1,17,'2016-03-27 20:47:15',NULL,'192.168.1.2',0,'Dalvik/1.6.0 (Linux; U; Android 4.4.2; iris X1 Grand Build/X1Grand)'),(784,'$pbkdf2-sha256$200$7r035lzrPafUGkNIaW0NIQ$/lSSyCXyT114FhakjQec57DtCy8NrO5rKFM6jU/pr501459111704',1,17,'2016-03-27 20:48:24',NULL,'192.168.1.2',0,'Dalvik/1.6.0 (Linux; U; Android 4.4.2; iris X1 Grand Build/X1Grand)'),(785,'$pbkdf2-sha256$200$.z/nfK91LmUMASDE2FtLiQ$PJJrB/.T0ZKisCiR1315JlnfaoOafcIN.C5Sn9VRB7c1459111741',1,17,'2016-03-27 20:49:01',NULL,'192.168.1.2',0,'Dalvik/1.6.0 (Linux; U; Android 4.4.2; iris X1 Grand Build/X1Grand)'),(786,'$pbkdf2-sha256$200$SYkx5pxTilEqpbQWgrDW.g$7ETtm17..2kYhbZAEsBfKzmxR0lynzTJrgC0tTdEpQw1459111860',1,17,'2016-03-27 20:51:00',NULL,'192.168.1.2',0,'Dalvik/1.6.0 (Linux; U; Android 4.4.2; iris X1 Grand Build/X1Grand)'),(787,'$pbkdf2-sha256$200$5HxP6d07x7g3JsTYW6uV0g$NJKgrGOlMVGreuK4N4dejTlAC42MJgq.JrGI2vRFBBQ1459111899',1,17,'2016-03-27 20:51:39',NULL,'192.168.1.2',0,'Dalvik/1.6.0 (Linux; U; Android 4.4.2; iris X1 Grand Build/X1Grand)'),(788,'$pbkdf2-sha256$200$11oLYQyh1BqjNOYco3TOGQ$Pkz98gHlvZsRedZUrdVPk13eJCYmO8oZQBRSNubnrTo1459111914',1,17,'2016-03-27 20:51:54',NULL,'192.168.1.2',0,'Dalvik/1.6.0 (Linux; U; Android 4.4.2; iris X1 Grand Build/X1Grand)'),(789,'$pbkdf2-sha256$200$kLKWMiYkROh9L8U4pxQCwA$HkYQ2lGVU0T/fmyimDACcBdwhfSZY/55fN.72h/8QzM1459111978',1,17,'2016-03-27 20:52:58',NULL,'192.168.1.2',0,'Dalvik/1.6.0 (Linux; U; Android 4.4.2; iris X1 Grand Build/X1Grand)'),(790,'$pbkdf2-sha256$200$oXTuvbf2nrPWWksp5TwnRA$XOa2vy/G9EoBIRLt3yOIeIbDaOYv7P829pNep4IcQwQ1459112069',1,17,'2016-03-27 20:54:29',NULL,'192.168.1.2',0,'Dalvik/1.6.0 (Linux; U; Android 4.4.2; iris X1 Grand Build/X1Grand)'),(791,'$pbkdf2-sha256$200$e885pzRGSCll7J1TCmHMOQ$VOzfC/bvEQ3PuOoiGQd.pbLssmDQh5B8zo.lukrjjxY1459112110',1,17,'2016-03-27 20:55:10',NULL,'192.168.1.2',0,'Dalvik/1.6.0 (Linux; U; Android 4.4.2; iris X1 Grand Build/X1Grand)'),(792,'$pbkdf2-sha256$200$L6W0VqrVOue8VyqF8P4fgw$boTvbuKL38jy74Y911yT0wogDuH6pYsTsuiDQ5burlU1459112396',1,17,'2016-03-27 20:59:56',NULL,'192.168.1.2',0,'Dalvik/1.6.0 (Linux; U; Android 4.4.2; iris X1 Grand Build/X1Grand)'),(793,'$pbkdf2-sha256$200$9R7j3FtLSendew.hlBIixA$w6smNN.TXE0Xxyr.A1gMYVY.YqeWEBcSkAbuVYkyEC81459112486',1,17,'2016-03-27 21:01:26',NULL,'192.168.1.2',0,'Dalvik/1.6.0 (Linux; U; Android 4.4.2; iris X1 Grand Build/X1Grand)'),(794,'$pbkdf2-sha256$200$FEJoTSmF0BrDeM.513rPeQ$f/5FWjf1dduCyk6TVpGWnm5MWDZMphvORXHgffCif7I1459115345',1,17,'2016-03-27 21:49:05',NULL,'192.168.1.2',0,'Dalvik/1.6.0 (Linux; U; Android 4.4.2; iris X1 Grand Build/X1Grand)'),(795,'$pbkdf2-sha256$200$QKgVIsRYi1EqhbA2xvjfWw$LRKjIshpNQ3ehSg/mQSzbndrLkqlfXNyMEhHHjBG54k1459115419',1,17,'2016-03-27 21:50:19',NULL,'192.168.1.2',0,'Dalvik/1.6.0 (Linux; U; Android 4.4.2; iris X1 Grand Build/X1Grand)'),(796,'$pbkdf2-sha256$200$I0ToPce41xqj1HqPMQZgbA$oITm/dpj.D0UdCqGz86ViaEipRXRAbf.2wv2Bi4ZVoo1459115733',1,17,'2016-03-27 21:55:33',NULL,'192.168.1.2',0,'Dalvik/1.6.0 (Linux; U; Android 4.4.2; iris X1 Grand Build/X1Grand)'),(797,'$pbkdf2-sha256$200$EyJkzBkDYOw9BwCgdK61Vg$9FfA7YFnBDTydolTx0S90gufxf30Cltl8Yw3.zTGwok1459115976',1,17,'2016-03-27 21:59:36',NULL,'192.168.1.2',0,'Dalvik/1.6.0 (Linux; U; Android 4.4.2; iris X1 Grand Build/X1Grand)'),(798,'$pbkdf2-sha256$200$da71nrP2HgOglPJeS4lx7g$nhI8UR9thmX8DPFzs8//bvSbyLGzXXc0D5ynbhCmJwo1459116023',1,17,'2016-03-27 22:00:23',NULL,'192.168.1.2',0,'Dalvik/1.6.0 (Linux; U; Android 4.4.2; iris X1 Grand Build/X1Grand)'),(799,'$pbkdf2-sha256$200$TKnVek8pRWitVQqh1HovxQ$mVvlEKPwkCFYUz6Dlut2fCMIOHN5oTKDZtFYa45xSVs1459116391',1,17,'2016-03-27 22:06:31',NULL,'192.168.1.2',0,'Dalvik/1.6.0 (Linux; U; Android 4.4.2; iris X1 Grand Build/X1Grand)'),(800,'$pbkdf2-sha256$200$lHLOGUMIAUDonVMqBUBozQ$Pk7aTRzqp4h1vgnB5j8mkv36xgrXQz0JiimFJdGERoI1459116446',1,17,'2016-03-27 22:07:26',NULL,'192.168.1.2',0,'Dalvik/1.6.0 (Linux; U; Android 4.4.2; iris X1 Grand Build/X1Grand)'),(801,'$pbkdf2-sha256$200$ZwzBGCOk1FqLkfI.Z0zpfQ$.jrJfMkGZIxYT4tPQZWm4Vk5yTfNeZRRzcHHdqnsHQ01459121600',1,17,'2016-03-27 23:33:20',NULL,'192.168.1.2',0,'Dalvik/1.6.0 (Linux; U; Android 4.4.2; iris X1 Grand Build/X1Grand)'),(802,'$pbkdf2-sha256$200$rhXivDfGOAdgzPlfyzknRA$NL1BNf2kP1ly.Vrzg.w1XK9uyfNe1hIV2RXkeUyURrw1459121690',1,17,'2016-03-27 23:34:50',NULL,'192.168.1.2',0,'Dalvik/1.6.0 (Linux; U; Android 4.4.2; iris X1 Grand Build/X1Grand)'),(803,'$pbkdf2-sha256$200$4rwX4nyvlVLKeY8RIuRcaw$tdnQuDMzZ.jF8ZUDYipl/iZmFU9YFIyRU8mfSVCSy841459121791',1,17,'2016-03-27 23:36:31',NULL,'192.168.1.2',0,'Dalvik/1.6.0 (Linux; U; Android 4.4.2; iris X1 Grand Build/X1Grand)'),(804,'$pbkdf2-sha256$200$OgcA4Ny7t9Z6j/Ee47y31g$s9x138tXbtbuDBhrq6KBN4Vx22MbwRvozT9Dmer22N41459121834',1,17,'2016-03-27 23:37:14',NULL,'192.168.1.2',0,'Dalvik/1.6.0 (Linux; U; Android 4.4.2; iris X1 Grand Build/X1Grand)'),(805,'$pbkdf2-sha256$200$BIBQitH6v1fqXau19j4HQA$.A3FXTumkgxhGkDGhOJKW26Rk9k.ziMMaNqYLEaeNp81459124349',1,17,'2016-03-28 00:19:09',NULL,'192.168.1.4',0,'Dalvik/2.1.0 (Linux; U; Android 6.0; Android SDK built for x86_64 Build/MASTER)'),(806,'$pbkdf2-sha256$200$r9V6z1krhdCac04pxdi7tw$Ymp92FBGev5KWc9.FDOvHCbR5cMxu5Ve.eQ7AYVFv/41459124549',1,17,'2016-03-28 00:22:29',NULL,'192.168.1.4',0,'Dalvik/2.1.0 (Linux; U; Android 6.0; Android SDK built for x86_64 Build/MASTER)'),(807,'$pbkdf2-sha256$200$m/OeU4rxXut9zxmjlNIa4w$CA3uI6HbleJIr.WM9/vhMG4VgZqNCOEIJ8OD8GBOb7s1459124633',1,17,'2016-03-28 00:23:53',NULL,'192.168.1.4',0,'Dalvik/2.1.0 (Linux; U; Android 6.0; Android SDK built for x86_64 Build/MASTER)'),(808,'$pbkdf2-sha256$200$o9SaU2rtvZey1lqLkdL6fw$FtmxeWDsbbLQ26umjDcMTgrLUtLPxoGs8uZeqKWIXVM1459125470',1,17,'2016-03-28 00:37:50',NULL,'192.168.1.4',0,'Dalvik/2.1.0 (Linux; U; Android 6.0; Android SDK built for x86_64 Build/MASTER)'),(809,'$pbkdf2-sha256$200$lRIiZIxRSmlN6T1n7P3fGw$JIeHRPWmP8sZ/yI1lkV8Lcd5ukdx/E1wFHlfOWNXFpg1459126239',1,17,'2016-03-28 00:50:39',NULL,'192.168.1.4',0,'Dalvik/2.1.0 (Linux; U; Android 6.0; Android SDK built for x86_64 Build/MASTER)'),(810,'$pbkdf2-sha256$200$2dsbQ8i51zoH4HyvtZZSKg$FRcBTJshZ.iN6FJS5V4iz5pgdlacIVjtO/RHgPC70fU1459126903',1,17,'2016-03-28 01:01:43',NULL,'192.168.1.4',0,'Dalvik/2.1.0 (Linux; U; Android 6.0; Android SDK built for x86_64 Build/MASTER)'),(811,'$pbkdf2-sha256$200$6t2bU4qx9h4DIGQMIUTI.Q$LJMnPgKYs2eQt1EjjzLKVBMN7f0UnxYqRyxrxT9XS.I1459127338',1,17,'2016-03-28 01:08:58',NULL,'192.168.1.4',0,'Dalvik/2.1.0 (Linux; U; Android 6.0; Android SDK built for x86_64 Build/MASTER)'),(812,'$pbkdf2-sha256$200$VipF6N2713rvPYfQunfOGQ$Zv3..UaNS46toekhBYrnzETV3CT/TQcUdnc58IaU8b41459127978',1,17,'2016-03-28 01:19:38',NULL,'192.168.1.4',0,'Dalvik/2.1.0 (Linux; U; Android 6.0; Android SDK built for x86_64 Build/MASTER)'),(813,'$pbkdf2-sha256$200$IWSs9V4rpXRO6f1/D0FIKQ$qtLI2OVOjtVM8eJGSzpBSEHk59Qb2xdb59uMv5OGUOY1459128676',1,17,'2016-03-28 01:31:16',NULL,'192.168.1.4',0,'Dalvik/2.1.0 (Linux; U; Android 6.0; Android SDK built for x86_64 Build/MASTER)'),(814,'$pbkdf2-sha256$200$Veqdszam1Ppfy3mPsfZ.rw$ACLfEJoR48mjgzzSY/E03VPr1TqdrBrVcYNnfPherSM1459128833',1,17,'2016-03-28 01:33:53',NULL,'192.168.1.5',0,'Dalvik/1.6.0 (Linux; U; Android 4.1.2; GT-S6812 Build/JZO54K)'),(815,'$pbkdf2-sha256$200$V.qdkxICwNg7x9gbI0QopQ$s7ivYDtUjvgo5822OXUut6Xa/kkPgEUJsew6sEKipVk1459128900',1,17,'2016-03-28 01:35:00',NULL,'192.168.1.5',0,'Dalvik/1.6.0 (Linux; U; Android 4.1.2; GT-S6812 Build/JZO54K)'),(816,'$pbkdf2-sha256$200$kPJ.LyXEOKfUOgeglBJiDA$xz1umW/Rr6lfGCwM3mjwQ4FoQm7j7qJE2uJmeadG82Y1459156279',1,17,'2016-03-28 09:11:19',NULL,'192.168.1.5',0,'Dalvik/1.6.0 (Linux; U; Android 4.1.2; GT-S6812 Build/JZO54K)'),(817,'$pbkdf2-sha256$200$xLjXOsd4T.l9TyllTGktpQ$81lKrc.SIe3U/XQZWDtzopJNgrdZUyN2rV1G8HHY24k1459156350',1,21,'2016-03-28 09:12:30',NULL,'192.168.1.5',0,'Dalvik/1.6.0 (Linux; U; Android 4.1.2; GT-S6812 Build/JZO54K)'),(818,'$pbkdf2-sha256$200$3fufM0ZICSEkJMSYUwpBqA$e0R1gptlVaLOUnD6dsIsrzoByYqZlexFeYgeP/TypJs1459209366',1,21,'2016-03-28 23:56:06',NULL,'192.168.1.2',0,'Dalvik/1.6.0 (Linux; U; Android 4.4.2; iris X1 Grand Build/X1Grand)'),(819,'$pbkdf2-sha256$200$VwrB.P9/7z2HkBIiBKDUug$5f7d5hUds/ln6rAlIwDK12ojuFTLv1zEMur0e.EqS5E1459210574',1,17,'2016-03-29 00:16:14',NULL,'192.168.1.2',0,'Dalvik/1.6.0 (Linux; U; Android 4.4.2; iris X1 Grand Build/X1Grand)'),(820,'$pbkdf2-sha256$200$fs/5X0up1boX4rwX4jxHKA$Nfk5JpGwVZi4SLUQEIvpihqsnhaCk2kN5xn41zEW9eU1459210632',1,21,'2016-03-29 00:17:12',NULL,'192.168.1.2',0,'Dalvik/1.6.0 (Linux; U; Android 4.4.2; iris X1 Grand Build/X1Grand)'),(821,'$pbkdf2-sha256$200$SwmhtNYao5RyTqmV8n5vzQ$Wr3GRG0j1.AB2m3w9Tx.HLWq8maCYmkbKhJOfTAL6dQ1459217659',1,21,'2016-03-29 02:14:19',NULL,'192.168.1.2',0,'Dalvik/1.6.0 (Linux; U; Android 4.4.2; iris X1 Grand Build/X1Grand)'),(822,'$pbkdf2-sha256$200$LqVUirEWgpBSCoFQCkFIiQ$aje09aM9S49lDcluLgxRN6ZMpgtz.5ZPPhDanXti/3o1459217713',1,17,'2016-03-29 02:15:13',NULL,'192.168.1.2',0,'Dalvik/1.6.0 (Linux; U; Android 4.4.2; iris X1 Grand Build/X1Grand)'),(823,'$pbkdf2-sha256$200$OEeo1TonJCSkFAJAaO3dew$5g3RNwLWmsN4ZcqGWT2V38dcqvI8GM8P1IASwhDzk/o1459241968',1,17,'2016-03-29 08:59:28',NULL,'192.168.1.5',0,'Dalvik/1.6.0 (Linux; U; Android 4.1.2; GT-S6812 Build/JZO54K)'),(824,'$pbkdf2-sha256$200$d45xrnWOMSak9L53zjlnDA$0ZRf71Up1dEwFQPPJW7oB.yZ5OY9V9oscvxhpGeLFsc1459383704',1,21,'2016-03-31 00:21:44',NULL,'192.168.1.2',0,'Dalvik/1.6.0 (Linux; U; Android 4.4.2; iris X1 Grand Build/X1Grand)'),(825,'$pbkdf2-sha256$200$ds6Zcw5BqBUCoPReq9XaOw$KFMYRs3YJK.BYMTtgH4AWqsWEe5TdE1lzqcN/p6C1Ng1459384057',1,21,'2016-03-31 00:27:37',NULL,'192.168.1.2',0,'Dalvik/1.6.0 (Linux; U; Android 4.4.2; iris X1 Grand Build/X1Grand)'),(826,'$pbkdf2-sha256$200$UiplzHmvlfJeq9X6//8/hw$Pr/thXPClGwO4aMzwPbHPygK43sUHmbJFQqa5xuvuSk1459390477',1,21,'2016-03-31 02:14:37',NULL,'192.168.1.2',0,'Dalvik/1.6.0 (Linux; U; Android 4.4.2; iris X1 Grand Build/X1Grand)'),(827,'$pbkdf2-sha256$200$Tqk1plQKAQAAAEAI4RwDIA$ev/unonhGTX4wWGZRYWLE.vLVUrvRGSC3FR/qUBjQQg1459589365',1,17,'2016-04-02 09:29:25',NULL,'192.168.1.5',0,'Mozilla/5.0 (X11; Linux x86_64) AppleWebKit/537.36 (KHTML, like Gecko) Chrome/41.0.2272.101 Safari/537.36'),(828,'$pbkdf2-sha256$200$klKqldI6RygFQAihdE7JeQ$zyTIhrc9JfO.MrwOogNdV6f53cn.dg/PIWylfmbbb.c1459589479',1,21,'2016-04-02 09:31:19',NULL,'192.168.1.5',0,'Mozilla/5.0 (X11; Ubuntu; Linux x86_64; rv:41.0) Gecko/20100101 Firefox/41.0'),(829,'$pbkdf2-sha256$200$cS6FUKpV6l2LsRYC4JyzVg$LpTluauy8T6Rcevj4BQi6PNR2TGC2B7GDRyGSL/MzS81459592328',1,21,'2016-04-02 10:18:48',NULL,'192.168.1.2',0,'Dalvik/1.6.0 (Linux; U; Android 4.4.2; iris X1 Grand Build/X1Grand)'),(830,'$pbkdf2-sha256$200$SylFqFXqHaN0zrnXWusdAw$2s5ZM4rt8x4.VsxFYE0//qogH1XdZ16S9SakxIvwTl41459592368',1,17,'2016-04-02 10:19:28',NULL,'192.168.1.2',0,'Dalvik/1.6.0 (Linux; U; Android 4.4.2; iris X1 Grand Build/X1Grand)'),(831,'$pbkdf2-sha256$200$WkuJMeZ8z5mzlvK.V2rNuQ$Hjo51oA8Nf3nZpZ5NvUwvJPytl/y4FeKDGFrmqI2FCw1459637980',1,17,'2016-04-02 22:59:40',NULL,'192.168.1.2',0,'Dalvik/1.6.0 (Linux; U; Android 4.4.2; iris X1 Grand Build/X1Grand)'),(832,'$pbkdf2-sha256$200$IaSUcu69d07pXWvNec/Z2w$2OcPypEWRTpvzwahv/y0JeLnW6vwNdWCEdOpDTAiTNU1459638052',1,17,'2016-04-02 23:00:52',NULL,'192.168.1.2',0,'Dalvik/1.6.0 (Linux; U; Android 4.4.2; iris X1 Grand Build/X1Grand)'),(833,'$pbkdf2-sha256$200$aY1R6j2ntHauFaJUai1lTA$bfxNm/uF4UQLIlEzXRIh0kQMEsgOX0CEQAhMpMYpZM81459814683',1,21,'2016-04-05 00:04:43',NULL,'192.168.1.4',0,'Dalvik/1.6.0 (Linux; U; Android 4.4.2; iris X1 Grand Build/X1Grand)'),(834,'$pbkdf2-sha256$200$bE0JgZBS6n0PoRRizBkjpA$NTyHX85GDDhXqAm7M9cpOunIEUlUEedpjcdlvKuxI4Q1459815088',1,21,'2016-04-05 00:11:28',NULL,'192.168.1.4',0,'Dalvik/1.6.0 (Linux; U; Android 4.4.2; iris X1 Grand Build/X1Grand)'),(835,'$pbkdf2-sha256$200$z5kTgpByrnUupRQiJCQEwA$4Pr/Nse2uF4Jn7Vv0XF82N3SOJvWuuhKaRfPmZbOzzg1459815700',1,17,'2016-04-05 00:21:40',NULL,'192.168.1.4',0,'Dalvik/1.6.0 (Linux; U; Android 4.4.2; iris X1 Grand Build/X1Grand)'),(836,'$pbkdf2-sha256$200$FmJMyVmrtVbqfY9R6r23Ng$N.gxnDCI.zj/imHnwbeDwYQ6tDe1.QzRzYkt6.C2n.E1459815973',1,17,'2016-04-05 00:26:13',NULL,'192.168.1.4',0,'Dalvik/1.6.0 (Linux; U; Android 4.4.2; iris X1 Grand Build/X1Grand)'),(837,'$pbkdf2-sha256$200$y1lLibE2Rqi1NkaodQ5BqA$8SU3zkSkfgRYk33u1aSisqfcdTvdyPiYmFsOS.nFX8Q1459817074',1,17,'2016-04-05 00:44:34',NULL,'192.168.1.4',0,'Dalvik/1.6.0 (Linux; U; Android 4.4.2; iris X1 Grand Build/X1Grand)'),(838,'$pbkdf2-sha256$200$r3WuVYpR6n2v1VprDSEEAA$Y7vdSspetWD5t/h.a8JnEnwTizpZ4iySXff6I/XCQfw1459823075',1,17,'2016-04-05 02:24:35',NULL,'192.168.1.5',0,'Mozilla/5.0 (X11; Linux x86_64) AppleWebKit/537.36 (KHTML, like Gecko) Chrome/41.0.2272.101 Safari/537.36'),(839,'$pbkdf2-sha256$200$QQhhbK2Vck7JOQfAuPeecw$OrJOBr6Gp6QV5CBlg3YLvuZNFH10G0LmSlMA0bTQyqM1459823279',1,17,'2016-04-05 02:27:59',NULL,'192.168.1.4',0,'Dalvik/1.6.0 (Linux; U; Android 4.4.2; iris X1 Grand Build/X1Grand)'),(840,'$pbkdf2-sha256$200$dK4VQojROickRIjxPmdsDQ$IVob04AOMPfFzgG19thKpfo33tj7I5zFnro2l6Cs3iE1459823452',1,21,'2016-04-05 02:30:52',NULL,'192.168.1.4',0,'Dalvik/1.6.0 (Linux; U; Android 4.4.2; iris X1 Grand Build/X1Grand)'),(841,'$pbkdf2-sha256$200$E2IsJWSMsTZm7B0jhNDaew$rUBeFv2bpx9zQlLzQwO.QwARV0F7wJjD6ZabQHTmUuw1459823692',1,17,'2016-04-05 02:34:52',NULL,'192.168.1.4',0,'Dalvik/1.6.0 (Linux; U; Android 4.4.2; iris X1 Grand Build/X1Grand)'),(842,'$pbkdf2-sha256$200$Ogeg1LqXsrb2Pgeg9D6HkA$.E0tc.ZO4yW4SisSjoYzSsbgA1agFq2B1y57Sx70E3o1459824093',1,17,'2016-04-05 02:41:33',NULL,'192.168.1.4',0,'Dalvik/1.6.0 (Linux; U; Android 4.4.2; iris X1 Grand Build/X1Grand)'),(843,'$pbkdf2-sha256$200$njOmNKZUinHOudda6z2ndA$Xz5zZJ4U5ukdlbK8HMq/fjKV1yfgFNnjNq7/roZMDUg1459824599',1,17,'2016-04-05 02:49:59',NULL,'192.168.1.4',0,'Dalvik/1.6.0 (Linux; U; Android 4.4.2; iris X1 Grand Build/X1Grand)'),(844,'$pbkdf2-sha256$200$0/ofI8SYM6YUwjjnXGst5Q$6OvobzK/zSke/5KVL4nfBowqI7pte0.wNsrWz6Ebsmw1459833171',1,21,'2016-04-05 05:12:51',NULL,'192.168.1.4',0,'Dalvik/1.6.0 (Linux; U; Android 4.4.2; iris X1 Grand Build/X1Grand)'),(845,'$pbkdf2-sha256$200$1Lp3bu09Z0zJec/ZW0uJkQ$NCPBUjH/3Vl4I3MemNEbYMfG3VkgaKwlXm0r4ZWMpNY1459986972',1,17,'2016-04-06 23:56:12',NULL,'192.168.1.3',0,'Mozilla/5.0 (X11; Linux x86_64) AppleWebKit/537.36 (KHTML, like Gecko) Chrome/41.0.2272.101 Safari/537.36'),(846,'$pbkdf2-sha256$200$YEyJkTIGAODcWyul9L6XMg$dUMNLv6lHynbTTRclC5QzxLhak4wkmdN6jLzd4aA3YQ1459987123',1,17,'2016-04-06 23:58:43',NULL,'192.168.1.2',0,'Dalvik/1.6.0 (Linux; U; Android 4.4.2; iris X1 Grand Build/X1Grand)'),(847,'$pbkdf2-sha256$200$1PqfEwKAEELIec85J.S8dw$0Df//DMC2bS1Ry1XG9I.L0l9da2wYkzG.kjU39W.6jw1459987707',1,17,'2016-04-07 00:08:27',NULL,'192.168.1.2',0,'Dalvik/1.6.0 (Linux; U; Android 4.4.2; iris X1 Grand Build/X1Grand)'),(848,'$pbkdf2-sha256$200$pJRSihHCmNM6h9C6F0Lo/Q$mRpEq5r8NqbLZhfzneB2edy.MYHY2tQymfEc1LCURLY1459988252',1,21,'2016-04-07 00:17:32',NULL,'192.168.1.2',0,'Dalvik/1.6.0 (Linux; U; Android 4.4.2; iris X1 Grand Build/X1Grand)'),(849,'$pbkdf2-sha256$200$y1kr5RwjZKyVEmKslfKeEw$zWDxIyBA6y2GC8lVkP.BeJCtzKk529cadzAk.9pdq.A1459989120',1,17,'2016-04-07 00:32:00',NULL,'192.168.1.2',0,'Dalvik/1.6.0 (Linux; U; Android 4.4.2; iris X1 Grand Build/X1Grand)'),(850,'$pbkdf2-sha256$200$7r0XotRaK0WolZLSOmcshQ$P7WOfY/ZcrxTAIafDBHakuDk1/v.2mpE9aqkLYMuZfQ1459990279',1,21,'2016-04-07 00:51:19',NULL,'192.168.1.2',0,'Dalvik/1.6.0 (Linux; U; Android 4.4.2; iris X1 Grand Build/X1Grand)'),(851,'$pbkdf2-sha256$200$h1AqRUgJAeB8L6U05lyrVQ$rFWZ32SLvBrGP9qzLorFQcBBDUwlJaoCKQTJoq/fYIs1459990430',1,21,'2016-04-07 00:53:50',NULL,'192.168.1.2',0,'Dalvik/1.6.0 (Linux; U; Android 4.4.2; iris X1 Grand Build/X1Grand)'),(852,'$pbkdf2-sha256$200$tBbivJcSojRGKGUsxXgvZQ$L4nIVIufHx9N3ucjTAmzI.Jy0qpwqvXrmGhvSTdiYcw1459990656',1,21,'2016-04-07 00:57:36',NULL,'192.168.1.2',0,'Dalvik/1.6.0 (Linux; U; Android 4.4.2; iris X1 Grand Build/X1Grand)'),(853,'$pbkdf2-sha256$200$eQ9hDOGckxLi/D8HwNi7dw$W83IKNgSeu3MGMxxH/bX3jbEnactH6U42xnyeshoxp01459990851',1,17,'2016-04-07 01:00:51',NULL,'192.168.1.2',0,'Dalvik/1.6.0 (Linux; U; Android 4.4.2; iris X1 Grand Build/X1Grand)'),(854,'$pbkdf2-sha256$200$ZeydMyYEgNBaKyXk/F8rRQ$HGmO7bkAskSzS1/izCL31iRsZypcSy7wc7taK9dyz8k1459991026',1,21,'2016-04-07 01:03:46',NULL,'192.168.1.2',0,'Dalvik/1.6.0 (Linux; U; Android 4.4.2; iris X1 Grand Build/X1Grand)'),(855,'$pbkdf2-sha256$200$WWuNkXIOYQwBoJQSQugdgw$QPvx6RjFp7rYEQ873beOGgtCWwQXMcLygA2T9/GDrqQ1459991201',1,17,'2016-04-07 01:06:41',NULL,'192.168.1.2',0,'Dalvik/1.6.0 (Linux; U; Android 4.4.2; iris X1 Grand Build/X1Grand)'),(856,'$pbkdf2-sha256$200$EuL8XysFYMw5ZwzhPAcghA$MZK8C80g53JSxtHrZS0xq9uFYkdjWQpGN.5TVz7L24g1459991646',1,17,'2016-04-07 01:14:06',NULL,'192.168.1.2',0,'Dalvik/1.6.0 (Linux; U; Android 4.4.2; iris X1 Grand Build/X1Grand)'),(857,'$pbkdf2-sha256$200$aC0lpJRS6v2/l7J2Tsl5zw$UzKHDBKpfWhFVUQI7pn8hs4s2ZPp4C6etj./91bdO1M1459991856',1,17,'2016-04-07 01:17:36',NULL,'192.168.1.2',0,'Dalvik/1.6.0 (Linux; U; Android 4.4.2; iris X1 Grand Build/X1Grand)'),(858,'$pbkdf2-sha256$200$fI.Rsta617rX.h.DsBZibA$6YKm//kG9UhtCok3vpJJ8Dggk/wwvv2ABoYsfMzLULE1459991966',1,17,'2016-04-07 01:19:26',NULL,'192.168.1.2',0,'Dalvik/1.6.0 (Linux; U; Android 4.4.2; iris X1 Grand Build/X1Grand)'),(859,'$pbkdf2-sha256$200$PicEwPj/37s3xjin1Joz5g$W.HpLVZMw4q/dmkreFEzFnN3TU8LFxXhLx7HqC3nx6k1459992108',1,17,'2016-04-07 01:21:48',NULL,'192.168.1.2',0,'Dalvik/1.6.0 (Linux; U; Android 4.4.2; iris X1 Grand Build/X1Grand)'),(860,'$pbkdf2-sha256$200$7h3j/J.TEqK09v6/dy5FiA$9sq16vFOIrC5caOdadGic8pNUXJq4dGwzPqZy6HUCtw1459992291',1,17,'2016-04-07 01:24:51',NULL,'192.168.1.2',0,'Dalvik/1.6.0 (Linux; U; Android 4.4.2; iris X1 Grand Build/X1Grand)'),(861,'$pbkdf2-sha256$200$YIyRsjZmrNW6txbiXCsFQA$1Yp4EZkm/p94IE/2P96.vMCqC9iYve8k2r5M7/jDUSc1459992459',1,17,'2016-04-07 01:27:39',NULL,'192.168.1.2',0,'Dalvik/1.6.0 (Linux; U; Android 4.4.2; iris X1 Grand Build/X1Grand)'),(862,'$pbkdf2-sha256$200$f4.xljLm3Lt3rlVqbW0NwQ$uidsI6myhXziWNVlt.t11bn4gZeMK./7tFgW.g4jyk81460001129',1,21,'2016-04-07 03:52:09',NULL,'192.168.1.2',0,'Dalvik/1.6.0 (Linux; U; Android 4.4.2; iris X1 Grand Build/X1Grand)'),(863,'$pbkdf2-sha256$200$JgQAAGBMSclZq5Xy3rvX2g$IgxTEnaZHYcvQkh0jeTMVkpA6jtgDPB/0nTQSbVGBPA1460001586',1,17,'2016-04-07 03:59:46',NULL,'192.168.1.2',0,'Dalvik/1.6.0 (Linux; U; Android 4.4.2; iris X1 Grand Build/X1Grand)'),(864,'$pbkdf2-sha256$200$Z2yttbaWEkJICaH0Xuudkw$IiB7oebhJ4crY1SW.7z/0q/YvU3o56P4uEmX59HCKlc1460024435',1,17,'2016-04-07 10:20:35',NULL,'127.0.0.1',0,'Mozilla/5.0 (X11; Linux x86_64) AppleWebKit/537.36 (KHTML, like Gecko) Chrome/41.0.2272.101 Safari/537.36'),(865,'$pbkdf2-sha256$200$NeZcSymFcO69d05pjXGOkQ$5ZkeWmbevNHvqKGPmC3Tx9auu9Qjy.wdcCbM5rHkl9E1460171034',1,17,'2016-04-09 03:03:54',NULL,'192.168.1.3',0,'Mozilla/5.0 (X11; Linux x86_64) AppleWebKit/537.36 (KHTML, like Gecko) Chrome/41.0.2272.101 Safari/537.36'),(866,'$pbkdf2-sha256$200$UsoZA4AwRkiptVYKISQEgA$TqPmWthYznIlcs/58.ZsKoqVWpMpuo4dp10lWgU5HkI1460191914',1,17,'2016-04-09 08:51:54',NULL,'192.168.1.4',0,'Dalvik/1.6.0 (Linux; U; Android 4.1.2; GT-S6812 Build/JZO54K)'),(867,'$pbkdf2-sha256$200$H2OM8V4LYaz1nrNWSolRSg$Pg4RSkA42vDXW42E6WVxdH7XqS/HTRCyv/aoprPiRrE1460192628',1,17,'2016-04-09 09:03:48',NULL,'192.168.1.5',0,'Dalvik/1.6.0 (Linux; U; Android 4.4.2; iris X1 Grand Build/X1Grand)'),(868,'$pbkdf2-sha256$200$lfK.9/4/h/D.H.PcW.udkw$k4OS/w34VIk7f4ekCqclzoTcQexTlLAGv0NkSSP3TRg1460194050',1,17,'2016-04-09 09:27:30',NULL,'192.168.1.5',0,'Dalvik/1.6.0 (Linux; U; Android 4.4.2; iris X1 Grand Build/X1Grand)'),(869,'$pbkdf2-sha256$200$1Roj5DznPMf4f2/Nudca4w$V9QXnrD4IdopG7PY6LZu7FPCEoVyPFeVZUq6GMUj9ys1460195257',1,21,'2016-04-09 09:47:37',NULL,'192.168.1.5',0,'Dalvik/1.6.0 (Linux; U; Android 4.4.2; iris X1 Grand Build/X1Grand)'),(870,'$pbkdf2-sha256$200$ZgxBaC2FkDLmXKvV2vv/Xw$m3zxFGqChkblOISayVAMa4CeeG4hW4Wesn2pww/9w2U1460208912',1,17,'2016-04-09 13:35:12',NULL,'192.168.1.4',0,'Dalvik/1.6.0 (Linux; U; Android 4.1.2; GT-S6812 Build/JZO54K)'),(871,'$pbkdf2-sha256$200$P.e8V8oZQ0ip9R6j1DoHgA$1u4FmK6XS682YZecgisLis6OygsXbD0bb8Wp.v8khbg1460209195',1,21,'2016-04-09 13:39:55',NULL,'192.168.1.4',0,'Dalvik/1.6.0 (Linux; U; Android 4.1.2; GT-S6812 Build/JZO54K)'),(872,'$pbkdf2-sha256$200$k5Jy7h1D6J3zfq91rlWq9Q$xcyAkhkHzFc9SsXaHQEPEHTqC4l4XmtYu5S5r71HT9o1460209706',1,21,'2016-04-09 13:48:26',NULL,'192.168.1.4',0,'Dalvik/1.6.0 (Linux; U; Android 4.1.2; GT-S6812 Build/JZO54K)'),(873,'$pbkdf2-sha256$200$2Lu3tjbGWAsBwFjr/d9bSw$omz1x.aWFEBNdLiyTbZosF9oS4K5BW8TVjZmPo6YrZ41460222209',1,17,'2016-04-09 17:16:49',NULL,'192.168.1.4',0,'Dalvik/1.6.0 (Linux; U; Android 4.1.2; GT-S6812 Build/JZO54K)'),(874,'$pbkdf2-sha256$200$nrMWQiglRCjlvNdaixEiZA$TRI6zXMwY/l5o8EjGrk1n37Acg33kNfl4pB9Hh4jK8g1460226937',1,21,'2016-04-09 18:35:37',NULL,'192.168.1.4',0,'Dalvik/1.6.0 (Linux; U; Android 4.1.2; GT-S6812 Build/JZO54K)'),(875,'$pbkdf2-sha256$200$X2vNWYvxPgegdK61tvY.Bw$n2r25vlu/e431Ls3/28COMhyeVLiijhm6k6TL0uyI4c1460228077',1,21,'2016-04-09 18:54:37',NULL,'192.168.1.5',0,'Dalvik/1.6.0 (Linux; U; Android 4.4.2; iris X1 Grand Build/X1Grand)'),(876,'$pbkdf2-sha256$200$k9L633tPKaUUQijl/P/f.w$x6moNVIn15MnZ8chnnSPVXKaJpJ.6h7.iUkw/jiafPQ1460418318',1,17,'2016-04-11 23:45:18',NULL,'192.168.1.5',0,'Mozilla/5.0 (X11; Linux x86_64) AppleWebKit/537.36 (KHTML, like Gecko) Chrome/41.0.2272.101 Safari/537.36'),(877,'$pbkdf2-sha256$200$pfSe8/7fuzfGOCektBaC8A$B3cGOgaPj1K4zYq9ch6gbr3delHevXxRATsjVx1glJs1460422049',1,21,'2016-04-12 00:47:29',NULL,'192.168.1.6',0,'Dalvik/1.6.0 (Linux; U; Android 4.4.2; iris X1 Grand Build/X1Grand)'),(878,'$pbkdf2-sha256$200$XgvhPAcgpLRWyvn/PweAsA$SZk7Du6paWGUvuELg6uFArBCW313kSyAC29NeD39Hdo1460423380',1,17,'2016-04-12 01:09:40',NULL,'192.168.1.6',0,'Dalvik/1.6.0 (Linux; U; Android 4.4.2; iris X1 Grand Build/X1Grand)'),(879,'$pbkdf2-sha256$200$hbDW2junlNKak1LqnXPuXQ$cnJwdFVJVBF/R6JvRtDYgcJUc/VzXlmTB/R1x0VAko41460592622',1,17,'2016-04-14 00:10:22',NULL,'192.168.1.6',0,'Dalvik/1.6.0 (Linux; U; Android 4.4.2; iris X1 Grand Build/X1Grand)'),(880,'$pbkdf2-sha256$200$RmjNOQeAcM5ZK6UUojTmnA$swvKRQWzXynS/894lHKJWwm4M/VbWM9vpART1307gJA1460593375',1,17,'2016-04-14 00:22:55',NULL,'192.168.1.6',0,'Dalvik/1.6.0 (Linux; U; Android 4.4.2; iris X1 Grand Build/X1Grand)'),(881,'$pbkdf2-sha256$200$1ppT6n3P.b93DoGQknIuRQ$ownp63F5H49AUglkXGMPcSerOnQ9y8tGwYEFqfilKwQ1460595884',1,17,'2016-04-14 01:04:44',NULL,'192.168.1.5',0,'Mozilla/5.0 (X11; Linux x86_64) AppleWebKit/537.36 (KHTML, like Gecko) Chrome/41.0.2272.101 Safari/537.36'),(882,'$pbkdf2-sha256$200$0npPSakVQohRCsE4Z4xxjg$5vXC3Lz7B/T7XHMsWlyk0wVJ6E7aGm88IQN72BqpLBc1460770328',1,17,'2016-04-16 01:32:08',NULL,'192.168.1.3',0,'Dalvik/1.6.0 (Linux; U; Android 4.4.2; iris X1 Grand Build/X1Grand)'),(883,'$pbkdf2-sha256$200$QGhtrRXCWCtlzBkDgPC.tw$G2Fe6DIjEeUyKUrfwefVpPlIj2w5p7z88A19CxyOeUQ1460774761',1,21,'2016-04-16 02:46:02',NULL,'192.168.1.3',0,'Dalvik/1.6.0 (Linux; U; Android 4.4.2; iris X1 Grand Build/X1Grand)'),(884,'$pbkdf2-sha256$200$AwBgzJkz5nwPwVhrjXGOsQ$.PhmasgN1apa8d0gz7gpLwzaM6AkCUtz8SpExeAClI41460784469',1,17,'2016-04-16 05:27:49',NULL,'192.168.1.3',0,'Dalvik/1.6.0 (Linux; U; Android 4.4.2; iris X1 Grand Build/X1Grand)'),(885,'$pbkdf2-sha256$200$RWhtbW2tlZKyNsYYQ2gtxQ$jwxyeu4Vab59WyuAxeSFZX7VraTemxxC5QibxgHR0oo1460784845',1,17,'2016-04-16 05:34:05',NULL,'192.168.1.3',0,'Dalvik/1.6.0 (Linux; U; Android 4.4.2; iris X1 Grand Build/X1Grand)'),(886,'$pbkdf2-sha256$200$Tum9d05J6b2X8h7DWOudEw$bcwPe11OTEVrBZEnOHb077aQ7i1UqQEcHs1x04LAhXY1460785131',1,21,'2016-04-16 05:38:51',NULL,'192.168.1.3',0,'Dalvik/1.6.0 (Linux; U; Android 4.4.2; iris X1 Grand Build/X1Grand)'),(887,'$pbkdf2-sha256$200$w7i3thaCkDImRIhRai3FOA$7D7ueX6md1YSqjySraZ.1K9m5KYo/DGtc.4BiEkgmS41460785258',1,21,'2016-04-16 05:40:58',NULL,'192.168.1.3',0,'Dalvik/1.6.0 (Linux; U; Android 4.4.2; iris X1 Grand Build/X1Grand)'),(888,'$pbkdf2-sha256$200$sDam9H5PCYFwTumdU6oVgg$STwRFc7rLQEvwsTtPgv61kTjYOOdXgEehECfTXNKB7c1460786036',1,17,'2016-04-16 05:53:56',NULL,'192.168.1.3',0,'Dalvik/1.6.0 (Linux; U; Android 4.4.2; iris X1 Grand Build/X1Grand)'),(889,'$pbkdf2-sha256$200$Xiul9N6bM.bcG0NorXUOAQ$qiH9Qkmm7ZeTErNO39ieOZQKuFNfIklcjF1mLzpG0Qw1460786635',1,17,'2016-04-16 06:03:55',NULL,'192.168.1.3',0,'Dalvik/1.6.0 (Linux; U; Android 4.4.2; iris X1 Grand Build/X1Grand)'),(890,'$pbkdf2-sha256$200$ZizFuHcupTSmlPI.51zr/Q$cj2qAnKBprUECu.SL.AcI9R2rMDN0BLpFYncv5UTLtk1460787768',1,21,'2016-04-16 06:22:48',NULL,'192.168.1.3',0,'Dalvik/1.6.0 (Linux; U; Android 4.4.2; iris X1 Grand Build/X1Grand)'),(891,'$pbkdf2-sha256$200$fG9tzRlDiDGmdI6R0tqb0w$CgLcivrTb5TxnRWH6gpRNQ7F3uKWYjp4h6bYyECEoGE1460795849',1,17,'2016-04-16 08:37:29',NULL,'192.168.1.3',0,'Dalvik/1.6.0 (Linux; U; Android 4.4.2; iris X1 Grand Build/X1Grand)'),(892,'$pbkdf2-sha256$200$AKB07j3n3LtXaq31vrdWKg$PtUcaYOdVzjXVSMRQhpgJUi697wNf75MvN12AtYKcXE1460796351',1,17,'2016-04-16 08:45:51',NULL,'192.168.1.3',0,'Dalvik/1.6.0 (Linux; U; Android 4.4.2; iris X1 Grand Build/X1Grand)'),(893,'$pbkdf2-sha256$200$6f3/f4.xdm6t1dqb03rPGQ$daMm1KuHuG4YvFtXz/wwnGQFm9qxf.5/84VwE60SPek1460796799',1,17,'2016-04-16 08:53:19',NULL,'192.168.1.3',0,'Dalvik/1.6.0 (Linux; U; Android 4.4.2; iris X1 Grand Build/X1Grand)'),(894,'$pbkdf2-sha256$200$xXhPaS3lnHMuBcB4j/Eegw$VjjZyMcfEn6GDPOO3rfiyVEpvTtoJcHxkbfuOw1UaiA1460797305',1,17,'2016-04-16 09:01:45',NULL,'192.168.1.3',0,'Dalvik/1.6.0 (Linux; U; Android 4.4.2; iris X1 Grand Build/X1Grand)'),(895,'$pbkdf2-sha256$200$vtc6p1RKqTVmbA2BEGKs9Q$M1gtNEL58RIi.7MPX.9sFJ044AS6Z2tvpl6dufhxzgY1460805736',1,21,'2016-04-16 11:22:16',NULL,'192.168.1.2',0,'Dalvik/1.6.0 (Linux; U; Android 4.4.2; iris X1 Grand Build/X1Grand)'),(896,'$pbkdf2-sha256$200$y9m7lzImZAzBeK91jhGi1A$.rT7ZvVmA6S2NPOfW/McHU1CcBmAqdJUF8iOPdHyLPU1460810994',1,17,'2016-04-16 12:49:54',NULL,'192.168.1.2',0,'Dalvik/1.6.0 (Linux; U; Android 4.4.2; iris X1 Grand Build/X1Grand)'),(897,'$pbkdf2-sha256$200$ilGKkfKeE0KoNaaUUkoJoQ$4FIE5W0j.KJXFQF1i/tCiJIG.KmxmWrV/.YVWD7dhVM1460827834',1,17,'2016-04-16 17:30:34',NULL,'192.168.1.2',0,'Dalvik/1.6.0 (Linux; U; Android 4.4.2; iris X1 Grand Build/X1Grand)'),(898,'$pbkdf2-sha256$200$gLAW4rw3BkBobU2p9Z7zfg$.9JZKsKuwhR16vZLgODO3UTvsYrwDGuoVOAyC7Wi6Tc1460827837',1,17,'2016-04-16 17:30:37',NULL,'192.168.1.2',0,'Dalvik/1.6.0 (Linux; U; Android 4.4.2; iris X1 Grand Build/X1Grand)'),(899,'$pbkdf2-sha256$200$2ntvDcH4P6c05rw3phRiLA$NIkCHyhG11rXFVLCQr/jYWZ10xQcioeDAfhKpljOCQU1460829202',1,17,'2016-04-16 17:53:22',NULL,'192.168.1.3',0,'Mozilla/5.0 (X11; Linux x86_64) AppleWebKit/537.36 (KHTML, like Gecko) Chrome/41.0.2272.101 Safari/537.36'),(900,'$pbkdf2-sha256$200$5pxz7t17D2EMgbA2JmSM0Q$iVPmCXgofO5jTQxQrxo1EZHL0n.a79oKHvjwdhAMD0E1460832127',1,21,'2016-04-16 18:42:07',NULL,'192.168.1.2',0,'Dalvik/1.6.0 (Linux; U; Android 4.4.2; iris X1 Grand Build/X1Grand)'),(901,'$pbkdf2-sha256$200$ube2do7x/t/7P4ew1hqjtA$Qd6r/MXCfkT/E6qUHYqpn.Aj3GOed7KSTIa6ZvtzUD41460832578',1,21,'2016-04-16 18:49:38',NULL,'192.168.1.2',0,'Dalvik/1.6.0 (Linux; U; Android 4.4.2; iris X1 Grand Build/X1Grand)'),(902,'$pbkdf2-sha256$200$RGhtjfEeQ0gJwfjfmzOG0A$keE8vhXbmldc1eL.HBLPS/fNJE2d4u6gskTTvWyjvEY1461022664',1,21,'2016-04-18 23:37:44',NULL,'192.168.1.2',0,'Dalvik/1.6.0 (Linux; U; Android 4.4.2; iris X1 Grand Build/X1Grand)'),(903,'$pbkdf2-sha256$200$2Pt/r5VyzvmfMyYEwDjHeA$edUv/Dv/vNENASExlUMXXJLluARPB0ncelzv4n6Jn6w1461024055',1,17,'2016-04-19 00:00:55',NULL,'192.168.1.2',0,'Dalvik/1.6.0 (Linux; U; Android 4.4.2; iris X1 Grand Build/X1Grand)'),(904,'$pbkdf2-sha256$200$5hwj5BxD6D2ndC5FiPFeyw$jLdA/aVMqhrwRVIMW/BUyDTNR1pGQnHXrk.oQyu5TBk1461024149',1,17,'2016-04-19 00:02:29',NULL,'192.168.1.3',0,'Mozilla/5.0 (X11; Linux x86_64) AppleWebKit/537.36 (KHTML, like Gecko) Chrome/41.0.2272.101 Safari/537.36'),(905,'$pbkdf2-sha256$200$nzPGOEeolXLO2dvbuxdCCA$lg5OAqUubCBn5B1qDBxv7A7Vfu.nBQ9FArUreIzjh041461024436',1,17,'2016-04-19 00:07:16',NULL,'192.168.1.2',0,'Dalvik/1.6.0 (Linux; U; Android 4.4.2; iris X1 Grand Build/X1Grand)'),(906,'$pbkdf2-sha256$200$7f1/T.n9P8d4z3nvnZNSyg$0.3QQXk6S27qUo/XrHDd5.GNtODYS4e1LF6zDnks5Gc1461024595',1,17,'2016-04-19 00:09:55',NULL,'192.168.1.2',0,'Dalvik/1.6.0 (Linux; U; Android 4.4.2; iris X1 Grand Build/X1Grand)'),(907,'$pbkdf2-sha256$200$JETofQ.hNCZESAnhXCtFiA$w1m0dKsoH1.GN/M/GiQ/EfQmQsQ7T6ONEcj5qQqFbmo1461027550',1,17,'2016-04-19 00:59:10',NULL,'192.168.1.2',0,'Dalvik/1.6.0 (Linux; U; Android 4.4.2; iris X1 Grand Build/X1Grand)'),(908,'$pbkdf2-sha256$200$IoTwPgegNKYUojRmjPEeww$PFKeNPgKcCjdu9Uz2Bg.xrfJZNOxrVRcg9zjR5yZlHQ1461028012',1,21,'2016-04-19 01:06:52',NULL,'192.168.1.2',0,'Dalvik/1.6.0 (Linux; U; Android 4.4.2; iris X1 Grand Build/X1Grand)'),(909,'$pbkdf2-sha256$200$DmFsjZEyZsy5N4bwHiPEWA$yr8q05kfrimVhyyOupnUpVvltcYf1GOirxj6LvIxMIo1461028570',1,17,'2016-04-19 01:16:10',NULL,'192.168.1.2',0,'Dalvik/1.6.0 (Linux; U; Android 4.4.2; iris X1 Grand Build/X1Grand)'),(910,'$pbkdf2-sha256$200$ydk7p7QWYmxtDQHA2HtvrQ$KfI9XNuym9mlDP2HopyeHVtrukwS8nN6NO/zNKxB3JQ1461029884',1,21,'2016-04-19 01:38:04',NULL,'192.168.1.2',0,'Dalvik/1.6.0 (Linux; U; Android 4.4.2; iris X1 Grand Build/X1Grand)'),(911,'$pbkdf2-sha256$200$jdE6x3jPee/dW4tRCiGEkA$wae7OGiNjQx.KHWHNHq2VtiKjOqhin8FlG.ooBKAHwc1461031173',1,17,'2016-04-19 01:59:33',NULL,'192.168.1.2',0,'Dalvik/1.6.0 (Linux; U; Android 4.4.2; iris X1 Grand Build/X1Grand)'),(912,'$pbkdf2-sha256$200$1lrL.T.HsBai1HqPsfb./w$Rf04TdFe264ER3kSzvG/mVNRm6l6wkxiLhHQ7fj5JbQ1461033778',1,17,'2016-04-19 02:42:58',NULL,'192.168.1.2',0,'Dalvik/1.6.0 (Linux; U; Android 4.4.2; iris X1 Grand Build/X1Grand)'),(913,'$pbkdf2-sha256$200$1xojxFiLUSoFYCylVIrx/g$1DuGeWGaHGZeOqszHFZr7AMVNcUVRHqObDKL9SgyJ6k1461033883',1,21,'2016-04-19 02:44:43',NULL,'192.168.1.2',0,'Dalvik/1.6.0 (Linux; U; Android 4.4.2; iris X1 Grand Build/X1Grand)'),(914,'$pbkdf2-sha256$200$gDAG4FwrRUjpPUdIae1dSw$ij9.qT6vrkSTZjfEQyHX9/CSCvqp/4PrK1amBXRF0Ps1461033992',1,17,'2016-04-19 02:46:32',NULL,'192.168.1.2',0,'Dalvik/1.6.0 (Linux; U; Android 4.4.2; iris X1 Grand Build/X1Grand)'),(915,'$pbkdf2-sha256$200$vrf2HqOUEiIkRKhV6v2fsw$E.tPiiNMmQoD6PRmoTmpZa4Ir.VnzCT2ZAoNbp/bIpU1461034635',1,17,'2016-04-19 02:57:15',NULL,'192.168.1.2',0,'Dalvik/1.6.0 (Linux; U; Android 4.4.2; iris X1 Grand Build/X1Grand)'),(916,'$pbkdf2-sha256$200$pPQ.x5jzXquV0hqjVKq1Fg$BmVBp/Qje4RztybwuAimwDrqSCa44I0e9w.JtXDiY101461035007',1,17,'2016-04-19 03:03:27',NULL,'192.168.1.2',0,'Dalvik/1.6.0 (Linux; U; Android 4.4.2; iris X1 Grand Build/X1Grand)'),(917,'$pbkdf2-sha256$200$1jqHEKI0JiQkJKR0LkUIwQ$r/flwzL5RrA8gm3h7rezloK0z4nOwI67OXarLU544gQ1461036414',1,17,'2016-04-19 03:26:54',NULL,'192.168.1.3',0,'Dalvik/1.6.0 (Linux; U; Android 4.4.2; iris X1 Grand Build/X1Grand)'),(918,'$pbkdf2-sha256$200$ZowxhjAGACCEkNIaI0So1Q$eB7lmJw62/pyImbu9nNsuklkos4c43d5C7sBkms2v4U1461038745',1,17,'2016-04-19 04:05:45',NULL,'192.168.1.3',0,'Dalvik/1.6.0 (Linux; U; Android 4.4.2; iris X1 Grand Build/X1Grand)'),(919,'$pbkdf2-sha256$200$jZGSUmptLUWoVSqltHaOcQ$54QdfF.JJdumIv9Y81U0RgMKyGRAhgBe/foElEZMWEs1461039051',1,17,'2016-04-19 04:10:51',NULL,'192.168.1.3',0,'Dalvik/1.6.0 (Linux; U; Android 4.4.2; iris X1 Grand Build/X1Grand)'),(920,'$pbkdf2-sha256$200$ScnZ23svxTjHeM95LwUAYA$OAkV74oRlnKhwhuK3uWjYJwX14yofvXPlF7ZYHyKFF41461040139',1,17,'2016-04-19 04:28:59',NULL,'192.168.1.3',0,'Dalvik/1.6.0 (Linux; U; Android 4.4.2; iris X1 Grand Build/X1Grand)'),(921,'$pbkdf2-sha256$200$U2oNwbiX0jpnjFEKAcDYGw$mJg0ubqEGSxnsvJySbLpsifsYsIJJTfOWxFr6edD6fs1461040308',1,17,'2016-04-19 04:31:48',NULL,'192.168.1.3',0,'Dalvik/1.6.0 (Linux; U; Android 4.4.2; iris X1 Grand Build/X1Grand)'),(922,'$pbkdf2-sha256$200$b41RCuG8V6qVslYKQegdIw$RHmiN0suBqni5VmzK0UvLfzJPo24rg.urzGxIcBMSEQ1461041011',1,17,'2016-04-19 04:43:31',NULL,'192.168.1.3',0,'Dalvik/1.6.0 (Linux; U; Android 4.4.2; iris X1 Grand Build/X1Grand)'),(923,'$pbkdf2-sha256$200$odRaa43R2jun1Dqn9P5/bw$mQtvbdT3PnQmEQHsZZm6npt.B1DD2Pitg0qimqcACUw1461042207',1,17,'2016-04-19 05:03:27',NULL,'192.168.1.2',0,'Dalvik/1.6.0 (Linux; U; Android 4.4.2; iris X1 Grand Build/X1Grand)'),(924,'$pbkdf2-sha256$200$NuZ8z/n/37s3hrDWWkvp/Q$wz3lxKCE/BceRR5gqMzbn.25hmSydhWAiskbouy3xF01461042451',1,21,'2016-04-19 05:07:31',NULL,'192.168.1.2',0,'Dalvik/1.6.0 (Linux; U; Android 4.4.2; iris X1 Grand Build/X1Grand)'),(925,'$pbkdf2-sha256$200$zfl/DwGA0NobI8QY45xTCg$shVuDjB8CavfTYojxDS4C98tDI5dYUfP4N7tMUaljCw1461043723',1,21,'2016-04-19 05:28:43',NULL,'192.168.1.2',0,'Dalvik/1.6.0 (Linux; U; Android 4.4.2; iris X1 Grand Build/X1Grand)'),(926,'$pbkdf2-sha256$200$xzjHuPf.fy8F4HzPuRfifA$YiXFvyziYg6oyQna10tRdkADSH/epHXOfTUX8Sdevss1461048755',1,21,'2016-04-19 06:52:35',NULL,'192.168.1.2',0,'Dalvik/1.6.0 (Linux; U; Android 4.4.2; iris X1 Grand Build/X1Grand)'),(927,'$pbkdf2-sha256$200$4xyjNGZMSQlBCEHIuRdirA$342ORPA/jF2pLRbsTIQDINnpOaS1.4EHhPJCVp2RKb01461200298',1,21,'2016-04-21 00:58:18',NULL,'192.168.1.3',0,'Dalvik/1.6.0 (Linux; U; Android 4.4.2; iris X1 Grand Build/X1Grand)'),(928,'$pbkdf2-sha256$200$X4uRMsaYE.K81xrDOMe41w$NgNteKRs0VHoECaDPq5H9IH2S3HsmkF6bzJeHXlv0I81461211376',1,17,'2016-04-21 04:02:56',NULL,'192.168.1.4',0,'Mozilla/5.0 (X11; Linux x86_64) AppleWebKit/537.36 (KHTML, like Gecko) Chrome/41.0.2272.101 Safari/537.36'),(929,'$pbkdf2-sha256$200$5BzjHGOsVUpJ6V3L.V9r7Q$p9I6rDjB4MmLlIqhTsB4nCoJR2IYmieFpr34ZPvbDrw1461214989',1,17,'2016-04-21 05:03:09',NULL,'192.168.1.2',0,'Dalvik/1.6.0 (Linux; U; Android 4.4.2; iris X1 Grand Build/X1Grand)'),(930,'$pbkdf2-sha256$200$7/2/l7IWIkTonTNGCGEMoQ$i2mubxjzgte1cQ1PIHck.yQc3WjVVHIQsSqxqEz6IHw1461216247',1,17,'2016-04-21 05:24:07',NULL,'192.168.1.2',0,'Dalvik/1.6.0 (Linux; U; Android 4.4.2; iris X1 Grand Build/X1Grand)'),(931,'$pbkdf2-sha256$200$NiYkhFBKKSXEmPN.LwWgdA$Xj/2Vx3pCV2T4hhqBtqcuVkASBHuFhaAgSm/lrpRc4I1461218556',1,21,'2016-04-21 06:02:36',NULL,'192.168.1.2',0,'Dalvik/1.6.0 (Linux; U; Android 4.4.2; iris X1 Grand Build/X1Grand)'),(932,'$pbkdf2-sha256$200$ImTsPceYUyoFwHgv5ZwTQg$isPhGx47TgpBPBAS1tQ143nVkgm7BVxHd7.9KODLVQc1461299081',1,17,'2016-04-22 04:24:41',NULL,'192.168.1.3',0,'Mozilla/5.0 (X11; Linux x86_64) AppleWebKit/537.36 (KHTML, like Gecko) Chrome/41.0.2272.101 Safari/537.36'),(933,'$pbkdf2-sha256$200$CSGEsPbeG2NsrTUGQAghJA$E6mM3PsxFb1kEfZ2Zsvk4gQKe3YXHhcZ/IYv6vKzaGE1461430385',1,17,'2016-04-23 16:53:05',NULL,'192.168.1.2',0,'Mozilla/5.0 (X11; Linux x86_64) AppleWebKit/537.36 (KHTML, like Gecko) Chrome/41.0.2272.101 Safari/537.36'),(934,'$pbkdf2-sha256$200$NsZ4rxWCkFJKScl5L2UMoQ$PsSy2JzG0Aud0Wv29mCs/L0aJKxS/ShjlxMsjSfxWpA1461432843',1,17,'2016-04-23 17:34:03',NULL,'192.168.1.3',0,'Dalvik/1.6.0 (Linux; U; Android 4.4.2; iris X1 Grand Build/X1Grand)'),(935,'$pbkdf2-sha256$200$x3iv1RoDYGytde59710LIQ$Bi3Z264JinhJ8lVa36e3Usm66O32bpDj3oXzOOjyb6w1461439278',1,21,'2016-04-23 19:21:18',NULL,'192.168.1.3',0,'Dalvik/1.6.0 (Linux; U; Android 4.4.2; iris X1 Grand Build/X1Grand)'),(936,'$pbkdf2-sha256$200$cm4thXCOsXbOWWttrdW6lw$CQOVyEFV6bW1KdMwAud3s.ULG5jWpdhb.QYe8Sb/Ngc1461451329',1,21,'2016-04-23 22:42:09',NULL,'192.168.1.3',0,'Dalvik/1.6.0 (Linux; U; Android 4.4.2; iris X1 Grand Build/X1Grand)'),(937,'$pbkdf2-sha256$200$UYpxbu3duxdCiDFGqPVeiw$Dt/S7OlDRTEMCD.Pk8OB8H4Q7geHyXtfWag80MWX0Qc1461451755',1,17,'2016-04-23 22:49:15',NULL,'192.168.1.3',0,'Dalvik/1.6.0 (Linux; U; Android 4.4.2; iris X1 Grand Build/X1Grand)'),(938,'$pbkdf2-sha256$200$PWfMmXMOAcC4V.qdc07JmQ$KBknBSJ11pVFKgXnuUSERYthO2p2XdqENzWkMnnP8bw1461453954',1,21,'2016-04-23 23:25:54',NULL,'192.168.1.3',0,'Dalvik/1.6.0 (Linux; U; Android 4.4.2; iris X1 Grand Build/X1Grand)'),(939,'$pbkdf2-sha256$200$ypmzVorxnlNqDSFEKMV4Tw$LO3p7CO33ich3ZeZN8z0AOjlDlHEnyiyW5XlJEGt4aY1461454399',1,21,'2016-04-23 23:33:19',NULL,'192.168.1.3',0,'Dalvik/1.6.0 (Linux; U; Android 4.4.2; iris X1 Grand Build/X1Grand)'),(940,'$pbkdf2-sha256$200$aY2RMqa09t7737t3TmmtVQ$sCxvq0Ts6Ms/UU1DvBWb3mZAD.s3kRlhYsGPin4fRDM1461455187',1,17,'2016-04-23 23:46:27',NULL,'192.168.1.3',0,'Dalvik/1.6.0 (Linux; U; Android 4.4.2; iris X1 Grand Build/X1Grand)'),(941,'$pbkdf2-sha256$200$cg5BSEkphVBqTYkR4tw75w$UMrLHbxkwHioG5JLPo55qAi8gRsNZRgoiu2jEhqSVYs1461660246',1,17,'2016-04-26 08:44:06',NULL,'192.168.1.4',0,'Mozilla/5.0 (X11; Linux x86_64) AppleWebKit/537.36 (KHTML, like Gecko) Chrome/41.0.2272.101 Safari/537.36'),(942,'$pbkdf2-sha256$200$ZKxVyllLqXXOOUdIKYVw7g$S3Dlv8.T3jmUD5rB8oGnAQSekmmg0/D78Y7qOtmRb.01461888619',1,17,'2016-04-29 00:10:19',NULL,'192.168.1.3',0,'Dalvik/1.6.0 (Linux; U; Android 4.4.2; iris X1 Grand Build/X1Grand)'),(943,'$pbkdf2-sha256$200$KkWIEaL0vvfeG2PMeW9NqQ$q//A1.sKrG3/8nwWZBOv17Ij2wXObgmKAisWNjIHCLk1461891889',1,21,'2016-04-29 01:04:50',NULL,'192.168.1.2',0,'Dalvik/1.6.0 (Linux; U; Android 4.4.2; iris X1 Grand Build/X1Grand)'),(944,'$pbkdf2-sha256$200$2rsX4rw35ryXEkIopRSiVA$KJ8v8QnUHwLshDSRwWsTqHSQESn6NgxH5gpo1itMECM1461892071',1,21,'2016-04-29 01:07:51',NULL,'192.168.1.2',0,'Dalvik/1.6.0 (Linux; U; Android 4.4.2; iris X1 Grand Build/X1Grand)'),(945,'$pbkdf2-sha256$200$FmKsFaKU0noPYYzx/v9/Tw$.VVL.jXh07oUU6yr1mVSx2EjpWD6dtO5L0U7qRv/Bmg1461897253',1,17,'2016-04-29 02:34:13',NULL,'192.168.1.2',0,'Dalvik/1.6.0 (Linux; U; Android 4.4.2; iris X1 Grand Build/X1Grand)'),(946,'$pbkdf2-sha256$200$GaN0TqnVeq81htCaE4JQqg$j047ZtzX21s6XPyL8e73DdIoc66GOx3KkGSYAKhst5Y1461897818',1,21,'2016-04-29 02:43:38',NULL,'192.168.1.2',0,'Dalvik/1.6.0 (Linux; U; Android 4.4.2; iris X1 Grand Build/X1Grand)'),(947,'$pbkdf2-sha256$200$7j1H6B3DGCNE6L3X2rv3Pg$.fPAiIjM1/iKwxYlh45vCp35bV7ZQF4eDBuUfXkVaQE1461897953',1,21,'2016-04-29 02:45:53',NULL,'192.168.1.2',0,'Dalvik/1.6.0 (Linux; U; Android 4.4.2; iris X1 Grand Build/X1Grand)'),(948,'$pbkdf2-sha256$200$0noPwZhzjjFGqNV6j5Gylg$pKDlZ5yUjaXIiTF15SZ1VQLmpHKI0Qyy9M1VR.NeCls1461898188',1,17,'2016-04-29 02:49:48',NULL,'192.168.1.2',0,'Dalvik/1.6.0 (Linux; U; Android 4.4.2; iris X1 Grand Build/X1Grand)'),(949,'$pbkdf2-sha256$200$9P4/R8iZk9IaY.y9V4pRCg$jWyctoTVKgA0qmJcs42n4OlEIBptwjSF8SzhnMs0URE1461898506',1,21,'2016-04-29 02:55:06',NULL,'192.168.1.2',0,'Dalvik/1.6.0 (Linux; U; Android 4.4.2; iris X1 Grand Build/X1Grand)'),(950,'$pbkdf2-sha256$200$0DqndA4hxDintBbCmLN2bg$QTJ0bR8HWn5ueGBsZucyPLLXCZ2aj31bTeD4v4Fw4Xw1461915105',1,17,'2016-04-29 07:31:45',NULL,'192.168.1.2',0,'Dalvik/1.6.0 (Linux; U; Android 4.4.2; iris X1 Grand Build/X1Grand)'),(951,'$pbkdf2-sha256$200$F2Ksde69V6o1BuAcg3DufQ$SGuVfDCE5r78vW1KlXEPd900h0IeB5FnV7161CSP0fE1461915738',1,21,'2016-04-29 07:42:18',NULL,'192.168.1.2',0,'Dalvik/1.6.0 (Linux; U; Android 4.4.2; iris X1 Grand Build/X1Grand)'),(952,'$pbkdf2-sha256$200$slYqRYgxBsC4l5JSKsW4tw$vB/nciFjyngo6lgLsjrO.u/qGAnesCDcbe0RoueeK0w1461921281',1,17,'2016-04-29 09:14:41',NULL,'192.168.1.2',0,'Dalvik/1.6.0 (Linux; U; Android 4.4.2; iris X1 Grand Build/X1Grand)'),(953,'$pbkdf2-sha256$200$4fzfO8d4T8kZwxhDyDmHcA$f/r.zJeD37xm6GrnUsCi11KiycYVPy3oIZL3WAD3vcI1461921776',1,17,'2016-04-29 09:22:56',NULL,'192.168.1.2',0,'Dalvik/1.6.0 (Linux; U; Android 4.4.2; iris X1 Grand Build/X1Grand)'),(954,'$pbkdf2-sha256$200$l5KSEoKwFqLUOifEGAMA4A$HeZK5AMkXHlwvajhTet7rqoIxtPgSZHvM84pgoOmCQA1462033540',1,17,'2016-04-30 16:25:40',NULL,'192.168.1.2',0,'Mozilla/5.0 (X11; Linux x86_64) AppleWebKit/537.36 (KHTML, like Gecko) Chrome/41.0.2272.101 Safari/537.36'),(955,'$pbkdf2-sha256$200$f6/V2nvvPWdMiXGOEYJQag$cwcB7jjY2oO6LQMx.KtBtrMnYfAvG3DJ0TmkFS/V.BY1462042326',1,21,'2016-04-30 18:52:06',NULL,'192.168.1.3',0,'Dalvik/1.6.0 (Linux; U; Android 4.4.2; iris X1 Grand Build/X1Grand)'),(956,'$pbkdf2-sha256$200$ViolRMg5B.A851yLsTaG0A$npWsena2lN.9Wah5v3Rlu7hbOphcIL4OzX11grgfxJ01462042446',1,21,'2016-04-30 18:54:06',NULL,'192.168.1.3',0,'Dalvik/1.6.0 (Linux; U; Android 4.4.2; iris X1 Grand Build/X1Grand)'),(957,'$pbkdf2-sha256$200$ufeeM4bwPocwJgRgzPl/rw$lOrgee62qOCxLYVbXC0zeUFWrCedOryhzaPgP6IHfbM1462042800',1,21,'2016-04-30 19:00:00',NULL,'192.168.1.3',0,'Dalvik/1.6.0 (Linux; U; Android 4.4.2; iris X1 Grand Build/X1Grand)'),(958,'$pbkdf2-sha256$200$RMh5TwmBMKZ0DmFMaY0xpg$MB.yk0UEs/HwHKmYkV7DskXNYOdxJKDBc5cDtxGfOng1462044227',1,17,'2016-04-30 19:23:47',NULL,'192.168.1.3',0,'Dalvik/1.6.0 (Linux; U; Android 4.4.2; iris X1 Grand Build/X1Grand)'),(959,'$pbkdf2-sha256$200$19q7V2qNEQJgzHnvvXcO4Q$ILJy9Yd0/ig5BLC64A2dIvUIsW6R1oG0jdSXgloUk5s1462046746',1,17,'2016-04-30 20:05:46',NULL,'192.168.1.3',0,'Dalvik/1.6.0 (Linux; U; Android 4.4.2; iris X1 Grand Build/X1Grand)'),(960,'$pbkdf2-sha256$200$nlOKcY7xXuvd.3.PkTLG2A$I3qVo/O.nIX7u5M1LnS8XYPgHKNFAq5Bx9dfv7nskC81462052611',1,21,'2016-04-30 21:43:31',NULL,'192.168.1.3',0,'Dalvik/1.6.0 (Linux; U; Android 4.4.2; iris X1 Grand Build/X1Grand)'),(961,'$pbkdf2-sha256$200$TqkVotQ6p5RyrpWSUqr13g$0W6kHGA6DIR/LYmLe3dtiUkqJ.udXr5Uff0Kqv4ajE41462053277',1,21,'2016-04-30 21:54:37',NULL,'192.168.1.3',0,'Dalvik/1.6.0 (Linux; U; Android 4.4.2; iris X1 Grand Build/X1Grand)'),(962,'$pbkdf2-sha256$200$qzVmDAGgtJay9l7rnXOOsQ$n33joD.hCAgbeblCg7oraNTAEBY3TfiniqWX1kihEKs1462054383',1,21,'2016-04-30 22:13:03',NULL,'192.168.1.3',0,'Dalvik/1.6.0 (Linux; U; Android 4.4.2; iris X1 Grand Build/X1Grand)'),(963,'$pbkdf2-sha256$200$eC/FGINQKsUYQ.gdo7S21g$pPCgHJodMu6ip6.upe2fmuAtGv5dl.d8M3s.A4iGqd01462055136',1,17,'2016-04-30 22:25:36',NULL,'192.168.1.3',0,'Dalvik/1.6.0 (Linux; U; Android 4.4.2; iris X1 Grand Build/X1Grand)'),(964,'$pbkdf2-sha256$200$8L7Xutcao3SOMSZkjLFWyg$bjiuGXvpqhsfIlyMBQ8lwdXUsNIqvSXziumHmLOlhhU1462055136',1,17,'2016-04-30 22:25:36',NULL,'192.168.1.3',0,'Dalvik/1.6.0 (Linux; U; Android 4.4.2; iris X1 Grand Build/X1Grand)'),(965,'$pbkdf2-sha256$200$JWTsnfO.V8q5N8bYm7MWAg$DgX.C0dieGJ.YQb0Wn7eda8YU7a8R0a86LzKxEJ3nO81462056436',1,17,'2016-04-30 22:47:16',NULL,'192.168.1.3',0,'Dalvik/1.6.0 (Linux; U; Android 4.4.2; iris X1 Grand Build/X1Grand)'),(966,'$pbkdf2-sha256$200$EULoPYfQOuf8X0spBaD03g$/C3i7acRPpUnG5P0hmnZSY0cJ3B4OBRcRyEXp4dYG8M1462056576',1,17,'2016-04-30 22:49:36',NULL,'192.168.1.3',0,'Dalvik/1.6.0 (Linux; U; Android 4.4.2; iris X1 Grand Build/X1Grand)'),(967,'$pbkdf2-sha256$200$8b63Vqp17l3r/V9L6b33Hg$kU6hJIm.7yHeuzE3vFojXM95HgQ2wAe2iuY8sbMDhq01462057233',1,17,'2016-04-30 23:00:33',NULL,'192.168.1.3',0,'Dalvik/1.6.0 (Linux; U; Android 4.4.2; iris X1 Grand Build/X1Grand)'),(968,'$pbkdf2-sha256$200$GaO09l5LaS0F4LyXcs7Zuw$c8eciwYMDDOeuOSO1YwpMsuPLf0RyZekxqguPW0D4gs1462058733',1,17,'2016-04-30 23:25:33',NULL,'192.168.1.4',0,'Mozilla/5.0 (X11; Linux x86_64) AppleWebKit/537.36 (KHTML, like Gecko) Chrome/41.0.2272.101 Safari/537.36'),(969,'$pbkdf2-sha256$200$opRSau1dqxUihNB6zznHuA$gqffMpVs4.sxDc7BjPZiKvIqVaVFzZgtlFw5azALnfU1462064306',1,21,'2016-05-01 00:58:26',NULL,'192.168.1.2',0,'Dalvik/1.6.0 (Linux; U; Android 4.4.2; iris X1 Grand Build/X1Grand)'),(970,'$pbkdf2-sha256$200$EwLgfG/NWStFSGmNMeb8Hw$MI/iqODxA4b8/UCjUqkdlsnsY38q1qF7O5Ibpz5kQa81462066360',1,17,'2016-05-01 01:32:40',NULL,'192.168.1.2',0,'Dalvik/1.6.0 (Linux; U; Android 4.4.2; iris X1 Grand Build/X1Grand)'),(971,'$pbkdf2-sha256$200$I6Q0JgQg5Px/r7X2HqNUCg$ABJyVCxxNIYyrlp1oQ0kK8CL8TATvA4aCOvIKT6S9b41462213677',1,17,'2016-05-02 18:27:57',NULL,'192.168.1.3',0,'Dalvik/1.6.0 (Linux; U; Android 4.4.2; iris X1 Grand Build/X1Grand)'),(972,'$pbkdf2-sha256$200$31srxfi/N.ZcC4Ewxrh3Tg$31H.9uQTEKqzNOHVPYAgdstcwKwVPsoF2kk26Q17QSM1462214303',1,21,'2016-05-02 18:38:23',NULL,'192.168.1.3',0,'Dalvik/1.6.0 (Linux; U; Android 4.4.2; iris X1 Grand Build/X1Grand)'),(973,'$pbkdf2-sha256$200$u9d6z9nb.19LSSllrNV6Tw$ZsDhNTL5qGbIHh1IfZJBd421SEetFatVO1FPchFplAw1462214465',1,21,'2016-05-02 18:41:05',NULL,'192.168.1.3',0,'Dalvik/1.6.0 (Linux; U; Android 4.4.2; iris X1 Grand Build/X1Grand)'),(974,'$pbkdf2-sha256$200$632PMSbknBPinPN.j7EWQg$QuOC6/ImMrg9fDTKUo51Uvcn4ck6RZz0upsNa.64f441462214692',1,21,'2016-05-02 18:44:52',NULL,'192.168.1.3',0,'Dalvik/1.6.0 (Linux; U; Android 4.4.2; iris X1 Grand Build/X1Grand)'),(975,'$pbkdf2-sha256$200$aG2NEUKolbK29j7HmFPq/Q$gC2XBbIvTcOrgkSBGpQ/s128d6ffJIeqy8z.nEZS8b41462214919',1,21,'2016-05-02 18:48:39',NULL,'192.168.1.4',0,'Mozilla/5.0 (X11; Linux x86_64) AppleWebKit/537.36 (KHTML, like Gecko) Chrome/41.0.2272.101 Safari/537.36'),(976,'$pbkdf2-sha256$200$vbeW8r4XIsS415rTeu99jw$nA3ujqnA2i7Kb5wVCh0QhVHOB.UGIf0Vv9aMAXJpujA1462214981',1,17,'2016-05-02 18:49:41',NULL,'192.168.1.4',0,'Mozilla/5.0 (X11; Linux x86_64) AppleWebKit/537.36 (KHTML, like Gecko) Chrome/41.0.2272.101 Safari/537.36'),(977,'$pbkdf2-sha256$200$957TWotRipEyJoRQqvWekw$zehbX7gdepXhau2o6YX4O6s1VVeA99SQINAs5KOCdHk1462215618',1,21,'2016-05-02 19:00:18',NULL,'192.168.1.4',0,'Mozilla/5.0 (X11; Linux x86_64) AppleWebKit/537.36 (KHTML, like Gecko) Chrome/41.0.2272.101 Safari/537.36'),(978,'$pbkdf2-sha256$200$JqQUolSK0fpfq1VKiZESAg$/CqRIBb7q4AW7dw7BwvDe7w06XflItWeQ5pS.CMG3wU1462219070',1,21,'2016-05-02 19:57:50',NULL,'192.168.1.3',0,'Dalvik/1.6.0 (Linux; U; Android 4.4.2; iris X1 Grand Build/X1Grand)'),(979,'$pbkdf2-sha256$200$2RuDEOK81xoDQEjJ2dt7rw$.w9kY0BtnXkt276tyh7GNpSgm1KqaSg3HIQdvuZwQco1462219426',1,21,'2016-05-02 20:03:46',NULL,'192.168.1.3',0,'Dalvik/1.6.0 (Linux; U; Android 4.4.2; iris X1 Grand Build/X1Grand)'),(980,'$pbkdf2-sha256$200$AsCYkxJirNUa4/y/dw4h5A$vEAOPRZ4MCDMtwuOdF7XyKUcjIJfkV50HjrR3uRLROs1462219836',1,21,'2016-05-02 20:10:36',NULL,'192.168.1.3',0,'Dalvik/1.6.0 (Linux; U; Android 4.4.2; iris X1 Grand Build/X1Grand)'),(981,'$pbkdf2-sha256$200$z/lf6x1DaC3FuBcCYKy1Fg$C/Ljw/OgueTAXZET11cBLMbDocRBIOXDMlQ8rATJ1nk1462220931',1,21,'2016-05-02 20:28:52',NULL,'192.168.1.3',0,'Dalvik/1.6.0 (Linux; U; Android 4.4.2; iris X1 Grand Build/X1Grand)'),(982,'$pbkdf2-sha256$200$MUboXWuNsRbiPOd8jzFmrA$7OM1ogcqJrrhuUkWziu5WJxxesi8OqOTaouvYx6Fsgs1462221624',1,17,'2016-05-02 20:40:24',NULL,'192.168.1.3',0,'Dalvik/1.6.0 (Linux; U; Android 4.4.2; iris X1 Grand Build/X1Grand)'),(983,'$pbkdf2-sha256$200$O0coxVgrhZAyZozR2vtfKw$jIPFQM5yUVAPTzM/T9cou5ulVP9pDcd6kjN7fLVfUeY1462222170',1,17,'2016-05-02 20:49:30',NULL,'192.168.1.3',0,'Dalvik/1.6.0 (Linux; U; Android 4.4.2; iris X1 Grand Build/X1Grand)'),(984,'$pbkdf2-sha256$200$RmgNYSxlrLWW0jqn1DqH0A$3rSZXUuwgC.Oqj2ukkRT5nhLslkyd7UbbcDNGYWSwZY1462230036',1,17,'2016-05-02 23:00:36',NULL,'192.168.1.3',0,'Dalvik/1.6.0 (Linux; U; Android 4.4.2; iris X1 Grand Build/X1Grand)'),(985,'$pbkdf2-sha256$200$hjDm/F8rxdh7L8X4/3/PuQ$7jZfs7MdpHqeT3yTP6z3zqyzIQeqtxUAAPfwSnmocDw1462233579',1,17,'2016-05-02 23:59:39',NULL,'192.168.1.3',0,'Dalvik/1.6.0 (Linux; U; Android 4.4.2; iris X1 Grand Build/X1Grand)'),(986,'$pbkdf2-sha256$200$jxGiNEao1Rqj9B6j9F4L4Q$cJfQrOqgGpz7R2dAA8UPJp2cqwERSsphti6kyullNMU1462234269',1,17,'2016-05-03 00:11:09',NULL,'192.168.1.3',0,'Dalvik/1.6.0 (Linux; U; Android 4.4.2; iris X1 Grand Build/X1Grand)'),(987,'$pbkdf2-sha256$200$33uvFSIkRIgxZgxBSOm9lw$1q3p1yom0TDFT5i0QCv1JHnJnmZ8viGE/.zCIPJ62xA1462239962',1,21,'2016-05-03 01:46:02',NULL,'192.168.1.3',0,'Dalvik/1.6.0 (Linux; U; Android 4.4.2; iris X1 Grand Build/X1Grand)'),(988,'$pbkdf2-sha256$200$z9kbIyTkHMN4z7l3bs15Tw$SiqgNuNI3SJNZGvQiUmNYWPkxorz6l.No0TKwYB/s2I1462252575',1,21,'2016-05-03 05:16:15',NULL,'192.168.1.3',0,'Dalvik/1.6.0 (Linux; U; Android 4.4.2; iris X1 Grand Build/X1Grand)'),(989,'$pbkdf2-sha256$200$9V5rbU1pTWmttRYi5PwfQw$24DrefBj8HhfwZZZ/QJLRvcZWuAygrCfm/RkMhCqVzQ1462255167',1,21,'2016-05-03 05:59:27',NULL,'192.168.1.3',0,'Dalvik/1.6.0 (Linux; U; Android 4.4.2; iris X1 Grand Build/X1Grand)'),(990,'$pbkdf2-sha256$200$5fx/D.G8N8a4NyakFGLMmQ$eQ.Q7TBzxXhYLVg0Cq.Ex.zfpeOkom1gCer0Ose9HIE1462259651',1,17,'2016-05-03 07:14:11',NULL,'192.168.1.3',0,'Dalvik/1.6.0 (Linux; U; Android 4.4.2; iris X1 Grand Build/X1Grand)'),(991,'$pbkdf2-sha256$200$836vFYJQCqFU6n2vtVYKoQ$ShNSJa.vhJ/WpmDl3.Bqy3NJxnflmhghWPfeRbHNaks1462260398',1,21,'2016-05-03 07:26:38',NULL,'192.168.1.3',0,'Dalvik/1.6.0 (Linux; U; Android 4.4.2; iris X1 Grand Build/X1Grand)'),(992,'$pbkdf2-sha256$200$Y2zN2fu/1/o/h5CScu4dQw$uQl8KwfeEJ.FWrY7lKSbQDbNhflGkcj3rtRuD0vUBMQ1462317444',1,17,'2016-05-03 23:17:24',NULL,'192.168.1.3',0,'Dalvik/1.6.0 (Linux; U; Android 4.4.2; iris X1 Grand Build/X1Grand)'),(993,'$pbkdf2-sha256$200$4DwnZGxNqdW61zqH0HovpQ$f0Bqhv/g0iUlt1YUNt1YbUxQNmMIpSBDrsONJ755nnM1462318649',1,21,'2016-05-03 23:37:29',NULL,'192.168.1.3',0,'Dalvik/1.6.0 (Linux; U; Android 4.4.2; iris X1 Grand Build/X1Grand)'),(994,'$pbkdf2-sha256$200$EALgfI8RQgghpBTCOEco5Q$D.v44XvaMpUDpP9XOlHzVYNUrIHdnF0KT4mx2Tz5Rx81462404642',1,21,'2016-05-04 23:30:42',NULL,'192.168.1.3',0,'Mozilla/5.0 (X11; Linux x86_64) AppleWebKit/537.36 (KHTML, like Gecko) Chrome/41.0.2272.101 Safari/537.36'),(995,'$pbkdf2-sha256$200$mvP.vzemlDIGwJiz1vrf2w$nEaAE9QntAwKflhLGcIMimfhmzjctvw4vxDN/1Bvvpg1462407801',1,21,'2016-05-05 00:23:21',NULL,'192.168.1.2',0,'Dalvik/1.6.0 (Linux; U; Android 4.4.2; iris X1 Grand Build/X1Grand)'),(996,'$pbkdf2-sha256$200$oVQqBYAw5rw3JiTE.B8jhA$oQwUa4upDKugU51uab0k/TXUbqoCY0XzDruU2tfqXy41462415186',1,21,'2016-05-05 02:26:26',NULL,'192.168.1.2',0,'Dalvik/1.6.0 (Linux; U; Android 4.4.2; iris X1 Grand Build/X1Grand)'),(997,'$pbkdf2-sha256$200$YGwNoRRijLE25nxPyXnv3Q$ntO2ddUy1BwB8LLweQepFst8OXfHDeXzDhR4Vk67MPI1462416388',1,21,'2016-05-05 02:46:28',NULL,'192.168.1.2',0,'Dalvik/1.6.0 (Linux; U; Android 4.4.2; iris X1 Grand Build/X1Grand)'),(998,'$pbkdf2-sha256$200$UgrhfC.F8H5PCSHEGMP4vw$GG4IOu2Ub/aNDlJtPfMhOIKwWHoq5lHwhuG64z43GsU1462416983',1,17,'2016-05-05 02:56:23',NULL,'192.168.1.2',0,'Dalvik/1.6.0 (Linux; U; Android 4.4.2; iris X1 Grand Build/X1Grand)'),(999,'$pbkdf2-sha256$200$pXTunfN.T8mZEyLk/P//3w$APYHJ4eeI6oMfu5QlyJ.WsfGS/cLfm9jf3IaMl374jM1462575815',1,21,'2016-05-06 23:03:35',NULL,'192.168.1.3',0,'Mozilla/5.0 (X11; Linux x86_64) AppleWebKit/537.36 (KHTML, like Gecko) Chrome/41.0.2272.101 Safari/537.36'),(1000,'$pbkdf2-sha256$200$914rpZQSIoQw5ry3FqLUeg$pj5HrZENKq8jA6NPVXGQ/H9dHMrgti8IUGmas3YpgGE1462579093',1,21,'2016-05-06 23:58:13',NULL,'192.168.1.2',0,'Dalvik/1.6.0 (Linux; U; Android 4.4.2; iris X1 Grand Build/X1Grand)'),(1001,'$pbkdf2-sha256$200$KIWwVmoNYcwZo3TuXYtxjg$J1kBhZZRUZEPHmF8eMfDWZkMWRKPeVIfmhOF9aVBVio1462580919',1,21,'2016-05-07 00:28:39',NULL,'192.168.1.2',0,'Dalvik/1.6.0 (Linux; U; Android 4.4.2; iris X1 Grand Build/X1Grand)'),(1002,'$pbkdf2-sha256$200$7V3rnRPCuBeidC6FMAYAgA$Z8FSO0Hk6oEJTrWKXdjapQ.QpVTvtm.jK67dWsNmXCs1462583067',1,21,'2016-05-07 01:04:27',NULL,'192.168.1.2',0,'Dalvik/1.6.0 (Linux; U; Android 4.4.2; iris X1 Grand Build/X1Grand)'),(1003,'$pbkdf2-sha256$200$ACAEQGiNkZJSqnXunVPqXQ$7zI3.IsDgP8JQB08ucdD/vLKiZJUrIoKev7mfEjQSF81462595304',1,21,'2016-05-07 04:28:24',NULL,'192.168.1.2',0,'Dalvik/1.6.0 (Linux; U; Android 4.4.2; iris X1 Grand Build/X1Grand)'),(1004,'$pbkdf2-sha256$200$0tpbS2ltDcHYmzNGaM2Zcw$n2zX3PRRUgmt7FV9sZaq9pNsHoUU8pjoDTNqRaH.BZ01462597351',1,17,'2016-05-07 05:02:31',NULL,'192.168.1.2',0,'Dalvik/1.6.0 (Linux; U; Android 4.4.2; iris X1 Grand Build/X1Grand)'),(1005,'$pbkdf2-sha256$200$U.p9z5nzPiekNGasNWZs7Q$r69WplBJxEntd5aeBo2Kf2eLllk/19RlQMjcRxg6GKo1462599560',1,17,'2016-05-07 05:39:20',NULL,'192.168.1.2',0,'Dalvik/1.6.0 (Linux; U; Android 4.4.2; iris X1 Grand Build/X1Grand)'),(1006,'$pbkdf2-sha256$200$6L33fs95770XIoTw/v8/Zw$RH24XytcY6dkVSsLTv/jGzDDwqu8Luu//m/pyiYaZRI1462614559',1,21,'2016-05-07 09:49:20',NULL,'192.168.1.2',0,'Dalvik/1.6.0 (Linux; U; Android 4.4.2; iris X1 Grand Build/X1Grand)'),(1007,'$pbkdf2-sha256$200$9L73XktJ6X1vDWFsrVVKaQ$ZVVkbkxd4z1GL4kCFJaPGFuUnAiL11dg3uFpwps1ZxE1462615328',1,21,'2016-05-07 10:02:08',NULL,'192.168.1.2',0,'Dalvik/1.6.0 (Linux; U; Android 4.4.2; iris X1 Grand Build/X1Grand)'),(1008,'$pbkdf2-sha256$200$JUQIIcR4b.1d6/1/r5Wydg$FY5394/RdC2HBdo2CCXXfbJ36xgFYRjORijvfY4NSMY1462835664',1,17,'2016-05-09 23:14:24',NULL,'192.168.1.2',0,'Dalvik/1.6.0 (Linux; U; Android 4.4.2; iris X1 Grand Build/X1Grand)'),(1009,'$pbkdf2-sha256$200$sXZOCYFQCgFAyPnf.7/3ng$u4trK3dzEcQeIZDKiM1g2t/e8bNiNmPzWUG5fLpG15o1462856913',1,21,'2016-05-10 05:08:33',NULL,'192.168.1.3',0,'Mozilla/5.0 (X11; Linux x86_64) AppleWebKit/537.36 (KHTML, like Gecko) Chrome/41.0.2272.101 Safari/537.36'),(1010,'$pbkdf2-sha256$200$qFUqZUxJyRkjxDgHIIQQwg$oqTyvwE7/ouQ.kzu1MEQubY935PKlk0Xd8.BW9xeaXc1462857142',1,21,'2016-05-10 05:12:22',NULL,'192.168.1.2',0,'Dalvik/1.6.0 (Linux; U; Android 4.4.2; iris X1 Grand Build/X1Grand)'),(1011,'$pbkdf2-sha256$200$IQQAAACgVCrFOKd0DqHUGg$EQiVMl5qfUibLIPSbsI/B1OSMeYQuqPwQUwA.ilFK4U1462862008',1,21,'2016-05-10 06:33:28',NULL,'192.168.1.2',0,'Dalvik/1.6.0 (Linux; U; Android 4.4.2; iris X1 Grand Build/X1Grand)'),(1012,'$pbkdf2-sha256$200$FAIAoJTy3ruXUso5R2jNuQ$me79lYD8S6PfuzwRGemgJXlnWngUEH6A6ZxbtPY/x6o1462868565',1,17,'2016-05-10 08:22:45',NULL,'192.168.1.2',0,'Dalvik/1.6.0 (Linux; U; Android 4.4.2; iris X1 Grand Build/X1Grand)'),(1013,'$pbkdf2-sha256$200$sdZaCyHkXOud837vXSuFsA$PnrwJ3e.04xhoWJ/nyQT8Xoq7E96ccPHxN.GN9g3JXI1462869897',1,21,'2016-05-10 08:44:57',NULL,'192.168.1.2',0,'Dalvik/1.6.0 (Linux; U; Android 4.4.2; iris X1 Grand Build/X1Grand)'),(1014,'$pbkdf2-sha256$200$/T9nLKWU0vq/19pbq7UWwg$KpeaPa4jDzdPTl.C4YQGO2YPdAbVAFbGs64SQblpRso1462921199',1,21,'2016-05-10 22:59:59',NULL,'192.168.1.4',0,'Mozilla/5.0 (X11; Linux x86_64) AppleWebKit/537.36 (KHTML, like Gecko) Chrome/41.0.2272.101 Safari/537.36'),(1015,'$pbkdf2-sha256$200$be19z5nz3jvHWAthLKWUsg$OwERAM3z3nG/zXXz9QFAn79ovVnMSVQuf4T2HoUiFsg1462921898',1,21,'2016-05-10 23:11:38',NULL,'192.168.1.3',0,'Dalvik/1.6.0 (Linux; U; Android 4.4.2; iris X1 Grand Build/X1Grand)'),(1016,'$pbkdf2-sha256$200$G2Ms5bz3HuM8J6TUmrO2Vg$4qZ1Ko6qGrCS6VFZdWMQaqmR34v1NmLke2.rcWvt2fw1463037793',1,21,'2016-05-12 07:23:13',NULL,'192.168.1.2',0,'Dalvik/1.6.0 (Linux; U; Android 4.4.2; iris X1 Grand Build/X1Grand)'),(1017,'$pbkdf2-sha256$200$4JzzXguhVCoFIOQ8p/TeGw$DcVfgTZyBUofRcgSVISN59wBsEVlFr8b7wqMq57Gxv41463039411',1,21,'2016-05-12 07:50:11',NULL,'192.168.1.3',0,'Mozilla/5.0 (X11; Linux x86_64) AppleWebKit/537.36 (KHTML, like Gecko) Chrome/41.0.2272.101 Safari/537.36'),(1018,'$pbkdf2-sha256$200$ea8VQqj1HmOstTbGeE/JeQ$nXKVT0J2Y2bznDJlEIJncUri/r8coDGuOTzeOQ0ODKY1463046705',1,17,'2016-05-12 09:51:45',NULL,'192.168.1.3',0,'Mozilla/5.0 (X11; Ubuntu; Linux x86_64; rv:41.0) Gecko/20100101 Firefox/41.0'),(1019,'$pbkdf2-sha256$200$SCll7J3zHiPknDOmtLbWmg$1aTd0m.tL4C2YS9OVL8GpVVoMrj8jW/AiDTaQzODaj01463110507',1,17,'2016-05-13 03:35:07',NULL,'192.168.1.2',0,'Dalvik/1.6.0 (Linux; U; Android 4.4.2; iris X1 Grand Build/X1Grand)'),(1020,'$pbkdf2-sha256$200$g5CytvY.R0hpzVmrFaI05g$9KFRH6Ae.RCaGKdRvVjZarL1Bk546DMypMYujRFXlac1463111594',1,17,'2016-05-13 03:53:14',NULL,'192.168.1.2',0,'Dalvik/1.6.0 (Linux; U; Android 4.4.2; iris X1 Grand Build/X1Grand)'),(1021,'$pbkdf2-sha256$200$JySk1FoLIcR4T6nVWqs1pg$Fbzh1zOtFhWE1yvWw5FR8PiTlx9j5s5Y75VuIgnllSY1463250465',1,21,'2016-05-14 18:27:45',NULL,'192.168.1.2',0,'Dalvik/1.6.0 (Linux; U; Android 4.4.2; iris X1 Grand Build/X1Grand)'),(1022,'$pbkdf2-sha256$200$0ro3RmjN2VuLkTJGqHWu1Q$MWazZDSHrbvYsJ3mvE0SmMXuoCY.NnRG88nfAv2i9qA1463250641',1,21,'2016-05-14 18:30:41',NULL,'192.168.1.3',0,'Mozilla/5.0 (X11; Linux x86_64) AppleWebKit/537.36 (KHTML, like Gecko) Chrome/41.0.2272.101 Safari/537.36'),(1023,'$pbkdf2-sha256$200$JiTkfG/NmVNKCWFsTUkpRQ$NUNpGIoAE67ahQWXem8f2o6Hg5Kq.MwlZReXWpnvXEM1463444597',1,21,'2016-05-17 00:23:17',NULL,'192.168.1.2',0,'Mozilla/5.0 (X11; Linux x86_64) AppleWebKit/537.36 (KHTML, like Gecko) Chrome/41.0.2272.101 Safari/537.36'),(1024,'$pbkdf2-sha256$200$x9j7P4cQolSqVSqlFEKIkQ$q2Vgs6ocA0zXGIvZhWK32w5GYtR227YgYW8/iktTqOc1463446459',1,21,'2016-05-17 00:54:19',NULL,'192.168.1.3',0,'Dalvik/1.6.0 (Linux; U; Android 4.4.2; iris X1 Grand Build/X1Grand)'),(1025,'$pbkdf2-sha256$200$KIWwVkopRYgxhlAKgRDC.A$F3Lu/V9kLTchlckgaMn3wWHrXtCUVU7Wrf4BUW6JqOo1463455592',1,17,'2016-05-17 03:26:32',NULL,'192.168.1.2',0,'Dalvik/1.6.0 (Linux; U; Android 4.4.2; iris X1 Grand Build/X1Grand)'),(1026,'$pbkdf2-sha256$200$EUIIQegd47y3FgLAmJNSKg$wcrkxRjCVbwbJKezeGgerqyvCoJw.TX2XDS6TFi2PJY1463462495',1,17,'2016-05-17 05:21:35',NULL,'192.168.1.2',0,'Dalvik/1.6.0 (Linux; U; Android 4.4.2; iris X1 Grand Build/X1Grand)'),(1027,'$pbkdf2-sha256$200$8B6DMGZsTQmhNMZ4T6mVMg$YNM8CaRL7IgeSzxIEJZTRXX/ae1xVXkg8lsgE/gwqzs1463473549',1,21,'2016-05-17 08:25:49',NULL,'192.168.1.3',0,'Mozilla/5.0 (X11; Linux x86_64) AppleWebKit/537.36 (KHTML, like Gecko) Chrome/41.0.2272.101 Safari/537.36'),(1028,'$pbkdf2-sha256$200$9Z4TovQeY0zpXct5j/He.w$B/LJYCnwoE7BYpP96x4UVvqNRgwND.GpMRJc6jRXXAw1463615193',1,17,'2016-05-18 23:46:33',NULL,'192.168.1.2',0,'Dalvik/1.6.0 (Linux; U; Android 4.4.2; iris X1 Grand Build/X1Grand)'),(1029,'$pbkdf2-sha256$200$IAQgRMj5f48RQmjtnbM25g$kAtp/EVQZ/46nY6pG6mo.dfDsYUsrceuiDPMZX74cew1463615776',1,17,'2016-05-18 23:56:16',NULL,'192.168.1.2',0,'Dalvik/1.6.0 (Linux; U; Android 4.4.2; iris X1 Grand Build/X1Grand)'),(1030,'$pbkdf2-sha256$200$OKe09p4TAkDI2RuDkPJeCw$SoYJaABoQiMoHTxroBb7.VyLV3F6AZCgZjQ3T7fxOCo1463617038',1,17,'2016-05-19 00:17:18',NULL,'192.168.1.2',0,'Dalvik/1.6.0 (Linux; U; Android 4.4.2; iris X1 Grand Build/X1Grand)'),(1031,'$pbkdf2-sha256$200$kXKOkdI6R8i51zoHIORciw$T5QqoBJt/2/bhwDbvqsjP2V44mK6.WXpH2MrccTme881463617593',1,17,'2016-05-19 00:26:33',NULL,'192.168.1.2',0,'Dalvik/1.6.0 (Linux; U; Android 4.4.2; iris X1 Grand Build/X1Grand)'),(1032,'$pbkdf2-sha256$200$7R3jfI.RslYqRch57713rg$wz2svIBRuGsQUZ5EPWsQILoZ1hYrxSx9Lx7EKhx29Y81463623971',1,17,'2016-05-19 02:12:51',NULL,'192.168.1.4',0,'Dalvik/1.6.0 (Linux; U; Android 4.4.2; iris X1 Grand Build/X1Grand)'),(1033,'$pbkdf2-sha256$200$f..dc671fu.dE6LU.h/DOA$LMOa0leGOEbpv.MdVW2pt1OBdHaMXwhbV2QHTri2.B01463624262',1,17,'2016-05-19 02:17:42',NULL,'192.168.1.4',0,'Dalvik/1.6.0 (Linux; U; Android 4.4.2; iris X1 Grand Build/X1Grand)'),(1034,'$pbkdf2-sha256$200$33tP6d1byzknJERoDUGo9Q$O9Q0oBZr.VSy9BQr6n7DVARzURdNkTESh.6ZCq9mD781463624613',1,17,'2016-05-19 02:23:33',NULL,'192.168.1.4',0,'Dalvik/1.6.0 (Linux; U; Android 4.4.2; iris X1 Grand Build/X1Grand)'),(1035,'$pbkdf2-sha256$200$SYmRUurde.99z3mPUWptbQ$AT9ZyLZ.42jIyPZp5UE0IPfDFqJ1bjbh9/k4trgFcjk1463701182',1,17,'2016-05-19 23:39:42',NULL,'192.168.1.4',0,'Dalvik/1.6.0 (Linux; U; Android 4.4.2; iris X1 Grand Build/X1Grand)'),(1036,'$pbkdf2-sha256$200$yLkXolTq3ftfyxmD0JrTug$7Zi29BgfLpfw1HOeD8GGPW1q.pd15ZMINCpzmtR5Xbg1463702044',1,17,'2016-05-19 23:54:04',NULL,'192.168.1.4',0,'Dalvik/1.6.0 (Linux; U; Android 4.4.2; iris X1 Grand Build/X1Grand)'),(1037,'$pbkdf2-sha256$200$TukdQwghhFCK8V6rVWrNuQ$cGd9zpThROLIlwXvO.Llmuz0dw5PlICP14ykGipmpKY1463712451',1,21,'2016-05-20 02:47:31',NULL,'192.168.1.2',0,'Dalvik/1.6.0 (Linux; U; Android 4.4.2; iris X1 Grand Build/X1Grand)'),(1038,'$pbkdf2-sha256$200$vVfqvXfOeW/tvReiNEYIIQ$msc6LGBv0qXE62h8r3y/hUmrb7ggGZ48/LMAIy8fcCE1463713291',1,17,'2016-05-20 03:01:31',NULL,'192.168.1.2',0,'Dalvik/1.6.0 (Linux; U; Android 4.4.2; iris X1 Grand Build/X1Grand)'),(1039,'$pbkdf2-sha256$200$wPjfG.Ocs/Zey/kfYwyBUA$XzGmlibb.jCwVXe7h22PTfmv05yEkMhabgGJUeKXgdI1463945365',1,21,'2016-05-22 19:29:25',NULL,'192.168.1.4',0,'Dalvik/1.6.0 (Linux; U; Android 4.4.2; iris X1 Grand Build/X1Grand)'),(1040,'$pbkdf2-sha256$200$ptRai/F.710r5TynlPL.fw$7vojoRSzboIl9aDwu0Azt/d8E1thbJNu8kqeMbGjzR01463945495',1,21,'2016-05-22 19:31:35',NULL,'192.168.1.4',0,'Dalvik/1.6.0 (Linux; U; Android 4.4.2; iris X1 Grand Build/X1Grand)'),(1041,'$pbkdf2-sha256$200$cC7lHCMkxBhDKMU4J.Rcyw$EXLDIr0MBWN37xfgBCdXZQKTot8svZuwRm4RF9fUv.Y1463947590',1,21,'2016-05-22 20:06:30',NULL,'192.168.1.2',0,'Mozilla/5.0 (X11; Linux x86_64) AppleWebKit/537.36 (KHTML, like Gecko) Chrome/41.0.2272.101 Safari/537.36'),(1042,'$pbkdf2-sha256$200$oLS2VqrV.t.7FyIE4JwT4g$9NqbUZwJj2LUmTRD872qB4cVoqBzDsUacr2sMYVod4s1463947919',1,21,'2016-05-22 20:11:59',NULL,'192.168.1.4',0,'Dalvik/1.6.0 (Linux; U; Android 4.4.2; iris X1 Grand Build/X1Grand)'),(1043,'$pbkdf2-sha256$200$zxnjvBeiFAIgZOx97z1njA$3OE7WzEh5nB1dpasc4kJy3xALn3aArUO90btOi/GTPU1463948136',1,21,'2016-05-22 20:15:36',NULL,'192.168.1.4',0,'Dalvik/1.6.0 (Linux; U; Android 4.4.2; iris X1 Grand Build/X1Grand)'),(1044,'$pbkdf2-sha256$200$UyrlXAuB0DoHwFhrzblXKg$5p3Z2Sdt4Dyqow7sSi9ChGZC5yY8JbwivF4UlX8.hEE1463949095',1,21,'2016-05-22 20:31:35',NULL,'192.168.1.4',0,'Dalvik/1.6.0 (Linux; U; Android 4.4.2; iris X1 Grand Build/X1Grand)'),(1045,'$pbkdf2-sha256$200$e885JyQkZIzx3rtXKoVQag$GiQMsZgnF7PsF5SSkOfzfm0fPDudP29zZ/6RVB/h2Ys1464051058',1,21,'2016-05-24 00:50:58',NULL,'192.168.1.3',0,'Dalvik/1.6.0 (Linux; U; Android 4.4.2; iris X1 Grand Build/X1Grand)'),(1046,'$pbkdf2-sha256$200$LQVAKEWoVYrRWovxXotxDg$m7mVo8bAKmPcCt9uaL04EEjEmH50JS0C7v9eFMSXn4U1464054712',1,17,'2016-05-24 01:51:52',NULL,'192.168.1.3',0,'Dalvik/1.6.0 (Linux; U; Android 4.4.2; iris X1 Grand Build/X1Grand)'),(1047,'$pbkdf2-sha256$200$wpjT.h8jRKiVMoZQihFCSA$MhA0.resrEsazLkAV/l4rYPNr3TzKAs4Fsa4VSb.qjo1464080204',1,21,'2016-05-24 08:56:44',NULL,'192.168.1.3',0,'Dalvik/1.6.0 (Linux; U; Android 4.4.2; iris X1 Grand Build/X1Grand)'),(1048,'$pbkdf2-sha256$200$3Lt3TkkpBQBgDIFQ6j3HGA$GXjovrTBAuMJ20ePKBRY86PKbgiNyHwodajfKJOm6kA1464316380',1,21,'2016-05-27 02:33:00',NULL,'192.168.43.1',0,'Dalvik/1.6.0 (Linux; U; Android 4.4.2; iris X1 Grand Build/X1Grand)'),(1049,'$pbkdf2-sha256$200$UErJGUNozdm7d04pBYAQgg$..kI6XzY42wpNFcTIg3XrFdcl5SzGNLHFm5e8AAUivo1464317265',1,21,'2016-05-27 02:47:45',NULL,'192.168.43.1',0,'Dalvik/1.6.0 (Linux; U; Android 4.4.2; iris X1 Grand Build/X1Grand)'),(1050,'$pbkdf2-sha256$200$pVSKsRbi/P.fk5JSas0ZYw$3xut8xQGX8NR7lq6fF563JUKDOt2pzZqk.4AKFeJXFQ1464318164',1,17,'2016-05-27 03:02:44',NULL,'192.168.43.1',0,'Dalvik/1.6.0 (Linux; U; Android 4.4.2; iris X1 Grand Build/X1Grand)'),(1051,'$pbkdf2-sha256$200$pzQGIIQQIsS4FwKgVKpVCg$HfOuGab0m8F2qUa4hc/shgf75LLxWCISiYAYljitl.Y1464322106',1,17,'2016-05-27 04:08:26',NULL,'192.168.1.5',0,'Dalvik/1.6.0 (Linux; U; Android 4.4.2; iris X1 Grand Build/X1Grand)'),(1052,'$pbkdf2-sha256$200$U2otpfR.j/HeGwOAUKoVog$lO1PpEknU.dsEnr.lV9aDraBeerqq80TuYBB8C.GojA1464323253',1,17,'2016-05-27 04:27:33',NULL,'192.168.1.5',0,'Dalvik/1.6.0 (Linux; U; Android 4.4.2; iris X1 Grand Build/X1Grand)'),(1053,'$pbkdf2-sha256$200$x9jb.1.r1RrDuFcKAWAsZQ$pxRL3EnjEdntsM/rymw30WWN311c3lmT8Rhxrs0kgM81464335431',1,21,'2016-05-27 07:50:31',NULL,'192.168.1.4',0,'Mozilla/5.0 (X11; Linux x86_64) AppleWebKit/537.36 (KHTML, like Gecko) Chrome/41.0.2272.101 Safari/537.36'),(1054,'$pbkdf2-sha256$200$yXnPOaeUkpKSshZC6B0DYA$kwQVgReUaN.mu1zQcbSDdkR222W4HUZezHti5iBKl2o1464340583',1,17,'2016-05-27 09:16:23',NULL,'192.168.1.5',0,'Dalvik/1.6.0 (Linux; U; Android 4.4.2; iris X1 Grand Build/X1Grand)'),(1055,'$pbkdf2-sha256$200$ybl3bg0hBCAk5FxLKcUYQw$Ln1fGAz5XlWC02pzsGDuHXPZApDApSoQjKsDAIL8Kwk1464340773',1,17,'2016-05-27 09:19:33',NULL,'192.168.1.5',0,'Dalvik/1.6.0 (Linux; U; Android 4.4.2; iris X1 Grand Build/X1Grand)'),(1056,'$pbkdf2-sha256$200$ulcKAWBsLaW09v5/DyGkFA$qfX2dlLt.EWLQxUsbdepRWQdnYGhApU6hewB6cwsXH81464340899',1,21,'2016-05-27 09:21:39',NULL,'192.168.1.5',0,'Dalvik/1.6.0 (Linux; U; Android 4.4.2; iris X1 Grand Build/X1Grand)'),(1057,'$pbkdf2-sha256$200$HsMYIwRASElpLUWode79nw$mliofJsUalQg2Qsg/ScUH4pRYCth57C5VvDe8IsgHB01464341294',1,21,'2016-05-27 09:28:14',NULL,'192.168.1.5',0,'Dalvik/1.6.0 (Linux; U; Android 4.4.2; iris X1 Grand Build/X1Grand)'),(1058,'$pbkdf2-sha256$200$FCLkXCtljHFOyVlrzRmj1A$R6hqzvThxtIw2a9S7LODOmxR.pWtfVJ.71JUIohwltc1464393708',1,21,'2016-05-28 00:01:48',NULL,'192.168.1.2',0,'Dalvik/1.6.0 (Linux; U; Android 4.4.2; iris X1 Grand Build/X1Grand)'),(1059,'$pbkdf2-sha256$200$nxMCoJSylhKiNCZkLCVEKA$CBbgMVi/3.0AUetdXTmhoof3d5nIdxVZf5f/dilwnfc1464444739',1,21,'2016-05-28 14:12:19',NULL,'192.168.1.6',0,'Dalvik/1.6.0 (Linux; U; Android 4.4.2; iris X1 Grand Build/X1Grand)'),(1060,'$pbkdf2-sha256$200$kpJyTokxpnROCWFMae2dUw$Jc7vi12g5pRcCjykWY5Vszbowf1hyKiE1kjN4Nqw3ok1464480648',1,17,'2016-05-29 00:10:48',NULL,'192.168.1.2',0,'Dalvik/1.6.0 (Linux; U; Android 4.4.2; iris X1 Grand Build/X1Grand)'),(1061,'$pbkdf2-sha256$200$49z7X2stJaR0LmWMUSoFYA$RpSi4Qbm2.i5pKK.UD2WzLQHrN6CAYmCmATYWzdgH7A1464597964',1,17,'2016-05-30 08:46:04',NULL,'192.168.1.7',0,'Dalvik/1.6.0 (Linux; U; Android 4.4.2; iris X1 Grand Build/X1Grand)'),(1062,'$pbkdf2-sha256$200$cK6Vco4RIgSAsHau9b733g$wHVrL8k5RKUuKz4F9gTcN2dFPqH5/OBNJd.CvsiaHT01464600978',1,21,'2016-05-30 09:36:18',NULL,'192.168.1.7',0,'Dalvik/1.6.0 (Linux; U; Android 4.4.2; iris X1 Grand Build/X1Grand)'),(1063,'$pbkdf2-sha256$200$FIKwFoJwTqkVgrA2hrCWMg$fSfx0Tqy57ssolao7oPhDDVlvIGvt7vIpbuj8I0rIM01464603230',1,21,'2016-05-30 10:13:50',NULL,'192.168.1.6',0,'Mozilla/5.0 (X11; Linux x86_64) AppleWebKit/537.36 (KHTML, like Gecko) Chrome/41.0.2272.101 Safari/537.36'),(1064,'$pbkdf2-sha256$200$eC8lxNh77/1fS4mx9t57Dw$5uusLrDQ6SK9iZRJc2jqgZx4GIGstLXJCP/7CHwr5481464609710',1,21,'2016-05-30 12:01:50',NULL,'192.168.1.7',0,'Dalvik/1.6.0 (Linux; U; Android 4.4.2; iris X1 Grand Build/X1Grand)'),(1065,'$pbkdf2-sha256$200$FOI8BwAg5ByDcC6l1HqvVQ$PcTm08FFbCMOzOBPtpBOJCY1cHX6qyXAAluZvA/GTNU1464611134',1,21,'2016-05-30 12:25:34',NULL,'192.168.1.7',0,'Dalvik/1.6.0 (Linux; U; Android 4.4.2; iris X1 Grand Build/X1Grand)'),(1066,'$pbkdf2-sha256$200$/P./V2pt7b33XmttLSVkbA$F9Axt/DVeL3qqq6WqiazQlsDqaznS4GAQQhEXIkI3oE1464611971',1,21,'2016-05-30 12:39:31',NULL,'192.168.1.7',0,'Dalvik/1.6.0 (Linux; U; Android 4.4.2; iris X1 Grand Build/X1Grand)'),(1067,'$pbkdf2-sha256$200$R8j5X4tRCkEI4byXMmZszQ$VxBgs6gEl6kssalw2FgFl6QQUmo/ItoBYvLbyygX/HA1464616309',1,21,'2016-05-30 13:51:49',NULL,'192.168.1.7',0,'Dalvik/1.6.0 (Linux; U; Android 4.4.2; iris X1 Grand Build/X1Grand)'),(1068,'$pbkdf2-sha256$200$GsP4XwthrNW6F0IIQUip1Q$kLYh6ePmojmZlgiYrwNJZkuwnJR8o964nqrSFlEjfGE1464616898',1,21,'2016-05-30 14:01:38',NULL,'192.168.1.7',0,'Dalvik/1.6.0 (Linux; U; Android 4.4.2; iris X1 Grand Build/X1Grand)'),(1069,'$pbkdf2-sha256$200$TCklhBDCmBMihJASAgDAGA$aGVwUb9nR1H9yZGC1HWMK7p0mq1VKRtV7oYMmnMUy3w1464626806',1,17,'2016-05-30 16:46:46',NULL,'192.168.1.7',0,'Dalvik/1.6.0 (Linux; U; Android 4.4.2; iris X1 Grand Build/X1Grand)'),(1070,'$pbkdf2-sha256$200$7L2XkjLG2JtTSgmhtNbaGw$s6BcDuUmm/SMtY2bKnrItHOjN9tt2BXIufHfrgHKdTI1464626946',1,17,'2016-05-30 16:49:06',NULL,'192.168.1.6',0,'Mozilla/5.0 (X11; Ubuntu; Linux x86_64; rv:41.0) Gecko/20100101 Firefox/41.0'),(1071,'$pbkdf2-sha256$200$HsP4H6N0TknpvVfqnROiVA$4R4A2yYW/Cgx6xtNgDGl87Oc0ozrHejaA8U9VTW51x81464627411',1,17,'2016-05-30 16:56:51',NULL,'192.168.1.7',0,'Dalvik/1.6.0 (Linux; U; Android 4.4.2; iris X1 Grand Build/X1Grand)'),(1072,'$pbkdf2-sha256$200$eO89R0hpjdGaM8aYM2YshQ$Q2peBn4gSVxV43UWVLlEJcwisJ/KlDYOe8t494kNVcI1464628022',1,17,'2016-05-30 17:07:02',NULL,'192.168.1.7',0,'Dalvik/1.6.0 (Linux; U; Android 4.4.2; iris X1 Grand Build/X1Grand)'),(1073,'$pbkdf2-sha256$200$L2XM2VuL0bp3DkGotbZWKg$5rBnmPLR0OJ.XxKyoRGvK3oEzCixkQIS3VeNaC/ndFI1464628447',1,17,'2016-05-30 17:14:07',NULL,'192.168.1.7',0,'Dalvik/1.6.0 (Linux; U; Android 4.4.2; iris X1 Grand Build/X1Grand)'),(1074,'$pbkdf2-sha256$200$fY8xhjBmTInxPudci9Faiw$43zcamY7DuCX8WUaFKmNHt1xIyK96RcSW0a6hBAHMpc1464628760',1,17,'2016-05-30 17:19:20',NULL,'192.168.1.7',0,'Dalvik/1.6.0 (Linux; U; Android 4.4.2; iris X1 Grand Build/X1Grand)'),(1075,'$pbkdf2-sha256$200$JwSg1JqzthYCAODcu9ea0w$UzDFsU6E2SEE35d8Y5ZMUDIKYr46LXzSDr6fD0VBMDo1464629115',1,17,'2016-05-30 17:25:15',NULL,'192.168.1.7',0,'Dalvik/1.6.0 (Linux; U; Android 4.4.2; iris X1 Grand Build/X1Grand)'),(1076,'$pbkdf2-sha256$200$xZhzDoGQ8t6b03pvjXEOgQ$qMrpIu1k.PbEk8DbGf97a6jokw3uEfsHwkrulIL/ddg1464629984',1,17,'2016-05-30 17:39:44',NULL,'192.168.1.7',0,'Dalvik/1.6.0 (Linux; U; Android 4.4.2; iris X1 Grand Build/X1Grand)'),(1077,'$pbkdf2-sha256$200$GyNEaK0VQkiJsba21to75w$ctWSUGwYu/NzBctOQQN1URIHIHdIhLXkB.AmRvWxlqU1464632905',1,17,'2016-05-30 18:28:25',NULL,'192.168.1.7',0,'Dalvik/1.6.0 (Linux; U; Android 4.4.2; iris X1 Grand Build/X1Grand)'),(1078,'$pbkdf2-sha256$200$e29tTek9Z.xd673XGoOQcg$2OYWPphbi5cIibcc9LLj7vl8IkpVKElaGzpC44pB2Sc1464633186',1,17,'2016-05-30 18:33:06',NULL,'192.168.1.7',0,'Dalvik/1.6.0 (Linux; U; Android 4.4.2; iris X1 Grand Build/X1Grand)'),(1079,'$pbkdf2-sha256$200$xBjD2BsDgLC29r4XYqx1Lg$gB/VCCIY3HP6FMfQNKg5omnkHxHo0KYdZIvZtkQRP441464633656',1,17,'2016-05-30 18:40:56',NULL,'192.168.1.7',0,'Dalvik/1.6.0 (Linux; U; Android 4.4.2; iris X1 Grand Build/X1Grand)'),(1080,'$pbkdf2-sha256$200$HkPoXau19t57L8V4D0EIIQ$JXf9Y3KTCwsJU4S8BeTgqb0GEgTJV8tupnv47FFLAaA1464634886',1,17,'2016-05-30 19:01:26',NULL,'192.168.1.7',0,'Dalvik/1.6.0 (Linux; U; Android 4.4.2; iris X1 Grand Build/X1Grand)'),(1081,'$pbkdf2-sha256$200$GYNwDiFEyLl3zpnzPmds7Q$JYQTPnREr5wLOhTgdbRnRfQOaA0W8R/NRWYa2m.VnTY1464637286',1,17,'2016-05-30 19:41:26',NULL,'192.168.1.7',0,'Dalvik/1.6.0 (Linux; U; Android 4.4.2; iris X1 Grand Build/X1Grand)'),(1082,'$pbkdf2-sha256$200$E4Kw1przXmttDaH0PgeAcA$xjjvKviYYcK5Iaq09T4cPOSpwebrEIP.AJebKYM5pkA1464637992',1,17,'2016-05-30 19:53:12',NULL,'192.168.1.7',0,'Dalvik/1.6.0 (Linux; U; Android 4.4.2; iris X1 Grand Build/X1Grand)'),(1083,'$pbkdf2-sha256$200$rNV6zzknJKSUsraWMsbYmw$PW.h6QJD84HW1tuq52y1GjzPt8vJqbpMSEydNNFhiHA1464639508',1,17,'2016-05-30 20:18:28',NULL,'192.168.1.7',0,'Dalvik/1.6.0 (Linux; U; Android 4.4.2; iris X1 Grand Build/X1Grand)'),(1084,'$pbkdf2-sha256$200$A0CIMUYopbQ2plQqBUDofQ$IuHbGZT7G016BxVU.aFampx4ru7K1ENzgC7yLvDLXa01464644557',1,17,'2016-05-30 21:42:37',NULL,'192.168.1.7',0,'Dalvik/1.6.0 (Linux; U; Android 4.4.2; iris X1 Grand Build/X1Grand)'),(1085,'$pbkdf2-sha256$200$bC3lPGds7R1D6N27d25NqQ$hS9wtjWNmpHhFwSpsrvOF8hSUw522P.ZKDiPTrMDfy01464644889',1,17,'2016-05-30 21:48:09',NULL,'192.168.1.7',0,'Dalvik/1.6.0 (Linux; U; Android 4.4.2; iris X1 Grand Build/X1Grand)'),(1086,'$pbkdf2-sha256$200$SwkBwJjTOsfY2xsjpPTeew$OqKDnlQq09DEwqPAPYpoPBUqbNHFaRxAHvQBTAkR3.81464680602',1,17,'2016-05-31 07:43:22',NULL,'192.168.1.7',0,'Dalvik/1.6.0 (Linux; U; Android 4.4.2; iris X1 Grand Build/X1Grand)'),(1087,'$pbkdf2-sha256$200$H.NcK0XIGSMEYGytVSolpA$fGc4p8PIt9T.NbPNgTfVZr.saXWcMvn8GIjqTxVerNk1464681535',1,17,'2016-05-31 07:58:55',NULL,'192.168.1.7',0,'Dalvik/1.6.0 (Linux; U; Android 4.4.2; iris X1 Grand Build/X1Grand)'),(1088,'$pbkdf2-sha256$200$ztlbq/WeU.odI4Qw5vx/Lw$zGc.2d1SVMUyMXRrTO.TSgic0DZb123bL1uG4d/ipvw1464740298',1,17,'2016-06-01 00:18:18',NULL,'192.168.1.3',0,'Mozilla/5.0 (X11; Ubuntu; Linux x86_64; rv:41.0) Gecko/20100101 Firefox/41.0'),(1089,'$pbkdf2-sha256$200$/J/znhPCmLOW0vrfu7f2fg$YYP3fG/x8OyTmPluKdqEkkYB2J6Jp/cxwkTq8GzzQE01464741712',1,17,'2016-06-01 00:41:52',NULL,'192.168.1.2',0,'Dalvik/1.6.0 (Linux; U; Android 4.4.2; iris X1 Grand Build/X1Grand)'),(1090,'$pbkdf2-sha256$200$Xuv93xtjLCWk9F6L8R5DyA$hKQYV4mHMPyjJniyvWEsX/qFil3BmeTdcC9Lcv0U5r41464764994',1,17,'2016-06-01 07:09:54',NULL,'192.168.1.2',0,'Dalvik/1.6.0 (Linux; U; Android 4.4.2; iris X1 Grand Build/X1Grand)'),(1091,'$pbkdf2-sha256$200$ttZaa815rxXCmHOOkRKCcA$3jCFWNDp.CTCkFF8EgiWz8x.C3/OfB4sfe7oUVRzACk1464767215',1,17,'2016-06-01 07:46:55',NULL,'192.168.1.2',0,'Dalvik/1.6.0 (Linux; U; Android 4.4.2; iris X1 Grand Build/X1Grand)'),(1092,'$pbkdf2-sha256$200$h3BuTek9R0iJkdJ6T2kNQQ$H/pdQKcPyX2kOKsIzal/EBHJC3Dwvndq/n86nGA4zgY1464911737',1,21,'2016-06-02 23:55:37',NULL,'192.168.1.3',0,'Mozilla/5.0 (X11; Linux x86_64) AppleWebKit/537.36 (KHTML, like Gecko) Chrome/41.0.2272.101 Safari/537.36'),(1093,'$pbkdf2-sha256$200$a23tndPae29tDcG41xojpA$NAvE.1lgBbxog24.FBCZjHerRbDeVis.Ul0qlP3o8t81464914167',1,21,'2016-06-03 00:36:07',NULL,'192.168.1.2',0,'Dalvik/1.6.0 (Linux; U; Android 4.4.2; iris X1 Grand Build/X1Grand)'),(1094,'$pbkdf2-sha256$200$DmHMWYuxNkZorXVOibG21g$2qG.gwvW3kCNaubIHPEU6ZLE4TV4SkT8uos2gZstMQo1464914641',1,21,'2016-06-03 00:44:01',NULL,'192.168.1.2',0,'Dalvik/1.6.0 (Linux; U; Android 4.4.2; iris X1 Grand Build/X1Grand)'),(1095,'$pbkdf2-sha256$200$XWsNYUzpPae0tnYupXTuvQ$wNnpi2bzWUy1VwsIF1L5/b6bHUqlsfX.XiCp8Ih7Kpk1464915846',1,21,'2016-06-03 01:04:06',NULL,'192.168.1.2',0,'Dalvik/1.6.0 (Linux; U; Android 4.4.2; iris X1 Grand Build/X1Grand)'),(1096,'$pbkdf2-sha256$200$IGQsBUDofe.9F8J4T4kRIg$daiqaM0p6l9mU7rX/aEEjaQBPH2IANptg7/DqMaLMyc1464919566',1,21,'2016-06-03 02:06:06',NULL,'192.168.1.2',0,'Mozilla/5.0 (X11; Linux x86_64) AppleWebKit/537.36 (KHTML, like Gecko) Chrome/41.0.2272.101 Safari/537.36'),(1097,'$pbkdf2-sha256$200$V2pNSQnhfM9Za835n5Oytg$ij52uWsuA3/koV5u9LJe3IkJjzDZhZ7GaKn8kyLGIdM1464919645',1,21,'2016-06-03 02:07:25',NULL,'192.168.1.3',0,'Dalvik/1.6.0 (Linux; U; Android 4.4.2; iris X1 Grand Build/X1Grand)'),(1098,'$pbkdf2-sha256$200$oRRC6B2jdM5ZC0HIWUtpTQ$TsUhdD.KfZCUkEoWnrxlQSMdzEPrqV.BvWLFRKs.6tY1464924031',1,21,'2016-06-03 03:20:31',NULL,'192.168.1.3',0,'Dalvik/1.6.0 (Linux; U; Android 4.4.2; iris X1 Grand Build/X1Grand)'),(1099,'$pbkdf2-sha256$200$WytljBFCqLUW4nzPeW.t1Q$4H2enLlqgBUONKQgYKcfIfSrvZ3MdOVxduwfHNTmmJ01464924663',1,21,'2016-06-03 03:31:03',NULL,'192.168.1.3',0,'Dalvik/1.6.0 (Linux; U; Android 4.4.2; iris X1 Grand Build/X1Grand)'),(1100,'$pbkdf2-sha256$200$IoQwhnCOMUYIAYCwFoJQqg$KE4NW.s1zYor0ibhJOGO3SF6.aOqzwTycDAG.qFN/S41464931573',1,21,'2016-06-03 05:26:13',NULL,'192.168.1.3',0,'Dalvik/1.6.0 (Linux; U; Android 4.4.2; iris X1 Grand Build/X1Grand)'),(1101,'$pbkdf2-sha256$200$jfGeM4YwhlDq/d8bA0DI2Q$nlzT6WlKaz697gW1C4QPz0/VdohJeo84ENhANlYRcdQ1464940759',1,21,'2016-06-03 07:59:19',NULL,'192.168.1.3',0,'Dalvik/1.6.0 (Linux; U; Android 4.4.2; iris X1 Grand Build/X1Grand)'),(1102,'$pbkdf2-sha256$200$6B2jlNI6Zwwh5Bxj7H0v5Q$aPxykyziiCEVCrywWkms4ynuiEfzSIiCq5X.mKHnCek1464999062',1,21,'2016-06-04 00:11:02',NULL,'192.168.1.3',0,'Mozilla/5.0 (X11; Linux x86_64) AppleWebKit/537.36 (KHTML, like Gecko) Chrome/41.0.2272.101 Safari/537.36'),(1103,'$pbkdf2-sha256$200$ybkX4jwHIAQgRMhZS2ntnQ$k2PfFLXsmhfYJ1/Y9X1b9mbZMl0/scx6ntv.HZubarM1465001340',1,17,'2016-06-04 00:49:00',NULL,'192.168.1.4',0,'Dalvik/1.6.0 (Linux; U; Android 4.4.2; iris X1 Grand Build/X1Grand)'),(1104,'$pbkdf2-sha256$200$p1Sq9X7vfc/Ze..dM2YsBQ$A01eqQ.PBGojkehbMFd1ArbXGt/9oMUaff8XLm1yd6Q1465001461',1,17,'2016-06-04 00:51:01',NULL,'192.168.1.4',0,'Dalvik/1.6.0 (Linux; U; Android 4.4.2; iris X1 Grand Build/X1Grand)'),(1105,'$pbkdf2-sha256$200$dk5p7d2b895b6/3/3/ufkw$Gfv0B6HXkxFm4FyfwQ7Fz.IpDdhZo8Pv5keHFikyK6k1465146142',1,21,'2016-06-05 17:02:22',NULL,'192.168.1.2',0,'Mozilla/5.0 (X11; Linux x86_64) AppleWebKit/537.36 (KHTML, like Gecko) Chrome/41.0.2272.101 Safari/537.36'),(1106,'$pbkdf2-sha256$200$HgOAcI6x1npvLQUgpPQeIw$9/uMKYlUgC2Bh5hLOOVGCraPIgFmi4lsCJtIC.5EH1U1465146754',1,17,'2016-06-05 17:12:34',NULL,'192.168.1.3',0,'Dalvik/1.6.0 (Linux; U; Android 4.4.2; iris X1 Grand Build/X1Grand)'),(1107,'$pbkdf2-sha256$200$j5HSeu/9P6f0XmvNuVdKaQ$P5IAy/X1iOaniLqtBKZVyPgq2eavH4/FsvztBLtAjo81465161921',1,17,'2016-06-05 21:25:21',NULL,'192.168.1.3',0,'Dalvik/1.6.0 (Linux; U; Android 4.4.2; iris X1 Grand Build/X1Grand)'),(1108,'$pbkdf2-sha256$200$fW.tdS7lvNea8x6DEGKs1Q$Y3QbLVZ3o3lK8HU1GvDtCIZNyqNLq/Cw.ndsylR8nuA1465161952',1,17,'2016-06-05 21:25:52',NULL,'192.168.1.2',0,'Mozilla/5.0 (X11; Linux x86_64) AppleWebKit/537.36 (KHTML, like Gecko) Chrome/41.0.2272.101 Safari/537.36'),(1109,'$pbkdf2-sha256$200$KAVAqPU.ByBkDAHAWCsFoA$prMr2wtnGwDvG1J12Xui5/1bCZIfo1qVHyRLzCHTXwo1465257509',1,17,'2016-06-06 23:58:29',NULL,'192.168.1.3',0,'Mozilla/5.0 (X11; Linux x86_64) AppleWebKit/537.36 (KHTML, like Gecko) Chrome/41.0.2272.101 Safari/537.36'),(1110,'$pbkdf2-sha256$200$D4GwVkpp7V3r/T.HcM75nw$OFufQhPkGf.8Mv7PiUikKN2akVRudQLdRwOiNI1r97A1465258101',1,17,'2016-06-07 00:08:21',NULL,'192.168.1.2',0,'Dalvik/1.6.0 (Linux; U; Android 4.4.2; iris X1 Grand Build/X1Grand)'),(1111,'$pbkdf2-sha256$200$.l/LGcNYK4Xw3tt7j/Ge0w$NU6UVun5ayutauRjmJU5vmFuvowFPj2C5fgYmoe6YjY1465270051',1,17,'2016-06-07 03:27:31',NULL,'192.168.1.2',0,'Dalvik/1.6.0 (Linux; U; Android 4.4.2; iris X1 Grand Build/X1Grand)'),(1112,'$pbkdf2-sha256$200$w1gLodRaS0nJ2fufkzJmLA$WBNutZ1U5ovEfNL8EpiywlUmqH4Uv/ptKhTfVyidCEg1465282094',1,17,'2016-06-07 06:48:14',NULL,'192.168.1.2',0,'Dalvik/1.6.0 (Linux; U; Android 4.4.2; iris X1 Grand Build/X1Grand)'),(1113,'$pbkdf2-sha256$200$5jyH0Pq/V2ptTQmh9D6HUA$SRRNp/l612PwswOasELLli1ibR0wUi1sDEtVGtr.ROU1465283096',1,17,'2016-06-07 07:04:56',NULL,'192.168.1.2',0,'Dalvik/1.6.0 (Linux; U; Android 4.4.2; iris X1 Grand Build/X1Grand)'),(1114,'$pbkdf2-sha256$200$AICQEgKAMCak9P4/x9h77w$9XRuk1aojpf5gJhwOgufYHDvfORM5pbXnghPXVKOsLQ1465288629',1,17,'2016-06-07 08:37:09',NULL,'192.168.1.4',0,'Mozilla/5.0 (X11; Linux x86_64) AppleWebKit/537.36 (KHTML, like Gecko) Chrome/41.0.2272.101 Safari/537.36'),(1115,'$pbkdf2-sha256$200$tLa2FgKgNIbw/j/nfM.59w$JSw2BzWbl9u0LNF6t1zMbTmpaLPzyyZu5JUbasuoGZU1465288675',1,17,'2016-06-07 08:37:55',NULL,'192.168.1.2',0,'Dalvik/1.6.0 (Linux; U; Android 4.4.2; iris X1 Grand Build/X1Grand)'),(1116,'$pbkdf2-sha256$200$WevdO6fUGmOslZIyBuC8Vw$GegPogswaAQf0882CLEiH9lfaiFtRMcXVl.sdzDW5Fs1465289324',1,17,'2016-06-07 08:48:44',NULL,'192.168.1.2',0,'Dalvik/1.6.0 (Linux; U; Android 4.4.2; iris X1 Grand Build/X1Grand)'),(1117,'$pbkdf2-sha256$200$W6u1Vqo1BgAgREjpfa81xg$lCw2bNlAAF7EeRUzZtUdRpZ39TlXTrM07Sl7FHSVkwY1465344695',1,21,'2016-06-08 00:11:35',NULL,'192.168.1.2',0,'Dalvik/1.6.0 (Linux; U; Android 4.4.2; iris X1 Grand Build/X1Grand)'),(1118,'$pbkdf2-sha256$200$cs5ZKyXEWAsBgDCG8B5jLA$fpyVIYiVLJihR52wZhrzM7YwvfkGl8iYjuip69tVVDw1465369777',1,21,'2016-06-08 07:09:37',NULL,'192.168.1.4',0,'Mozilla/5.0 (X11; Ubuntu; Linux x86_64; rv:41.0) Gecko/20100101 Firefox/41.0'),(1119,'$pbkdf2-sha256$200$8z6HkNKaU4qREuI8x/ifcw$A0vx6rPAWUfOvGZQKVGLiIn28Jdwp60FeCi5JE1gZwQ1465516577',1,17,'2016-06-09 23:56:17',NULL,'192.168.1.5',0,'Mozilla/5.0 (X11; Linux x86_64) AppleWebKit/537.36 (KHTML, like Gecko) Chrome/41.0.2272.101 Safari/537.36'),(1120,'$pbkdf2-sha256$200$fy.FECJE6J3TGiMk5BxjDA$ydPQE9pZK0.Mz8uXBKN1/S52JWeNnXzLatstuGwt61s1465516654',1,21,'2016-06-09 23:57:34',NULL,'192.168.1.5',0,'Mozilla/5.0 (X11; Ubuntu; Linux x86_64; rv:41.0) Gecko/20100101 Firefox/41.0'),(1121,'$pbkdf2-sha256$200$m5OyNkYoJYRwzvlfi/HeGw$c3jV2ekMAaUx06ffDnEybEAZsc3Zj9jCrcquuwyVkUA1465517841',1,17,'2016-06-10 00:17:21',NULL,'192.168.1.2',0,'Dalvik/1.6.0 (Linux; U; Android 4.4.2; iris X1 Grand Build/X1Grand)'),(1122,'$pbkdf2-sha256$200$jVHKmRNirJUyxrhXKiWEEA$gIR/1921OpAHPq179r7RUTKuSIqfVL1ccPnua5TB9Bc1465518561',1,17,'2016-06-10 00:29:21',NULL,'192.168.1.2',0,'Dalvik/1.6.0 (Linux; U; Android 4.4.2; iris X1 Grand Build/X1Grand)'),(1123,'$pbkdf2-sha256$200$r1VqDUGIkZKyVur9/39PyQ$IxlLt1Ft.TVykI08mFJ0cJU40UxW3Ph1nhyR5IJovJo1465519085',1,17,'2016-06-10 00:38:05',NULL,'192.168.1.2',0,'Dalvik/1.6.0 (Linux; U; Android 4.4.2; iris X1 Grand Build/X1Grand)'),(1124,'$pbkdf2-sha256$200$/N.b0/o/JwQg5Ly3NkYo5Q$U3HToJslZNSPGS.RjGY5F3E59XXEvbSnDwhiiKtfdWg1465522515',1,17,'2016-06-10 01:35:15',NULL,'192.168.1.2',0,'Dalvik/1.6.0 (Linux; U; Android 4.4.2; iris X1 Grand Build/X1Grand)'),(1125,'$pbkdf2-sha256$200$jtEaA6DU2hvDeC8lZIzxHg$oZMfa2NT9kSIqdKHHtKMJTl27VB5NcdKLEDn7aYsPzc1465523218',1,17,'2016-06-10 01:46:59',NULL,'192.168.1.2',0,'Mozilla/5.0 (X11; Linux x86_64) AppleWebKit/537.36 (KHTML, like Gecko) Chrome/41.0.2272.101 Safari/537.36'),(1126,'$pbkdf2-sha256$200$AiCktHZOqRUCwJiTsraWMg$OyMKn.5R5VOu8Uak49osIoienvmdRsPiFuvIZGV4T2M1465523242',1,21,'2016-06-10 01:47:22',NULL,'192.168.1.2',0,'Mozilla/5.0 (X11; Ubuntu; Linux x86_64; rv:41.0) Gecko/20100101 Firefox/41.0'),(1127,'$pbkdf2-sha256$200$9d77///f29vbm1PqPQfg/A$OtHuMS658Kv99B9ZtDTGZkB4RuTT7r9dc902AwSGepQ1465523524',1,17,'2016-06-10 01:52:04',NULL,'192.168.1.3',0,'Dalvik/1.6.0 (Linux; U; Android 4.4.2; iris X1 Grand Build/X1Grand)'),(1128,'$pbkdf2-sha256$200$VYrxXsuZs5bS2juH0PpfSw$6Eg3Cp6ovZO6iAKSnopJpTjRTFlv6VY45xDK4r5zzv41465523825',1,17,'2016-06-10 01:57:05',NULL,'192.168.1.3',0,'Dalvik/1.6.0 (Linux; U; Android 4.4.2; iris X1 Grand Build/X1Grand)'),(1129,'$pbkdf2-sha256$200$jdH6n/NeizEmJEToXSulFA$5dTjP9mXl.P6hVmQsfKKp6sBcIwsij19V0.jNaFS.901465524715',1,17,'2016-06-10 02:11:55',NULL,'192.168.1.3',0,'Dalvik/1.6.0 (Linux; U; Android 4.4.2; iris X1 Grand Build/X1Grand)'),(1130,'$pbkdf2-sha256$200$4JzTOkeodc45h1AqJWRMKQ$/fvuimzvFTiY2mdI3XBITXRyJgdWU502DPZvKzHFwPQ1465525098',1,17,'2016-06-10 02:18:18',NULL,'192.168.1.3',0,'Dalvik/1.6.0 (Linux; U; Android 4.4.2; iris X1 Grand Build/X1Grand)'),(1131,'$pbkdf2-sha256$200$wViLsZayNgbAGINQCqF07g$wsTNf4WYXxdyztWed3SoLhN9Buincr.KmMJzt169.RQ1465526179',1,17,'2016-06-10 02:36:19',NULL,'192.168.1.3',0,'Dalvik/1.6.0 (Linux; U; Android 4.4.2; iris X1 Grand Build/X1Grand)'),(1132,'$pbkdf2-sha256$200$0bo3phRC6B0jRAgBAKB0Lg$51mxjHYtDSZh2JQ22XIhQ25vqt29Mo0swjMYoCCkPTg1465526412',1,17,'2016-06-10 02:40:12',NULL,'192.168.1.3',0,'Dalvik/1.6.0 (Linux; U; Android 4.4.2; iris X1 Grand Build/X1Grand)'),(1133,'$pbkdf2-sha256$200$vlcqhRDiPAfA2JvzHqOUkg$sNZFgoa4/WgL9t8jXDkeDtbjuW4sU2M4w.OmqUuNZes1465531682',1,17,'2016-06-10 04:08:02',NULL,'192.168.1.2',0,'Dalvik/1.6.0 (Linux; U; Android 4.4.2; iris X1 Grand Build/X1Grand)'),(1134,'$pbkdf2-sha256$200$iNH6n5MyhnDOGSMkBMA4hw$rbkN1sBov4V2joaautvZ.B8VqfTHY8tOPFYxTLrulLg1465532264',1,17,'2016-06-10 04:17:44',NULL,'192.168.1.2',0,'Dalvik/1.6.0 (Linux; U; Android 4.4.2; iris X1 Grand Build/X1Grand)'),(1135,'$pbkdf2-sha256$200$6937//8/B.CcEyLkXEvp/Q$aMExoGWRgQq8jeX2rCOieCVhkA4xTN9dFOSIibegr1I1465541349',1,17,'2016-06-10 06:49:09',NULL,'192.168.1.4',0,'Mozilla/5.0 (X11; Linux x86_64) AppleWebKit/537.36 (KHTML, like Gecko) Chrome/41.0.2272.101 Safari/537.36'),(1136,'$pbkdf2-sha256$200$4dxbi5HSGuM8JySkNMZ4bw$5GiRaut9z6g6h3l/mUWpz1c4ds5jj4.1afx6MmcxIDo1465543684',1,21,'2016-06-10 07:28:04',NULL,'192.168.1.2',0,'Dalvik/1.6.0 (Linux; U; Android 4.4.2; iris X1 Grand Build/X1Grand)'),(1137,'$pbkdf2-sha256$200$07r3XguBMOa8l7J2bi2lFA$PmCmUGTwH8.JGxtSITSrdN6CI9Zx/c7GeshFgmcf1vY1465672711',1,17,'2016-06-11 19:18:31',NULL,'192.168.1.2',0,'Dalvik/1.6.0 (Linux; U; Android 4.4.2; iris X1 Grand Build/X1Grand)'),(1138,'$pbkdf2-sha256$200$rzWmdO4dA6AUgpASYqw1pg$xiPC.OLgp5IAxsFaEjPQpFYUQUXXFF3hgoLANSUbSM01465674507',1,17,'2016-06-11 19:48:27',NULL,'192.168.1.2',0,'Dalvik/1.6.0 (Linux; U; Android 4.4.2; iris X1 Grand Build/X1Grand)'),(1139,'$pbkdf2-sha256$200$orTWeu89hxCi1No7ZyzlnA$1Qvi6b7Epv/0cdWpkFcTtdMJKuT72xFUs111XrqwdXI1465675284',1,17,'2016-06-11 20:01:24',NULL,'192.168.1.2',0,'Dalvik/1.6.0 (Linux; U; Android 4.4.2; iris X1 Grand Build/X1Grand)'),(1140,'$pbkdf2-sha256$200$LIUwhrA2JmTMWUsJIaS0tg$kIhpO41vz5OAfD7jyDgAcsxyaYe38c2qFKtTLcT.zV41465675619',1,17,'2016-06-11 20:06:59',NULL,'192.168.1.2',0,'Dalvik/1.6.0 (Linux; U; Android 4.4.2; iris X1 Grand Build/X1Grand)'),(1141,'$pbkdf2-sha256$200$NmasFSJE6B3j/B9DKCUEYA$2JSInrIr2rCCNyguTrkKtt6wVNmWN/3llM3mGV/BfWI1465676027',1,17,'2016-06-11 20:13:47',NULL,'192.168.1.2',0,'Dalvik/1.6.0 (Linux; U; Android 4.4.2; iris X1 Grand Build/X1Grand)'),(1142,'$pbkdf2-sha256$200$1Lr33ptTyplTSiml1PqfMw$KRg9g3r1XZhQyoXm3giRpIKuOHViZizDtFeEqkkRksQ1465677215',1,17,'2016-06-11 20:33:35',NULL,'192.168.1.2',0,'Dalvik/1.6.0 (Linux; U; Android 4.4.2; iris X1 Grand Build/X1Grand)'),(1143,'$pbkdf2-sha256$200$EKLUOqc0RiiFcO69dw4hRA$tJSnZIA8Nqem26b60xpAR2ozAGPZifVuhA5JZdA/MLk1465677971',1,17,'2016-06-11 20:46:11',NULL,'192.168.1.2',0,'Dalvik/1.6.0 (Linux; U; Android 4.4.2; iris X1 Grand Build/X1Grand)'),(1144,'$pbkdf2-sha256$200$1dp7j3EOYaw1JsSYsxYiZA$HmGpLhwHJ.ZHpPNeNVJSpV.yyY0SlKjMVe9Fg057NOo1465679356',1,17,'2016-06-11 21:09:16',NULL,'192.168.1.3',0,'Mozilla/5.0 (X11; Linux x86_64) AppleWebKit/537.36 (KHTML, like Gecko) Chrome/41.0.2272.101 Safari/537.36'),(1145,'$pbkdf2-sha256$200$5lwrpVSqNcb4n1NKSQmBcA$RknEQwCLIOqAdpjX3VHTNYUOIDvOxpiCVJblxwBRqks1465679467',1,17,'2016-06-11 21:11:07',NULL,'192.168.1.2',0,'Dalvik/1.6.0 (Linux; U; Android 4.4.2; iris X1 Grand Build/X1Grand)'),(1146,'$pbkdf2-sha256$200$uVcqZQzhPCdEaM3ZG2MMIQ$iMp2m3qjN1.noIHe2tnRAyIhPIVok6hfMBo3Hrtn8xg1465680533',1,17,'2016-06-11 21:28:53',NULL,'192.168.1.2',0,'Dalvik/1.6.0 (Linux; U; Android 4.4.2; iris X1 Grand Build/X1Grand)'),(1147,'$pbkdf2-sha256$200$YuwdY8zZ.38vpdR6DwHg3A$zDiIJam16CA4u7AFWvsH/BBZ.uWUh8I.j55fuvR220I1465684737',1,17,'2016-06-11 22:38:57',NULL,'192.168.1.2',0,'Dalvik/1.6.0 (Linux; U; Android 4.4.2; iris X1 Grand Build/X1Grand)'),(1148,'$pbkdf2-sha256$200$9j4HIKR0bi1lbE3pPeccww$ivBQ.qkkKfqaYG7OXnb/WlnmXlOl/iePBdrJTRphLpA1465685170',1,17,'2016-06-11 22:46:10',NULL,'192.168.1.2',0,'Dalvik/1.6.0 (Linux; U; Android 4.4.2; iris X1 Grand Build/X1Grand)'),(1149,'$pbkdf2-sha256$200$BwAAIKTU2jtnbC1F6P2f0w$ejB/u19NEtXtlyikmZOGRf0ZE5Dp1qusROEjJVOx8vw1465685582',1,17,'2016-06-11 22:53:02',NULL,'192.168.1.2',0,'Dalvik/1.6.0 (Linux; U; Android 4.4.2; iris X1 Grand Build/X1Grand)'),(1150,'$pbkdf2-sha256$200$GiOEMCbEuBfifK91LgUgRA$q6BksMMA9GoHi55aLHqqysyD.bT6CM2p93SODy9cTHU1465686832',1,17,'2016-06-11 23:13:52',NULL,'192.168.1.2',0,'Dalvik/1.6.0 (Linux; U; Android 4.4.2; iris X1 Grand Build/X1Grand)'),(1151,'$pbkdf2-sha256$200$ROh9r3VOyRljrDUmhJDSGg$65oKsAnzAq8DdeBzmW8axfNLyYiizBS0Kt9er9cC3jk1465687912',1,17,'2016-06-11 23:31:52',NULL,'192.168.1.2',0,'Dalvik/1.6.0 (Linux; U; Android 4.4.2; iris X1 Grand Build/X1Grand)'),(1152,'$pbkdf2-sha256$200$JeR8LyWkdG6ttfYewxhj7A$7ruUTF2JAEclOgHG/I7JT.ifUgXopyUpSRrglNxX7NY1465688366',1,17,'2016-06-11 23:39:26',NULL,'192.168.1.2',0,'Dalvik/1.6.0 (Linux; U; Android 4.4.2; iris X1 Grand Build/X1Grand)'),(1153,'$pbkdf2-sha256$200$hxCiVMqZM4YwxpgTwthbyw$bEocYNBWVpIshMatjlK2i6UfrQbtARlLsaixCItwptg1465691844',1,17,'2016-06-12 00:37:24',NULL,'192.168.1.2',0,'Dalvik/1.6.0 (Linux; U; Android 4.4.2; iris X1 Grand Build/X1Grand)'),(1154,'$pbkdf2-sha256$200$d45RSokxBoDQGqP0Pgcg5A$5yI8/kW.ACoBtj.fja7TFjZUCiVy9jISSyjXAIbMgJk1465862384',1,17,'2016-06-13 23:59:44',NULL,'192.168.1.4',0,'Dalvik/1.6.0 (Linux; U; Android 4.4.2; iris X1 Grand Build/X1Grand)'),(1155,'$pbkdf2-sha256$200$dG6NkfL.fy.FUEqpFSJkLA$PsfMPISpnCxfJFfLCf1HGnthbdgqOdQBQi4UElDEmN81465862729',1,17,'2016-06-14 00:05:29',NULL,'192.168.1.4',0,'Dalvik/1.6.0 (Linux; U; Android 4.4.2; iris X1 Grand Build/X1Grand)'),(1156,'$pbkdf2-sha256$200$bS3lPEfonbO29t5bCyHkvA$8onfQKstedNk.6U2Mqhal1MpU6PVzbkaql3/bt96RJM1465865163',1,17,'2016-06-14 00:46:03',NULL,'192.168.1.4',0,'Dalvik/1.6.0 (Linux; U; Android 4.4.2; iris X1 Grand Build/X1Grand)'),(1157,'$pbkdf2-sha256$200$u9da610rRSgFgDBGiBHinA$ikUrLkVg1QtMiIVL/kxNe6v0D/qAS2kypL.cc2WQ7qE1465866001',1,17,'2016-06-14 01:00:01',NULL,'192.168.1.2',0,'Dalvik/1.6.0 (Linux; U; Android 4.4.2; iris X1 Grand Build/X1Grand)'),(1158,'$pbkdf2-sha256$200$9n6vNaZ0jrG2Nua8V6pVig$yjztZ4tTq3esKJmnRL0Y6fh44SpqxTPiZAwDRLvaGPQ1465878604',1,17,'2016-06-14 04:30:04',NULL,'192.168.1.2',0,'Dalvik/1.6.0 (Linux; U; Android 4.4.2; iris X1 Grand Build/X1Grand)'),(1159,'$pbkdf2-sha256$200$YmxtLaXUOmfM2bv33juHkA$kNVkrMh1CP5kJyzxAFEuSEEuc1rESPVdl3jbnr1P.lI1465879764',1,17,'2016-06-14 04:49:24',NULL,'192.168.1.2',0,'Dalvik/1.6.0 (Linux; U; Android 4.4.2; iris X1 Grand Build/X1Grand)'),(1160,'$pbkdf2-sha256$200$ztk7R2htTYmxtvaeUwphLA$27LlJVryzFDib.D10IZ/1grk00tlTIILzm/kHAXqnaA1465881422',1,17,'2016-06-14 05:17:02',NULL,'192.168.1.2',0,'Dalvik/1.6.0 (Linux; U; Android 4.4.2; iris X1 Grand Build/X1Grand)'),(1161,'$pbkdf2-sha256$200$Zuydk/Kes1YqJUQoBaA0hg$sRKCR.QSkdzw5wCGuo/79SPmEqXzlybpsdVvLpUlw.U1465882887',1,17,'2016-06-14 05:41:27',NULL,'192.168.1.2',0,'Dalvik/1.6.0 (Linux; U; Android 4.4.2; iris X1 Grand Build/X1Grand)'),(1162,'$pbkdf2-sha256$200$Qsh5r/Vea.2ds1bKOQcgZA$ugElyyr4UliowltzJfKHdQh4tpg/exwoW19G4dDv8K81465886284',1,17,'2016-06-14 06:38:04',NULL,'192.168.1.2',0,'Dalvik/1.6.0 (Linux; U; Android 4.4.2; iris X1 Grand Build/X1Grand)'),(1163,'$pbkdf2-sha256$200$JCTE2FtrbS3FGCMEAMDYWw$UL3U94FLSYRoZI1suNv7LMOwdM9i2GtKmUOSH3rxKSI1465945792',1,17,'2016-06-14 23:09:52',NULL,'192.168.1.4',0,'Mozilla/5.0 (X11; Linux x86_64) AppleWebKit/537.36 (KHTML, like Gecko) Chrome/41.0.2272.101 Safari/537.36'),(1164,'$pbkdf2-sha256$200$QAhhrDXmfK.1dk5pbW1tDQ$ZdAuKXLbSju8uTF1AAjNRg/jl3zx1lKuX.zm9IiWdZE1465945999',1,17,'2016-06-14 23:13:19',NULL,'192.168.1.2',0,'Dalvik/1.6.0 (Linux; U; Android 4.4.2; iris X1 Grand Build/X1Grand)'),(1165,'$pbkdf2-sha256$200$sFYqJYTwXgvhfI9RyrlXag$ZzjJdDgf5n1/rdum812uZXulX6OO0aGu39qlwzSla5c1466033687',1,17,'2016-06-15 23:34:47',NULL,'192.168.1.4',0,'Dalvik/1.6.0 (Linux; U; Android 4.4.2; iris X1 Grand Build/X1Grand)'),(1166,'$pbkdf2-sha256$200$ca6VknLO.R8j5Lw3JmSs1Q$znS4.7sXf6vioN7NYKl8CTcdZDg1yvOqCxjUon7FGJg1466034041',1,17,'2016-06-15 23:40:41',NULL,'192.168.1.4',0,'Dalvik/1.6.0 (Linux; U; Android 4.4.2; iris X1 Grand Build/X1Grand)'),(1167,'$pbkdf2-sha256$200$Roixdm5t7b3XmrO2VmotZQ$M3Mq5epIi6A0GIhr5Lc12BSpjWQtBdbjVjS/vxPwcuA1466034482',1,17,'2016-06-15 23:48:02',NULL,'192.168.1.4',0,'Dalvik/1.6.0 (Linux; U; Android 4.4.2; iris X1 Grand Build/X1Grand)'),(1168,'$pbkdf2-sha256$200$XSulNGastVYqBYCw1pozhg$EcHzfC5zHr0WBi728kHsIRIsS.//vpdnprl6gLkfiNo1466035844',1,17,'2016-06-16 00:10:44',NULL,'192.168.1.4',0,'Dalvik/1.6.0 (Linux; U; Android 4.4.2; iris X1 Grand Build/X1Grand)'),(1169,'$pbkdf2-sha256$200$1TonhBAiZKw1xpgTQkip9Q$yCCvzMLMARk6aHpo024.xo7udNQcJjnC/QIT5fRnSHM1466036021',1,17,'2016-06-16 00:13:41',NULL,'192.168.1.4',0,'Dalvik/1.6.0 (Linux; U; Android 4.4.2; iris X1 Grand Build/X1Grand)'),(1170,'$pbkdf2-sha256$200$cM75f29tDYFwDqF0jpESQg$4NdLf.ZuqPCrEKceGqRoGKgxFT9Nzv2OnRPUWjyiOPs1466045829',1,17,'2016-06-16 02:57:09',NULL,'192.168.1.2',0,'Dalvik/1.6.0 (Linux; U; Android 4.4.2; iris X1 Grand Build/X1Grand)'),(1171,'$pbkdf2-sha256$200$ttZ6b03pHYPw/n.PsdYaQw$QG/Mjteg2tRXfm48W1qwhbhYZCBfaIrAvI8PWZQ2gJY1466046340',1,17,'2016-06-16 03:05:40',NULL,'192.168.1.2',0,'Dalvik/1.6.0 (Linux; U; Android 4.4.2; iris X1 Grand Build/X1Grand)'),(1172,'$pbkdf2-sha256$200$j3EuBYBw7n2PUUqJMSaEMA$SBj8DLU8g509OZ/Kppo5vV3PoXSPloDby5qbUutrS0A1466047149',1,17,'2016-06-16 03:19:09',NULL,'192.168.1.2',0,'Dalvik/1.6.0 (Linux; U; Android 4.4.2; iris X1 Grand Build/X1Grand)'),(1173,'$pbkdf2-sha256$200$hRBibI3R.l/rPWfsnVOKMQ$4bmqovROymMfJX5/OA3PfwdgrlQdKBLdzem.dCKlv9A1466050667',1,17,'2016-06-16 04:17:47',NULL,'192.168.1.3',0,'Mozilla/5.0 (X11; Linux x86_64) AppleWebKit/537.36 (KHTML, like Gecko) Chrome/41.0.2272.101 Safari/537.36'),(1174,'$pbkdf2-sha256$200$mZMSotR6D4Hw/r/3/v8fYw$E3SOZ94UCegbUrjl.R2z1qk0ZhESD0s2Mxmlf.6VJyI1466053183',1,17,'2016-06-16 04:59:43',NULL,'192.168.1.2',0,'Dalvik/1.6.0 (Linux; U; Android 4.4.2; iris X1 Grand Build/X1Grand)'),(1175,'$pbkdf2-sha256$200$L6X0fq/V.r/X2lvrHSNkTA$FeQcczu5.iWQMH76BmC7YqlQdHAoi3w.PgKrUpig7E41466054554',1,17,'2016-06-16 05:22:34',NULL,'192.168.1.2',0,'Dalvik/1.6.0 (Linux; U; Android 4.4.2; iris X1 Grand Build/X1Grand)'),(1176,'$pbkdf2-sha256$200$xtg7p5RSam2NkdLaW0uptQ$bLfc1VDvRJ8oHMWgfM7wDuPYIlv9vRpsLYUmR.ddrCQ1466059069',1,17,'2016-06-16 06:37:49',NULL,'192.168.1.2',0,'Dalvik/1.6.0 (Linux; U; Android 4.4.2; iris X1 Grand Build/X1Grand)'),(1177,'$pbkdf2-sha256$200$Msa4t3aOsfa.13ovpbR2zg$S7nqUrWYgleGZY52C68dMOncUmUUkgY14Kq3C02IZw81466059616',1,17,'2016-06-16 06:46:56',NULL,'192.168.1.2',0,'Dalvik/1.6.0 (Linux; U; Android 4.4.2; iris X1 Grand Build/X1Grand)'),(1178,'$pbkdf2-sha256$200$NmbsHaOUEqK0VoqxNobwHg$g0JKbcEhAqGLxntcib3nvGAbn7l59Q2CoOlmvvTEyEM1466067202',1,21,'2016-06-16 08:53:22',NULL,'192.168.1.2',0,'Dalvik/1.6.0 (Linux; U; Android 4.4.2; iris X1 Grand Build/X1Grand)'),(1179,'$pbkdf2-sha256$200$uHduTcm5N8Z47/3//58z5g$MBFSVIYG/s5H1.uOwG1XzIFvXfEpBlzHOpdsQQpQsj81466069851',1,17,'2016-06-16 09:37:31',NULL,'192.168.1.2',0,'Dalvik/1.6.0 (Linux; U; Android 4.4.2; iris X1 Grand Build/X1Grand)'),(1180,'$pbkdf2-sha256$200$E6JUCkFISak1hrAWohSC8A$DzpVjSLVqxyjiyVHDb2HvM7b0pshCvmStQhI70VHI2g1466319999',1,17,'2016-06-19 07:06:39',NULL,'192.168.43.1',0,'Dalvik/1.6.0 (Linux; U; Android 4.4.2; iris X1 Grand Build/X1Grand)'),(1181,'$pbkdf2-sha256$200$9z5njHEu5bz3fs.5t3bOGQ$AhDSV/rEmJ9pIxTyFSkbTeQWxdtBGgTQjPDOWNJCyo01466331764',1,17,'2016-06-19 10:22:44',NULL,'192.168.43.1',0,'Dalvik/1.6.0 (Linux; U; Android 4.4.2; iris X1 Grand Build/X1Grand)'),(1182,'$pbkdf2-sha256$200$DIFw7p1Tam1tDSFkLOV8rw$2hIhVrb89pc3o2GjH4QaFKXv/QZ0eopuvpwTkqIdAVo1466332920',1,17,'2016-06-19 10:42:00',NULL,'192.168.43.1',0,'Dalvik/1.6.0 (Linux; U; Android 4.4.2; iris X1 Grand Build/X1Grand)'),(1183,'$pbkdf2-sha256$200$oLQWwlgrxfifU.q91/qfEw$yUE7j813yUfzlRrkrSc8TlKspd9l5iXw.BAK0yFJ5eg1466334017',1,17,'2016-06-19 11:00:17',NULL,'192.168.43.1',0,'Dalvik/1.6.0 (Linux; U; Android 4.4.2; iris X1 Grand Build/X1Grand)'),(1184,'$pbkdf2-sha256$200$mrO2tjbGmHOuNQbAuBfCGA$.lhrlnvwhv0rlWAw1fwk3xPMrgFmGjdkQoSWg34db/A1466334670',1,17,'2016-06-19 11:11:10',NULL,'192.168.43.1',0,'Dalvik/1.6.0 (Linux; U; Android 4.4.2; iris X1 Grand Build/X1Grand)'),(1185,'$pbkdf2-sha256$200$ac3ZW0vpPQcAoBSiVApBqA$eNP8vi9SvjhFzpNi1hEtNKYdTDI2Nfy61epIqrpZrcU1466334828',1,17,'2016-06-19 11:13:48',NULL,'192.168.43.1',0,'Dalvik/1.6.0 (Linux; U; Android 4.4.2; iris X1 Grand Build/X1Grand)'),(1186,'$pbkdf2-sha256$200$VooxhtD6XwsBwNh7r3UOQQ$hrL28M2VJ4iaDaWVi5c8yVoo9JJypRmXSNt9uzRkm1c1466346588',1,17,'2016-06-19 14:29:48',NULL,'192.168.43.1',0,'Dalvik/1.6.0 (Linux; U; Android 4.4.2; iris X1 Grand Build/X1Grand)'),(1187,'$pbkdf2-sha256$200$mVNKKWVMyTkH4Dxn7D0nhA$3Ggz0Y87F3pXsDiTd/VHhQC3P4oi3ZmUvrNXPXNEWKs1466348006',1,17,'2016-06-19 14:53:26',NULL,'192.168.43.1',0,'Dalvik/1.6.0 (Linux; U; Android 4.4.2; iris X1 Grand Build/X1Grand)'),(1188,'$pbkdf2-sha256$200$t3bOGQPAeG/t/Z8zxrhXqg$2fif2/QLIJ4sn2iTptvW19f4kjK4LwwDWe18r4HY4Y81466348464',1,17,'2016-06-19 15:01:04',NULL,'192.168.43.1',0,'Dalvik/1.6.0 (Linux; U; Android 4.4.2; iris X1 Grand Build/X1Grand)'),(1189,'$pbkdf2-sha256$200$.x/jvNeaM4YQgvA.5xzjXA$tejc15rzUrxCvbmPuNTLPn1IEZ/zUEe6fm3nGs6MOIA1466348917',1,17,'2016-06-19 15:08:37',NULL,'192.168.43.1',0,'Dalvik/1.6.0 (Linux; U; Android 4.4.2; iris X1 Grand Build/X1Grand)'),(1190,'$pbkdf2-sha256$200$JQSglDJmbM05RyhFiDEGoA$jCfAij/EnaBjNwQG2gGanB.docsh3HUt6DIKjRM9UnE1466349245',1,17,'2016-06-19 15:14:05',NULL,'192.168.43.1',0,'Dalvik/1.6.0 (Linux; U; Android 4.4.2; iris X1 Grand Build/X1Grand)'),(1191,'$pbkdf2-sha256$200$5LxXqpVSag2hNKY0htBaKw$4nqyJYoRno3QAPncQ6LBDKwUmMfkCc8uHqHbVGdbDzg1466354994',1,17,'2016-06-19 16:49:54',NULL,'192.168.43.1',0,'Dalvik/1.6.0 (Linux; U; Android 4.4.2; iris X1 Grand Build/X1Grand)'),(1192,'$pbkdf2-sha256$200$DsGYc.7dO0eI0dp7r7V2Lg$Wx6A/sg3HAd3WgvCH.CM6.T43FSx2M4WlOUVP.QV2Xw1466356450',1,21,'2016-06-19 17:14:11',NULL,'192.168.43.1',0,'Dalvik/1.6.0 (Linux; U; Android 4.4.2; iris X1 Grand Build/X1Grand)'),(1193,'$pbkdf2-sha256$200$wxjDOMcYIyTkvDdGiLFWSg$BwYkN1V7Yq3nr7GR8MLMAM94FIEx8avlJGvDv9QOFKE1466356456',1,21,'2016-06-19 17:14:16',NULL,'192.168.43.1',0,'Dalvik/1.6.0 (Linux; U; Android 4.4.2; iris X1 Grand Build/X1Grand)'),(1194,'$pbkdf2-sha256$200$OydECKE0Zqx1TkkpBYCw9g$vjFKG6lZcbLcq5TVkqPowbF9zLMODWj0GH2.FD32V8U1466356924',1,17,'2016-06-19 17:22:04',NULL,'192.168.43.1',0,'Dalvik/1.6.0 (Linux; U; Android 4.4.2; iris X1 Grand Build/X1Grand)'),(1195,'$pbkdf2-sha256$200$W0vJubf2/h8j5HyvlbJWCg$5FOo8NUN5whFF2iLqCII1/gKax7cqkOKidWVoaADPo41466357287',1,17,'2016-06-19 17:28:07',NULL,'192.168.43.1',0,'Dalvik/1.6.0 (Linux; U; Android 4.4.2; iris X1 Grand Build/X1Grand)'),(1196,'$pbkdf2-sha256$200$OkfIOce41zrHmDMmRKjVeg$JzJEX/ssnx1REamRwXhr/y.5QilPttHmYHiTgRvMDUg1466360217',1,21,'2016-06-19 18:16:57',NULL,'192.168.43.1',0,'Dalvik/1.6.0 (Linux; U; Android 4.4.2; iris X1 Grand Build/X1Grand)'),(1197,'$pbkdf2-sha256$200$pxTCuBdCaI1xjtF6rxVirA$MCVHQu1Ha/MFNe0dEcyShtD3RmXNYCgA3GOMH9BLE6A1466361188',1,17,'2016-06-19 18:33:08',NULL,'192.168.43.1',0,'Dalvik/1.6.0 (Linux; U; Android 4.4.2; iris X1 Grand Build/X1Grand)'),(1198,'$pbkdf2-sha256$200$JETo/f9/T6mVsjbG2Pvfuw$QOCTe3vHzkVKgchTO/c2ATSBb87WQEAFOXcXRAD77qU1466361413',1,17,'2016-06-19 18:36:53',NULL,'192.168.43.1',0,'Dalvik/1.6.0 (Linux; U; Android 4.4.2; iris X1 Grand Build/X1Grand)'),(1199,'$pbkdf2-sha256$200$HUPo/V8rxRiD0BrjPGfsfQ$474ZsLiDmLIAtM81DjbHFWrskxdOwcYgAU00gA1XYmc1466364258',1,17,'2016-06-19 19:24:18',NULL,'192.168.43.1',0,'Dalvik/1.6.0 (Linux; U; Android 4.4.2; iris X1 Grand Build/X1Grand)'),(1200,'$pbkdf2-sha256$200$oRTCmBNirBWilDImJKQUQg$Y/WezS.RzrmCXfw5WiraeTpnfkV3vgoxkzRaYsipv/01466364962',1,17,'2016-06-19 19:36:02',NULL,'192.168.43.1',0,'Dalvik/1.6.0 (Linux; U; Android 4.4.2; iris X1 Grand Build/X1Grand)'),(1201,'$pbkdf2-sha256$200$kZIS4lzrXSulFILQGsMYQw$zEAye95i6zfRD2wy9o86FjjN5ohxJjH.uus2dMJoH7o1466365221',1,17,'2016-06-19 19:40:21',NULL,'192.168.43.1',0,'Dalvik/1.6.0 (Linux; U; Android 4.4.2; iris X1 Grand Build/X1Grand)'),(1202,'$pbkdf2-sha256$200$N8b439vbW.sdg7DWmlPqnQ$/lML0KdfMDi8N.UwrO0kq57YlKKmUrRHQharIVApiFM1466365404',1,17,'2016-06-19 19:43:24',NULL,'192.168.43.1',0,'Dalvik/1.6.0 (Linux; U; Android 4.4.2; iris X1 Grand Build/X1Grand)'),(1203,'$pbkdf2-sha256$200$o1QKgbB2DqF0zvn/v1cqJQ$gUZtnzmMBYx9vQ86reW7tWNhhgoU7Db3HXUBbAO1W501466446109',1,17,'2016-06-20 18:08:29',NULL,'192.168.43.1',0,'Dalvik/1.6.0 (Linux; U; Android 4.4.2; iris X1 Grand Build/X1Grand)'),(1204,'$pbkdf2-sha256$200$Wct5T.k9hxDCeE/JWauVEg$JPsiITp5bOEbsQmbfXwYt/evJPyOD2MVB9ydaXOydvI1466508555',1,17,'2016-06-21 11:29:15',NULL,'192.168.43.1',0,'Dalvik/1.6.0 (Linux; U; Android 4.4.2; iris X1 Grand Build/X1Grand)'),(1205,'$pbkdf2-sha256$200$Uaq1VooxRgjh/N97TwmhNA$ahBilamn1JnvcO5km2Dn7tNyBqMbU4/C4.AqzAY.Whc1466508949',1,17,'2016-06-21 11:35:49',NULL,'192.168.43.1',0,'Dalvik/1.6.0 (Linux; U; Android 4.4.2; iris X1 Grand Build/X1Grand)'),(1206,'$pbkdf2-sha256$200$dw5BCAFAyHlP6Z3zfs85Zw$WB/AX78fqvklfMQ.kcrgSvZts.p0EsJxYFvv.SqE53Y1466509579',1,17,'2016-06-21 11:46:19',NULL,'192.168.43.1',0,'Dalvik/1.6.0 (Linux; U; Android 4.4.2; iris X1 Grand Build/X1Grand)'),(1207,'$pbkdf2-sha256$200$NqaU8v5fKyXEuDfGuBeCEA$7afThMzL6UgXsh4zB3EtgX.MegZLF9TQz6Ny/DS8qaI1466527670',1,17,'2016-06-21 16:47:50',NULL,'192.168.43.1',0,'Dalvik/1.6.0 (Linux; U; Android 4.4.2; iris X1 Grand Build/X1Grand)'),(1208,'$pbkdf2-sha256$200$Ycw5p5Ry7r23NsYYI0QIQQ$rQZ81Qefft/BZCJ5OuX9CbL6FfU.Naerjnm3Pw0T1Eg1466607296',1,17,'2016-06-22 14:54:56',NULL,'192.168.43.1',0,'Dalvik/1.6.0 (Linux; U; Android 4.4.2; iris X1 Grand Build/X1Grand)'),(1209,'$pbkdf2-sha256$200$NabU.h.j9P4fw1jrfc.Z0w$UgIcrndtPPspBtB8eKBofJzs8m5Hk32XoRGHNm9VCa81466613433',1,17,'2016-06-22 16:37:13',NULL,'192.168.43.1',0,'Dalvik/1.6.0 (Linux; U; Android 4.4.2; iris X1 Grand Build/X1Grand)'),(1210,'$pbkdf2-sha256$200$aE2J8X4PAUDI2XtvLYXQWg$jcQyEzFMqx0ItMSoduUGxpJ.bFytYpuAkVXEmia3bgs1466787238',1,17,'2016-06-24 16:53:58',NULL,'192.168.1.4',0,'Dalvik/1.6.0 (Linux; U; Android 4.4.2; iris X1 Grand Build/X1Grand)'),(1211,'$pbkdf2-sha256$200$RehdK0UIIWQMAWDsvfc.Rw$qG5u0w4Ms1y3Ia0TdyqGU/RNn3P.jNwSKPQ/TdoesCI1466787328',1,17,'2016-06-24 16:55:28',NULL,'192.168.1.4',0,'Dalvik/1.6.0 (Linux; U; Android 4.4.2; iris X1 Grand Build/X1Grand)'),(1212,'$pbkdf2-sha256$200$QAgBQEjpHWPs/d87h/Cesw$aljdS2cIjQQBLzY5tedvkKFujN00bWhh6n2MLqcopCA1466790647',1,21,'2016-06-24 17:50:47',NULL,'192.168.1.4',0,'Dalvik/1.6.0 (Linux; U; Android 4.4.2; iris X1 Grand Build/X1Grand)'),(1213,'$pbkdf2-sha256$200$MyYEQMiZ894bQ8hZqxViTA$I7VzhuKc8nBVBcoPt0nxdoNMFfii0T27sjRXwRrQQRQ1466794079',1,17,'2016-06-24 18:47:59',NULL,'192.168.1.4',0,'Dalvik/1.6.0 (Linux; U; Android 4.4.2; iris X1 Grand Build/X1Grand)'),(1214,'$pbkdf2-sha256$200$KEXonZOyFqIUIiSkVIrxPg$QRoQvWrZDLO0NgM3CsMC75eSHSSa.88DUG0OwImX3MI1466794255',1,17,'2016-06-24 18:50:55',NULL,'192.168.1.4',0,'Dalvik/1.6.0 (Linux; U; Android 4.4.2; iris X1 Grand Build/X1Grand)'),(1215,'$pbkdf2-sha256$200$n7P2fq91TglByDnnHGOMEQ$qzD2Rdh64vsXquWap27OPFwLGhR.HRkYtEr.csZUuIY1466794320',1,21,'2016-06-24 18:52:00',NULL,'192.168.1.4',0,'Dalvik/1.6.0 (Linux; U; Android 4.4.2; iris X1 Grand Build/X1Grand)'),(1216,'$pbkdf2-sha256$200$l7L2XsvZe8/533sPgVCqFQ$6yyBQq.yq.0vokFDolAiGe2MwvEwHgDgkkMubepOCN01466794565',1,17,'2016-06-24 18:56:05',NULL,'192.168.1.4',0,'Dalvik/1.6.0 (Linux; U; Android 4.4.2; iris X1 Grand Build/X1Grand)'),(1217,'$pbkdf2-sha256$200$yPnfm1MKISTkPKfUOgegFA$/DXyhcWe7yxi95PoQ.1SO8sp2wCJ9M4RAWeZMGLQMCc1466794697',1,17,'2016-06-24 18:58:17',NULL,'192.168.1.4',0,'Dalvik/1.6.0 (Linux; U; Android 4.4.2; iris X1 Grand Build/X1Grand)'),(1218,'$pbkdf2-sha256$200$4bzX.h.DkHKOEYKwNqbUeg$hm6iKgU5q2LIGeEP77tegG0nEx9FVB/V4BZnXRyOGDk1466794958',1,17,'2016-06-24 19:02:38',NULL,'192.168.1.4',0,'Dalvik/1.6.0 (Linux; U; Android 4.4.2; iris X1 Grand Build/X1Grand)'),(1219,'$pbkdf2-sha256$200$B2AsZewdI6SU0jqnFOJ8jw$4NNVCpFSEYteqcgtKtMp9jy/42UfGOGboZrjonl/7Ow1466795185',1,17,'2016-06-24 19:06:25',NULL,'192.168.1.4',0,'Dalvik/1.6.0 (Linux; U; Android 4.4.2; iris X1 Grand Build/X1Grand)'),(1220,'$pbkdf2-sha256$200$9j4HwBjjXKuVci7l3DtHCA$y.kUb/rmVsZDKtNPf7RyK2P5m1XmCxpkvdtpdsBlZy01466795307',1,17,'2016-06-24 19:08:27',NULL,'192.168.1.4',0,'Dalvik/1.6.0 (Linux; U; Android 4.4.2; iris X1 Grand Build/X1Grand)'),(1221,'$pbkdf2-sha256$200$cw4BoHTuXQvBuJcyhpBSig$Hq0qkpP0DIhr.bww4Fk.eAj1UcXVoQYQ9VREbItd0nw1466795409',1,17,'2016-06-24 19:10:09',NULL,'192.168.1.4',0,'Dalvik/1.6.0 (Linux; U; Android 4.4.2; iris X1 Grand Build/X1Grand)'),(1222,'$pbkdf2-sha256$200$YmxtLQVAaG2tNab0/r/Xeg$M/i8YdR48RtfCQjgDMbdpOWZgSKSQZLpjZVThnNNVdI1466795514',1,17,'2016-06-24 19:11:54',NULL,'192.168.1.4',0,'Dalvik/1.6.0 (Linux; U; Android 4.4.2; iris X1 Grand Build/X1Grand)'),(1223,'$pbkdf2-sha256$200$ZOz9vxdCiBHCmJOS0jonZA$OD3zaSXPVy.KDv1f/pC6Ro6sF./5/NcywqrJKJSs5yQ1466795626',1,17,'2016-06-24 19:13:46',NULL,'192.168.1.4',0,'Dalvik/1.6.0 (Linux; U; Android 4.4.2; iris X1 Grand Build/X1Grand)'),(1224,'$pbkdf2-sha256$200$R8j5P6eUkpLy3vu/V6pV6g$wtyIk4m3j7MZjPhK36NYtPe8pnZDDN.YNPBiD.yE/ZM1466795931',1,17,'2016-06-24 19:18:51',NULL,'192.168.1.4',0,'Dalvik/1.6.0 (Linux; U; Android 4.4.2; iris X1 Grand Build/X1Grand)'),(1225,'$pbkdf2-sha256$200$VkpJae1da6313ts7R6gV4g$.7ebTpF0jyzMNxRMxbbo7tI9XYQdATAFtySvhMvE4yw1466870638',1,17,'2016-06-25 16:03:58',NULL,'192.168.1.4',0,'Mozilla/5.0 (X11; Linux x86_64) AppleWebKit/537.36 (KHTML, like Gecko) Chrome/41.0.2272.101 Safari/537.36'),(1226,'$pbkdf2-sha256$200$I0TIOef8X.s9h/BeK2VMSQ$g/WWIdVxpPD0UN4prcD4xWsAGkQgeOzHUn5ThQflX.Y1466871363',1,17,'2016-06-25 16:16:03',NULL,'192.168.1.2',0,'Dalvik/1.6.0 (Linux; U; Android 4.4.2; iris X1 Grand Build/X1Grand)'),(1227,'$pbkdf2-sha256$200$ujfmfC.FsJZSSolxztn73w$3xp9EYTlndg9b0PW9jypa3MB3FDtt73VDa0gPkvue/81466875814',1,17,'2016-06-25 17:30:14',NULL,'192.168.1.2',0,'Dalvik/1.6.0 (Linux; U; Android 4.4.2; iris X1 Grand Build/X1Grand)'),(1228,'$pbkdf2-sha256$200$EmJMydnbW4uxtnZuLaX0Hg$edlFXffuNSWoje4YJPd9VRbARFYZ0YwStivrgoxx5MM1466877871',1,17,'2016-06-25 18:04:31',NULL,'192.168.1.2',0,'Dalvik/1.6.0 (Linux; U; Android 4.4.2; iris X1 Grand Build/X1Grand)'),(1229,'$pbkdf2-sha256$200$jxEiREipldKa8753jtH6Xw$MIFdaYjok6pZ1RWiUdYXC37wdgmUdm1N4zija4phfW81466878206',1,17,'2016-06-25 18:10:06',NULL,'192.168.1.2',0,'Dalvik/1.6.0 (Linux; U; Android 4.4.2; iris X1 Grand Build/X1Grand)'),(1230,'$pbkdf2-sha256$200$z3nPuXeOsZbS.p9zLkUIIQ$/wiNG.q2Hg.5zjQa6Rmsj.qedwdgKRgsgpCt84gyx881466878757',1,17,'2016-06-25 18:19:17',NULL,'192.168.1.2',0,'Dalvik/1.6.0 (Linux; U; Android 4.4.2; iris X1 Grand Build/X1Grand)'),(1231,'$pbkdf2-sha256$200$zfmfk9Kas3aOEaJ0rvVeKw$1mGKIB9h.2BffVKZCJcR62GB2J.bi2zXmj7yt1QKIqo1466879438',1,17,'2016-06-25 18:30:38',NULL,'192.168.1.2',0,'Dalvik/1.6.0 (Linux; U; Android 4.4.2; iris X1 Grand Build/X1Grand)'),(1232,'$pbkdf2-sha256$200$SMn5P2fsfc9Z672XMuZ8zw$6meKo2l8qc/Smh29zu6DbqkHUcx78b2C0d7tvuhbde81466880512',1,17,'2016-06-25 18:48:32',NULL,'192.168.1.2',0,'Dalvik/1.6.0 (Linux; U; Android 4.4.2; iris X1 Grand Build/X1Grand)'),(1233,'$pbkdf2-sha256$200$n/M.hzDGWGtNKWVMaW3NeQ$slkgYo7rhpCSqxidvwStdjO1m9EwMs5SPvKCRAlt7eg1466882736',1,17,'2016-06-25 19:25:36',NULL,'192.168.1.2',0,'Dalvik/1.6.0 (Linux; U; Android 4.4.2; iris X1 Grand Build/X1Grand)'),(1234,'$pbkdf2-sha256$200$NOacEyKkdA4hxJjzXksJQQ$LG4m0Tpa/AdcKx/TqVX9bs79iYZ2qh7zb5RmMmMQIKg1466885421',1,17,'2016-06-25 20:10:21',NULL,'192.168.1.2',0,'Dalvik/1.6.0 (Linux; U; Android 4.4.2; iris X1 Grand Build/X1Grand)'),(1235,'$pbkdf2-sha256$200$837P2buXkpKy1rqXUorxXg$D6BFXGlirGJ6uYMXdBorFZZbNyjGsPc0CM1WhQ1ykME1466885593',1,17,'2016-06-25 20:13:13',NULL,'192.168.1.2',0,'Dalvik/1.6.0 (Linux; U; Android 4.4.2; iris X1 Grand Build/X1Grand)'),(1236,'$pbkdf2-sha256$200$fw/hHONcq3UOgVAKIUToXQ$tOa2kGVdjpDf54U8wMTj/lbGFKI4KMNVG7xg7.536NE1466886052',1,17,'2016-06-25 20:20:52',NULL,'192.168.1.2',0,'Dalvik/1.6.0 (Linux; U; Android 4.4.2; iris X1 Grand Build/X1Grand)'),(1237,'$pbkdf2-sha256$200$GiPkfA9ByBkj5DxHKEUoZQ$bmpvxM5lchFl5Zr5xLHOYUw1kwwn7lg/cjVkessegGg1466887986',1,17,'2016-06-25 20:53:06',NULL,'192.168.1.2',0,'Dalvik/1.6.0 (Linux; U; Android 4.4.2; iris X1 Grand Build/X1Grand)'),(1238,'$pbkdf2-sha256$200$G.M8pzRmbG1NSanVWgvBGA$Lg3cH3IDJP2IxKngH.W3PWtInV8PBUoUURIqqljEyXs1466888263',1,17,'2016-06-25 20:57:43',NULL,'192.168.1.2',0,'Dalvik/1.6.0 (Linux; U; Android 4.4.2; iris X1 Grand Build/X1Grand)'),(1239,'$pbkdf2-sha256$200$qTWmtLYWgtDaO0eIsRbi/A$2V8ax.DikVTHKgmF7wO7x8Do5XkZDymTs/Pc2dfJSYk1466888381',1,17,'2016-06-25 20:59:41',NULL,'192.168.1.2',0,'Dalvik/1.6.0 (Linux; U; Android 4.4.2; iris X1 Grand Build/X1Grand)'),(1240,'$pbkdf2-sha256$200$DWGsNYYwplTKmXMOASCEUA$7gzhVk/qJu4jVMgrUtQUN8ENBd.D5v8WVz5kkIcIMSU1466891465',1,17,'2016-06-25 21:51:05',NULL,'192.168.1.2',0,'Dalvik/1.6.0 (Linux; U; Android 4.4.2; iris X1 Grand Build/X1Grand)'),(1241,'$pbkdf2-sha256$200$pjQmpBSilPK.9/4/R.j93w$E2tI95ZespslsTqfQGmuWV9Og9h0oLZYvjCN.rBpruE1466891871',1,17,'2016-06-25 21:57:51',NULL,'192.168.1.2',0,'Dalvik/1.6.0 (Linux; U; Android 4.4.2; iris X1 Grand Build/X1Grand)'),(1242,'$pbkdf2-sha256$200$EIKQMqb0PidEqLV2zhmDEA$iqvwuk1.evDVa7hkIcFnerkRhULLUn72KFJW/cCS3UE1466891974',1,17,'2016-06-25 21:59:34',NULL,'192.168.1.2',0,'Dalvik/1.6.0 (Linux; U; Android 4.4.2; iris X1 Grand Build/X1Grand)'),(1243,'$pbkdf2-sha256$200$AiBEaM2Zc.5dy3lPaW2NEQ$e97Fj250cP1mHrQGvHRcJJbsp8n4ml4qYm/vyF.9mrg1466892612',1,17,'2016-06-25 22:10:12',NULL,'192.168.1.2',0,'Dalvik/1.6.0 (Linux; U; Android 4.4.2; iris X1 Grand Build/X1Grand)'),(1244,'$pbkdf2-sha256$200$QmgNAUAIoXSOMYbwPocQog$eBcraaJVH3dB0QKXSM9fhTxYkk1T2bQv838gCKl87bI1466892722',1,17,'2016-06-25 22:12:02',NULL,'192.168.1.2',0,'Dalvik/1.6.0 (Linux; U; Android 4.4.2; iris X1 Grand Build/X1Grand)'),(1245,'$pbkdf2-sha256$200$ZyzFmDMmhLD2/v9fSyklpA$tYVTUZykSS3Ss19tWykVNdNwY5n4XuAcDDZcoeOvY4I1467071985',1,21,'2016-06-27 23:59:45',NULL,'192.168.1.4',0,'Mozilla/5.0 (X11; Linux x86_64) AppleWebKit/537.36 (KHTML, like Gecko) Chrome/41.0.2272.101 Safari/537.36'),(1246,'$pbkdf2-sha256$200$1Lp3rnXufW/NGYOQ8n5vDQ$AEsp..PZOUUekvPGFdxI1RrBD0SAClvG9Uib1GFnEQY1467072392',1,21,'2016-06-28 00:06:32',NULL,'192.168.1.3',0,'Dalvik/1.6.0 (Linux; U; Android 4.4.2; iris X1 Grand Build/X1Grand)'),(1247,'$pbkdf2-sha256$200$rDWm1JoTwljLOWdsrTXmHA$62kxNNiBlC8LQmXrchzyZsMxAptiGL/ltSDKmhp2jTo1467073931',1,21,'2016-06-28 00:32:11',NULL,'192.168.1.3',0,'Dalvik/1.6.0 (Linux; U; Android 4.4.2; iris X1 Grand Build/X1Grand)'),(1248,'$pbkdf2-sha256$200$eM95770XYkxJiTGmNGbsvQ$CICoevy54wTpZjCH0iG8leJF9JT3XJ3hNPL7bXcFhdE1467074334',1,17,'2016-06-28 00:38:54',NULL,'192.168.1.3',0,'Dalvik/1.6.0 (Linux; U; Android 4.4.2; iris X1 Grand Build/X1Grand)'),(1249,'$pbkdf2-sha256$200$SukdY0xp7V0rRSilFCKEEA$AyMuqiLBZZSU3Cmpg4sMpNvYuuPKshOSO1F2kuxWqnU1467074740',1,17,'2016-06-28 00:45:40',NULL,'192.168.1.3',0,'Dalvik/1.6.0 (Linux; U; Android 4.4.2; iris X1 Grand Build/X1Grand)'),(1250,'$pbkdf2-sha256$200$sZYSwngPQch5rzXmXEvpnQ$9xVxE3EzKD9ncnMTDvhh.hAJDW5.W9ZpH8O3SXzS8zU1467075193',1,17,'2016-06-28 00:53:13',NULL,'192.168.1.3',0,'Dalvik/1.6.0 (Linux; U; Android 4.4.2; iris X1 Grand Build/X1Grand)'),(1251,'$pbkdf2-sha256$200$tRYCYCyldO4dQ6jV.l/L2Q$J6rUim39ZMA0xQnyaJP0xPo9Cz9CF38PEhphNJaLyiU1467075396',1,17,'2016-06-28 00:56:36',NULL,'192.168.1.3',0,'Dalvik/1.6.0 (Linux; U; Android 4.4.2; iris X1 Grand Build/X1Grand)'),(1252,'$pbkdf2-sha256$200$stZaC2FsjfHee4/xvvfe2w$8cFITYw1FNag44uUDb9he216sdQOlOz33voTeeZ/fv41467075901',1,17,'2016-06-28 01:05:01',NULL,'192.168.1.3',0,'Dalvik/1.6.0 (Linux; U; Android 4.4.2; iris X1 Grand Build/X1Grand)'),(1253,'$pbkdf2-sha256$200$yPmfM4Ywxth7D2FMaS2FsA$gP0KTBCjQ9SoxoKCUylcK3choBZKhRvPHi3bms8WQcU1467076938',1,17,'2016-06-28 01:22:18',NULL,'192.168.1.3',0,'Dalvik/1.6.0 (Linux; U; Android 4.4.2; iris X1 Grand Build/X1Grand)'),(1254,'$pbkdf2-sha256$200$jHEuhTDmvPeec05pTWktRQ$mLc/g98x8MA2qIB32uUcHtIAKjaHmrao55gUbjfc6jk1467078031',1,21,'2016-06-28 01:40:31',NULL,'192.168.1.2',0,'Dalvik/1.6.0 (Linux; U; Android 4.4.2; iris X1 Grand Build/X1Grand)'),(1255,'$pbkdf2-sha256$200$4pxz7p0z5pyzFiLE.F8rZQ$x7qv.reJJEXx.MvSjNREYOgemrrqhhE3PLhmFb3GPHs1467087166',1,21,'2016-06-28 04:12:46',NULL,'192.168.1.2',0,'Dalvik/1.6.0 (Linux; U; Android 4.4.2; iris X1 Grand Build/X1Grand)'),(1256,'$pbkdf2-sha256$200$O0copbTWmrO29l5LyVnr/Q$IRLLP0oBOx3CPCaGutHNVyh9cP1fKMGTJ4WvzhQxBPU1467088106',1,21,'2016-06-28 04:28:26',NULL,'192.168.1.2',0,'Dalvik/1.6.0 (Linux; U; Android 4.4.2; iris X1 Grand Build/X1Grand)'),(1257,'$pbkdf2-sha256$200$tNZ6rzUG4Pzfew/hvNf6nw$igjzZl.q4P3.omkb/xNRq6gbmUjr8KrhFfcjwtDJTfs1467088389',1,21,'2016-06-28 04:33:09',NULL,'192.168.1.2',0,'Dalvik/1.6.0 (Linux; U; Android 4.4.2; iris X1 Grand Build/X1Grand)'),(1258,'$pbkdf2-sha256$200$D6EU4nzvfS8lZEyJMWZMKQ$JSosyMkRNCWFTj2yJvv4bGM3i/fZbk4F.z9Z8HbT6Yk1467100824',1,21,'2016-06-28 08:00:24',NULL,'192.168.1.2',0,'Dalvik/1.6.0 (Linux; U; Android 4.4.2; iris X1 Grand Build/X1Grand)'),(1259,'$pbkdf2-sha256$200$phTCuHcOgfA.x9gbQ4gx5g$00NoThAp2adJOdJ5HbX.0YV3nUhpn2scohUuvka0tXY1467161662',1,21,'2016-06-29 00:54:22',NULL,'192.168.1.2',0,'Dalvik/1.6.0 (Linux; U; Android 4.4.2; iris X1 Grand Build/X1Grand)'),(1260,'$pbkdf2-sha256$200$UGoNAQAA4JzTeg8hxHhvjQ$uvKf5gMIvSyS3owYBXH4tzWrSigiYNDoBrmvvEBJR/s1467163632',1,21,'2016-06-29 01:27:12',NULL,'192.168.1.2',0,'Dalvik/1.6.0 (Linux; U; Android 4.4.2; iris X1 Grand Build/X1Grand)'),(1261,'$pbkdf2-sha256$200$AABgjNG6l9J6b.3du/feuw$qbfouM46Gk17JEZhODOUI5Hoz6QkHZiVFgWXU2jOMWA1467164704',1,17,'2016-06-29 01:45:04',NULL,'192.168.1.2',0,'Dalvik/1.6.0 (Linux; U; Android 4.4.2; iris X1 Grand Build/X1Grand)'),(1262,'$pbkdf2-sha256$200$qJWyltL6f681JoRwLsWYkw$P5bGXCiAIQuCao4A5hHSEEFv9wfrXu5cG3VjeK/CKyM1467242812',1,17,'2016-06-29 23:26:52',NULL,'192.168.1.4',0,'Dalvik/1.6.0 (Linux; U; Android 4.4.2; iris X1 Grand Build/X1Grand)'),(1263,'$pbkdf2-sha256$200$CQFAqPW.N2bM2RvDeK.VMg$ac2bW8UXv/3sZZcumW83BK8pR99yz/.mT36mpE9I73s1467243078',1,17,'2016-06-29 23:31:18',NULL,'192.168.1.4',0,'Dalvik/1.6.0 (Linux; U; Android 4.4.2; iris X1 Grand Build/X1Grand)'),(1264,'$pbkdf2-sha256$200$0XrvHUMoxZjzHsMY49z7Pw$MJXh9MQ3zpNYef9Uv4GASVDy9dbEx5KzF0BwdcEbiOw1467243538',1,17,'2016-06-29 23:38:58',NULL,'192.168.1.4',0,'Dalvik/1.6.0 (Linux; U; Android 4.4.2; iris X1 Grand Build/X1Grand)'),(1265,'$pbkdf2-sha256$200$G8OY816rde4dw9g7J.Sckw$BRq/7GzS1KBw4T5nnccFWX4V24AquLZmnrqKsB6mxZI1467243940',1,21,'2016-06-29 23:45:40',NULL,'192.168.1.4',0,'Dalvik/1.6.0 (Linux; U; Android 4.4.2; iris X1 Grand Build/X1Grand)'),(1266,'$pbkdf2-sha256$200$szYGQEgJ4RzDGENorbUWwg$hj4dD01I7hPG/Hw/XcQSelCvIC5nveP8qzXXLq3Qgz81467244329',1,17,'2016-06-29 23:52:09',NULL,'192.168.1.4',0,'Dalvik/1.6.0 (Linux; U; Android 4.4.2; iris X1 Grand Build/X1Grand)'),(1267,'$pbkdf2-sha256$200$710rBaC0du5dC6HUeo.RMg$3tJQUawlZg0bLSVdSxQ34qy/PKkcx95MICGxmbTWzdk1467245589',1,21,'2016-06-30 00:13:09',NULL,'192.168.1.2',0,'Dalvik/1.6.0 (Linux; U; Android 4.4.2; iris X1 Grand Build/X1Grand)'),(1268,'$pbkdf2-sha256$200$7R1jTEmJcW4tZayVslbqHQ$WOJ2slloBdkbNlyPr7mYQIdScEEDk256Tk98HbfeKp01467329924',1,17,'2016-06-30 23:38:44',NULL,'192.168.1.2',0,'Mozilla/5.0 (X11; Linux x86_64) AppleWebKit/537.36 (KHTML, like Gecko) Chrome/41.0.2272.101 Safari/537.36'),(1269,'$pbkdf2-sha256$200$NIbw/t87Z2ytFQJgrNWa0w$lLi2l/6kMIGLRqPqVslVO0uiESznXVAhv3ZudJa695U1467447094',1,17,'2016-07-02 08:11:34',NULL,'192.168.1.3',0,'Mozilla/5.0 (X11; Linux x86_64) AppleWebKit/537.36 (KHTML, like Gecko) Chrome/41.0.2272.101 Safari/537.36'),(1270,'$pbkdf2-sha256$200$bm1NaW3NGQNgTKn1XgsBoA$dlJ843MbGiZzyW7k6IQECZBlNluDjb8owWlgw1SZByE1467560561',1,17,'2016-07-03 15:42:41',NULL,'192.168.1.4',0,'Mozilla/5.0 (X11; Linux x86_64) AppleWebKit/537.36 (KHTML, like Gecko) Chrome/41.0.2272.101 Safari/537.36'),(1271,'$pbkdf2-sha256$200$oPTeuxfCGKMUonTuvfe.9w$eAFRmF26BTSNhQ.DgWI7Nax9TWXw3hOKKxl1Ha.sjiU1467561090',1,17,'2016-07-03 15:51:30',NULL,'192.168.1.2',0,'Mozilla/5.0 (X11; Linux x86_64) AppleWebKit/537.36 (KHTML, like Gecko) Chrome/41.0.2272.101 Safari/537.36'),(1272,'$pbkdf2-sha256$200$gtB6jzGmVCpFyHnPWWtNKQ$EH7V8xnwVBJRxnc/aNhPWLAym5gqR7U8/nmxbFYTTMs1467567661',1,17,'2016-07-03 17:41:01',NULL,'192.168.1.2',0,'Mozilla/5.0 (X11; Linux x86_64) AppleWebKit/537.36 (KHTML, like Gecko) Chrome/41.0.2272.101 Safari/537.36'),(1273,'$pbkdf2-sha256$200$2Ntb6x1jTGktBYDwPud8Tw$Nz6kA9k5cWQE.H0D1bFq6cyViCD.73X7ROpILMXL7dQ1467629847',1,17,'2016-07-04 10:57:27',NULL,'192.168.1.3',0,'Mozilla/5.0 (X11; Linux x86_64) AppleWebKit/537.36 (KHTML, like Gecko) Chrome/41.0.2272.101 Safari/537.36'),(1274,'$pbkdf2-sha256$200$ZgxB6B0jxJhTSmntvVcqhQ$qu7iuJrYgbt6d6TZw55SGRB6Fi4K.yGXICnWO42mmWM1467630076',1,18,'2016-07-04 11:01:16',NULL,'192.168.1.3',0,'Mozilla/5.0 (X11; Linux x86_64) AppleWebKit/537.36 (KHTML, like Gecko) Chrome/41.0.2272.101 Safari/537.36'),(1275,'$pbkdf2-sha256$200$R0gJoTQG4NxbSwnhnPM.xw$fEBaLYC0UD4otyvfhdFCZhvVP4h3uv3VSyHf39u70po1467653043',1,17,'2016-07-04 17:24:03',NULL,'192.168.1.3',0,'Mozilla/5.0 (X11; Linux x86_64) AppleWebKit/537.36 (KHTML, like Gecko) Chrome/41.0.2272.101 Safari/537.36'),(1276,'$pbkdf2-sha256$200$wZhT6l0L4VzLOUeIESKkFA$67tshf/hJrTaUzzxR/A6I9rMOG78QoTHuT7Lo2a31Vo1467655073',1,18,'2016-07-04 17:57:53',NULL,'192.168.1.3',0,'Mozilla/5.0 (X11; Linux x86_64) AppleWebKit/537.36 (KHTML, like Gecko) Chrome/41.0.2272.101 Safari/537.36'),(1277,'$pbkdf2-sha256$200$oxTiPCcEoHQOwTiHsHaOsQ$x9jYQSyTjxiRfkZGp.CovBwJdIcINwBmqIQGEIfZv281467655098',1,21,'2016-07-04 17:58:18',NULL,'192.168.1.3',0,'Mozilla/5.0 (X11; Linux x86_64) AppleWebKit/537.36 (KHTML, like Gecko) Chrome/41.0.2272.101 Safari/537.36'),(1278,'$pbkdf2-sha256$200$QgiBkBKiFEKIce4dQyiF8A$JQZPWuFi8AVmAoRJbv0BTV0hAsaH2kcSPvxhNLcWvqk1467655278',1,21,'2016-07-04 18:01:18',NULL,'192.168.1.3',0,'Mozilla/5.0 (X11; Linux x86_64) AppleWebKit/537.36 (KHTML, like Gecko) Chrome/41.0.2272.101 Safari/537.36'),(1279,'$pbkdf2-sha256$200$KWUMYaw1hnAOYWwNAYCQ8g$QJDqYZxl1aJo..sGnSPfZEVuquW22/zG6P.ftm7jRGM1467655788',1,17,'2016-07-04 18:09:48',NULL,'192.168.1.2',0,'Dalvik/1.6.0 (Linux; U; Android 4.4.2; iris X1 Grand Build/X1Grand)'),(1280,'$pbkdf2-sha256$200$cQ4BgJBy7v0fg/AewzhHqA$zj7507iPDcZsDw3wxMUQ/RhpX79ZTbnZtCpTAjGLhCM1467658898',1,17,'2016-07-04 19:01:38',NULL,'192.168.1.3',0,'Mozilla/5.0 (X11; Linux x86_64) AppleWebKit/537.36 (KHTML, like Gecko) Chrome/41.0.2272.101 Safari/537.36'),(1281,'$pbkdf2-sha256$200$GKO01nrvXSsFgBAiREiJ8Q$6ftAbXVwkZKLYcNKlieN1FcR3iNrJi4FTtOHv5.B.BU1467665600',1,18,'2016-07-04 20:53:20',NULL,'192.168.1.3',0,'Mozilla/5.0 (X11; Linux x86_64) AppleWebKit/537.36 (KHTML, like Gecko) Chrome/41.0.2272.101 Safari/537.36'),(1282,'$pbkdf2-sha256$200$EUJoDYHw/h9DCKE0BmDsPQ$VPl4wSOPZU2cbn4zHRlO4yu8QXAxjy.jYSbWGKkS9Os1467666290',1,21,'2016-07-04 21:04:50',NULL,'192.168.1.3',0,'Mozilla/5.0 (X11; Ubuntu; Linux x86_64; rv:41.0) Gecko/20100101 Firefox/41.0'),(1283,'$pbkdf2-sha256$200$e49xrjVGyBkjpBQihJDSWg$IRu.W1xmKjLBw0r9fIdi6c.A.JkId96g8ZKGDsQLQTY1467677181',1,17,'2016-07-05 00:06:21',NULL,'192.168.1.2',0,'Mozilla/5.0 (X11; Linux x86_64) AppleWebKit/537.36 (KHTML, like Gecko) Chrome/41.0.2272.101 Safari/537.36'),(1284,'$pbkdf2-sha256$200$NQYAoBSitLY2BgCAUOo9pw$t2dR8JHHNEgVVfQcH/IrmPtrhREAw3ABORqpHraxM581467705164',1,21,'2016-07-05 07:52:44',NULL,'192.168.1.2',0,'Mozilla/5.0 (X11; Ubuntu; Linux x86_64; rv:41.0) Gecko/20100101 Firefox/41.0'),(1285,'$pbkdf2-sha256$200$LcWYs3ZOyflfS2kNoVRq7Q$eyKbtLFIfFhfCReevvXoCRqJzFXdDY9MJlZKU3Owtyo1467766236',1,17,'2016-07-06 00:50:36',NULL,'192.168.1.3',0,'Mozilla/5.0 (X11; Linux x86_64) AppleWebKit/537.36 (KHTML, like Gecko) Chrome/41.0.2272.101 Safari/537.36'),(1286,'$pbkdf2-sha256$200$hnDOmbMWwtgbA8B4r5VyLg$Lu/E2Ov3MX3dK8KM.ztC8bawUThoKWupIdu8v0ZqK5w1467850854',1,18,'2016-07-07 00:20:54',NULL,'192.168.1.3',0,'Mozilla/5.0 (X11; Ubuntu; Linux x86_64; rv:41.0) Gecko/20100101 Firefox/41.0'),(1287,'$pbkdf2-sha256$200$Xqt1TgkhxFhLaW0NQeidcw$ns6Vdet1dxLAf0/94htYd0BxVpGpzrHH8ssA6vvYzuc1467851888',1,21,'2016-07-07 00:38:08',NULL,'192.168.1.3',0,'Mozilla/5.0 (X11; Ubuntu; Linux x86_64; rv:41.0) Gecko/20100101 Firefox/41.0'),(1288,'$pbkdf2-sha256$200$CkEo5Zwzxvj/n/N.b00pRQ$vqXOzpYA.hXyTx.oaxWKFZlFMruqvctGZsQm80Rs6z41467852820',1,17,'2016-07-07 00:53:40',NULL,'192.168.1.3',0,'Mozilla/5.0 (X11; Linux x86_64) AppleWebKit/537.36 (KHTML, like Gecko) Chrome/41.0.2272.101 Safari/537.36'),(1289,'$pbkdf2-sha256$200$DoHQek/JGSOkdA4hpFQqJQ$rdrLpBNI0SmsrgrOyjU0clVx/bSvyBkWSId6fWxObtk1467933371',1,17,'2016-07-07 23:16:11',NULL,'192.168.1.4',0,'Mozilla/5.0 (X11; Linux x86_64) AppleWebKit/537.36 (KHTML, like Gecko) Chrome/41.0.2272.101 Safari/537.36'),(1290,'$pbkdf2-sha256$200$TQmBEGJMSclZq3VO6f0/hw$LAhyE.zcwO/q65hdMT5hGPkuZDRGDaUndGb/bqjDXsY1467934535',1,17,'2016-07-07 23:35:35',NULL,'192.168.1.2',0,'Mozilla/5.0 (X11; Linux x86_64) AppleWebKit/537.36 (KHTML, like Gecko) Chrome/41.0.2272.101 Safari/537.36'),(1291,'$pbkdf2-sha256$200$PGdsbc35v9e6957z3ttbyw$mcecGDgmPBz0doQrYbfFOQ3hlfXGVjXJU0YbQOmcUo81467934966',1,18,'2016-07-07 23:42:46',NULL,'192.168.1.5',0,'Mozilla/5.0 (Windows NT 6.3; WOW64) AppleWebKit/537.36 (KHTML, like Gecko) Chrome/50.0.2661.102 Safari/537.36'),(1292,'$pbkdf2-sha256$200$T4lRipHSujdmrPVey/mfUw$85WFZaPdtefmGaz0MB9sOtn5WDXeC9mttjLDHknhnLc1468023158',1,17,'2016-07-09 00:12:38',NULL,'192.168.1.3',0,'Mozilla/5.0 (X11; Linux x86_64) AppleWebKit/537.36 (KHTML, like Gecko) Chrome/41.0.2272.101 Safari/537.36'),(1293,'$pbkdf2-sha256$200$y/n/H.Mc4/y/V.pd633PuQ$aflOTUy9nJEF1Q2T2YVZVtJLM/YTOm2yRJ4JK0Hke5w1468023289',1,17,'2016-07-09 00:14:49',NULL,'192.168.1.3',0,'Mozilla/5.0 (X11; Linux x86_64) AppleWebKit/537.36 (KHTML, like Gecko) Chrome/41.0.2272.101 Safari/537.36'),(1294,'$pbkdf2-sha256$200$R8g5R4jxHoMwhvBeC0FI6Q$N8B09TsghpWiIXb/S25Ju7wz/py25rlBNbL1Hj/h0Sc1468023792',1,21,'2016-07-09 00:23:12',NULL,'192.168.1.3',0,'Mozilla/5.0 (X11; Ubuntu; Linux x86_64; rv:41.0) Gecko/20100101 Firefox/41.0'),(1295,'$pbkdf2-sha256$200$6B1jDCHk3DtnjHGuVYoRYg$ccSOJjII.Yj.igjSfRlror6eHrgVwVuLNUornDSQdzY1468046632',1,17,'2016-07-09 06:43:52',NULL,'192.168.1.2',0,'Mozilla/5.0 (X11; Linux x86_64) AppleWebKit/537.36 (KHTML, like Gecko) Chrome/41.0.2272.101 Safari/537.36'),(1296,'$pbkdf2-sha256$200$thZCaA1hTGkNYSxFSOm9Vw$bGg1E4VBJOU2BIDEsPkXhdNocR5z2sMKnzG01v7IWms1468046959',1,21,'2016-07-09 06:49:19',NULL,'192.168.1.2',0,'Mozilla/5.0 (X11; Ubuntu; Linux x86_64; rv:41.0) Gecko/20100101 Firefox/41.0'),(1297,'$pbkdf2-sha256$200$HSPkHEMIQYjRGuNci3EOYQ$iD2/izdkX2ZvF3/C4yFSmK6wk7CsXLgDsnD6Gf4ONS01468047471',1,17,'2016-07-09 06:57:51',NULL,'192.168.1.2',0,'Mozilla/5.0 (X11; Linux x86_64) AppleWebKit/537.36 (KHTML, like Gecko) Chrome/41.0.2272.101 Safari/537.36'),(1298,'$pbkdf2-sha256$200$PAeAUAohJARA6N17T8n5Hw$kDUx3CCS1AvHD26EEnuirwcUb1nzZ8w7ZWXWMAY0.rQ1468089982',1,18,'2016-07-09 18:46:22',NULL,'192.168.1.5',0,'Mozilla/5.0 (Windows NT 6.3; WOW64) AppleWebKit/537.36 (KHTML, like Gecko) Chrome/50.0.2661.102 Safari/537.36'),(1299,'$pbkdf2-sha256$200$hVAqZQzhvBdizJkTIiSE8A$F5vnDSIoXZA80p0JeYhnGmHcuclGWx7vUt7.zL/0zQ41468095242',1,17,'2016-07-09 20:14:02',NULL,'192.168.1.5',0,'Mozilla/5.0 (Windows NT 6.3; WOW64) AppleWebKit/537.36 (KHTML, like Gecko) Chrome/50.0.2661.102 Safari/537.36'),(1300,'$pbkdf2-sha256$200$e8.5d.691xrjXOsdY6zVGg$2ND8hFSmwVqe9IadR2icFygq.Q8K2QKeNDzVjDUMFuw1468283925',1,21,'2016-07-12 00:38:45',NULL,'192.168.1.3',0,'Mozilla/5.0 (X11; Ubuntu; Linux x86_64; rv:41.0) Gecko/20100101 Firefox/41.0'),(1301,'$pbkdf2-sha256$200$pjRmDEEoZWzNOcd4793bOw$PzxknJtUmApUm4Dd4qZBzqQFzImG4uUy9X//o61uOa01468300821',1,21,'2016-07-12 05:20:21',NULL,'192.168.1.3',0,'Mozilla/5.0 (X11; Ubuntu; Linux x86_64; rv:41.0) Gecko/20100101 Firefox/41.0'),(1302,'$pbkdf2-sha256$200$TUlJqXXOOUeodW6NkdIaAw$Uem4TI3JMVDjuJ8A4Uo8XSixIn08eZjhMeXTiSk92mM1468301540',1,17,'2016-07-12 05:32:20',NULL,'192.168.1.3',0,'Mozilla/5.0 (X11; Linux x86_64) AppleWebKit/537.36 (KHTML, like Gecko) Chrome/41.0.2272.101 Safari/537.36'),(1303,'$pbkdf2-sha256$200$kJKSslaKMWbsnbOW8t77Hw$UGqLs9iVyUIOq.RdZwhL4LvmP9Y9FyLfZGc.OybMFKk1468538849',1,17,'2016-07-14 23:27:29',NULL,'192.168.1.2',0,'Mozilla/5.0 (X11; Linux x86_64) AppleWebKit/537.36 (KHTML, like Gecko) Chrome/41.0.2272.101 Safari/537.36'),(1304,'$pbkdf2-sha256$200$RghhzHlvzdl7rzUGIIQwhg$tSZn296rVf0BwA81GMZCfuc/HTUpDLnYd2Ete82EiKs1468543026',1,17,'2016-07-15 00:37:06',NULL,'192.168.1.2',0,'Mozilla/5.0 (X11; Linux x86_64) AppleWebKit/537.36 (KHTML, like Gecko) Chrome/41.0.2272.101 Safari/537.36'),(1305,'$pbkdf2-sha256$200$rJVyLoXQ2lurFSJECCHEeA$uQoWb1CM477WZo.mWcJmEqm3N.Z/BIKfvTi92YpUFVA1468543037',1,17,'2016-07-15 00:37:17',NULL,'192.168.1.2',0,'Mozilla/5.0 (X11; Linux x86_64) AppleWebKit/537.36 (KHTML, like Gecko) Chrome/41.0.2272.101 Safari/537.36'),(1306,'$pbkdf2-sha256$200$BOD8/9/bOweAkBIihBBibA$Tu1y7ELyEcq1lIk5KwfobydD2SCPDnUPiYa0V3OYqM41468543069',1,17,'2016-07-15 00:37:49',NULL,'192.168.1.2',0,'Mozilla/5.0 (X11; Linux x86_64) AppleWebKit/537.36 (KHTML, like Gecko) Chrome/41.0.2272.101 Safari/537.36'),(1307,'$pbkdf2-sha256$200$sbaWUuodQ4jRGkMIQSglhA$YZN8Bfz3JlmvQxGwCy8vOZFHaCc7lRV14llhVqpgRBg1468543110',1,17,'2016-07-15 00:38:30',NULL,'192.168.1.2',0,'Mozilla/5.0 (X11; Linux x86_64) AppleWebKit/537.36 (KHTML, like Gecko) Chrome/41.0.2272.101 Safari/537.36'),(1308,'$pbkdf2-sha256$200$OGcMwfhfy5mz9l6r1ZqT8g$uL26SNnPHRAEaNRXfaEJz9QI1ifTpbqZ.B1usd67He41468543246',1,17,'2016-07-15 00:40:46',NULL,'192.168.1.2',0,'Mozilla/5.0 (X11; Linux x86_64) AppleWebKit/537.36 (KHTML, like Gecko) Chrome/41.0.2272.101 Safari/537.36'),(1309,'$pbkdf2-sha256$200$hVCqdY7R2pszhjAmRAhBKA$PrsTFsaHqmb.lpTK5tyJiD9ix9aO6SvDul91Rllb3qk1468543370',1,21,'2016-07-15 00:42:50',NULL,'192.168.1.2',0,'Mozilla/5.0 (X11; Linux x86_64) AppleWebKit/537.36 (KHTML, like Gecko) Chrome/41.0.2272.101 Safari/537.36'),(1310,'$pbkdf2-sha256$200$nDPmXKt1LuXc.1/r/b.3Fg$eZVIMK6c.4gCRN9TLQPAWNUrzHkwVgntMq9Ug6Tkwpk1468543394',1,17,'2016-07-15 00:43:14',NULL,'192.168.1.2',0,'Mozilla/5.0 (X11; Linux x86_64) AppleWebKit/537.36 (KHTML, like Gecko) Chrome/41.0.2272.101 Safari/537.36'),(1311,'$pbkdf2-sha256$200$1nrPWcs5xxjj3BvDWCvl3A$519HMad/9EdEiJbeDB2gqMiv2V1D5HNBQIpyPEIc3aM1468543668',1,17,'2016-07-15 00:47:48',NULL,'192.168.1.2',0,'Mozilla/5.0 (X11; Linux x86_64) AppleWebKit/537.36 (KHTML, like Gecko) Chrome/41.0.2272.101 Safari/537.36'),(1312,'$pbkdf2-sha256$200$HUPIOQdASAmBsBZiLCVkLA$KmkNr6uCSTTM8mFr7RPtG7fQJCjiUB3E5lrGwsNla9I1468555805',1,17,'2016-07-15 04:10:05',NULL,'192.168.1.2',0,'Mozilla/5.0 (X11; Linux x86_64) AppleWebKit/537.36 (KHTML, like Gecko) Chrome/41.0.2272.101 Safari/537.36'),(1313,'$pbkdf2-sha256$200$wRiDcE5JCcHYG.M8JwTgHA$AQGeY680HmaSXpvp5Jn7or69Cs8F/li7T0fwvOowhpw1468624367',1,17,'2016-07-15 23:12:47',NULL,'192.168.1.4',0,'Mozilla/5.0 (X11; Linux x86_64) AppleWebKit/537.36 (KHTML, like Gecko) Chrome/41.0.2272.101 Safari/537.36'),(1314,'$pbkdf2-sha256$200$NIaQ0lpLCUFozZnz3vufsw$XcMzGXqNAi9q42shXqYBmA3ZukhsfYd92MHpJyDgiHA1468635107',1,17,'2016-07-16 02:11:47',NULL,'192.168.1.2',0,'Mozilla/5.0 (X11; Linux x86_64) AppleWebKit/537.36 (KHTML, like Gecko) Chrome/41.0.2272.101 Safari/537.36'),(1315,'$pbkdf2-sha256$200$0hojJKSU0jpHyJmTci5lbA$.4xUcdrnq70zWhdqTeqDNLuBnJ42y3en4K7YCvl2OAo1468635325',1,17,'2016-07-16 02:15:25',NULL,'192.168.1.2',0,'Mozilla/5.0 (X11; Linux x86_64) AppleWebKit/537.36 (KHTML, like Gecko) Chrome/41.0.2272.101 Safari/537.36'),(1316,'$pbkdf2-sha256$200$ibH2PgfgXGutdS7lfI9Rig$jJY0dV3ydat0pSbnn0TMZPNZ6SkFzITfwEnje6qy04k1468656411',1,21,'2016-07-16 08:06:51',NULL,'192.168.1.2',0,'Mozilla/5.0 (X11; Ubuntu; Linux x86_64; rv:41.0) Gecko/20100101 Firefox/41.0');
/*!40000 ALTER TABLE `Auth_session` ENABLE KEYS */;
UNLOCK TABLES;

--
-- Table structure for table `Auth_user`
--

DROP TABLE IF EXISTS `Auth_user`;
/*!40101 SET @saved_cs_client     = @@character_set_client */;
/*!40101 SET character_set_client = utf8 */;
CREATE TABLE `Auth_user` (
  `id` int(11) NOT NULL AUTO_INCREMENT,
  `firstname` varchar(100) NOT NULL,
  `middlename` varchar(20) NOT NULL,
  `lastname` varchar(100) NOT NULL,
  `displayname` varchar(100) NOT NULL,
  `password` varchar(100) NOT NULL,
  `emailid` varchar(75) NOT NULL,
  `active` tinyint(1) NOT NULL,
  `istest` tinyint(1) NOT NULL,
  `joindate` datetime NOT NULL,
  `sex` varchar(3) NOT NULL,
  `usertype` varchar(4) NOT NULL,
  `mobileno` varchar(12) NOT NULL,
  `userpic` varchar(100) NOT NULL,
  `newuser` tinyint(1) NOT NULL DEFAULT '1',
  PRIMARY KEY (`id`),
  UNIQUE KEY `displayname` (`displayname`),
  UNIQUE KEY `emailid` (`emailid`)
) ENGINE=InnoDB AUTO_INCREMENT=23 DEFAULT CHARSET=latin1;
/*!40101 SET character_set_client = @saved_cs_client */;

--
-- Dumping data for table `Auth_user`
--

LOCK TABLES `Auth_user` WRITE;
/*!40000 ALTER TABLE `Auth_user` DISABLE KEYS */;
INSERT INTO `Auth_user` VALUES (16,'supriyo','','mitra','supmit2k3','$pbkdf2-sha256$200$OidkDAFAiHHOee9da20tRQ$EemwHd/x.vXeUTJQxx8AtkPBLCmxBQNq.2zoCsluK7E','vns_smitra@yahoo.co.in',1,0,'2015-03-25 04:41:19','m','CONS','','profilepic.jpg',0),(17,'Supriyo','','Mitra','supmit','$pbkdf2-sha256$200$lVKqde59j1Hq3VvL.T.nVA$df56yrKjeOaBfBl7rKRgPW5RkYw0/nwA2yNj0dSMpNM','supmit@gmail.com',1,0,'2015-03-30 11:03:39','m','CORP','','profilepic.jpg',0),(18,'code','x','addict','codexaddict','$pbkdf2-sha256$200$5ryXstZaC6E0xhiDMObcew$Yr7.LI./hlypJQXBCLb7ErS6Jp/DUh7LBv6.dJOSREY','codexaddict@gmail.com',1,0,'2015-04-10 16:51:06','u','CONS','','profilepic.jpg',0),(20,'Supriyo','','Mitra','vns_smitra','$pbkdf2-sha256$200$as1Zq7X2HiNEiJHSeo/Rug$PjFPdNu4EQ8kgTq3BRhNpw6jCEAFB6GobPYjKGwira8','supmit13@yahoo.com',1,0,'2015-08-07 18:30:17','u','CONS','','profilepic.gif',0),(21,'Supriyo','','Mitra','smitra','$pbkdf2-sha256$200$ozRGaI0RwpgTYqwV4hwD4A$AK4n24YOD.dSc8wxLg63n5sl/EHo4/FAwu5LOb9JGlI','smitra@dcmds.com',1,0,'2015-12-25 19:56:43','m','CORP','','profilepic.gif',0),(22,'supriyo','','mitra','supmit2k4','$pbkdf2-sha256$200$x5hTKqX0vpeSci6FcO59jw$HGMQxb8tMmKPvHDAzEA1pzLTcvMpzOzgP2MrH2/b6dY','suomit2k3@yahoo.com',0,0,'2016-07-03 17:37:13','m','CONS','9711998528','profilepic.gif',0);
/*!40000 ALTER TABLE `Auth_user` ENABLE KEYS */;
UNLOCK TABLES;

--
-- Table structure for table `Auth_userprivilege`
--

DROP TABLE IF EXISTS `Auth_userprivilege`;
/*!40101 SET @saved_cs_client     = @@character_set_client */;
/*!40101 SET character_set_client = utf8 */;
CREATE TABLE `Auth_userprivilege` (
  `id` int(11) NOT NULL AUTO_INCREMENT,
  `userid_id` int(11) NOT NULL,
  `privilegeid_id` int(11) NOT NULL,
  `lastmod` datetime NOT NULL,
  `status` tinyint(1) NOT NULL,
  PRIMARY KEY (`id`),
  KEY `Auth_userprivilege_e2fd1d24` (`userid_id`),
  KEY `Auth_userprivilege_b05dc53f` (`privilegeid_id`),
  CONSTRAINT `privilegeid_id_refs_id_a9cfb08` FOREIGN KEY (`privilegeid_id`) REFERENCES `Auth_privilege` (`id`),
  CONSTRAINT `userid_id_refs_id_42ace1b3` FOREIGN KEY (`userid_id`) REFERENCES `Auth_user` (`id`)
) ENGINE=InnoDB DEFAULT CHARSET=latin1;
/*!40101 SET character_set_client = @saved_cs_client */;

--
-- Dumping data for table `Auth_userprivilege`
--

LOCK TABLES `Auth_userprivilege` WRITE;
/*!40000 ALTER TABLE `Auth_userprivilege` DISABLE KEYS */;
/*!40000 ALTER TABLE `Auth_userprivilege` ENABLE KEYS */;
UNLOCK TABLES;

--
-- Table structure for table `Network_connection`
--

DROP TABLE IF EXISTS `Network_connection`;
/*!40101 SET @saved_cs_client     = @@character_set_client */;
/*!40101 SET character_set_client = utf8 */;
CREATE TABLE `Network_connection` (
  `id` int(11) NOT NULL AUTO_INCREMENT,
  `focususer_id` int(11) NOT NULL,
  `connectedto_id` int(11) NOT NULL,
  `connectedfrom` datetime DEFAULT NULL,
  `deleted` tinyint(1) DEFAULT '0',
  `blocked` tinyint(1) DEFAULT '0',
  `connectedthru` varchar(200) DEFAULT '',
  PRIMARY KEY (`id`),
  KEY `focususer_id` (`focususer_id`),
  KEY `connectedto_id` (`connectedto_id`),
  CONSTRAINT `Network_connection_ibfk_1` FOREIGN KEY (`focususer_id`) REFERENCES `Auth_user` (`id`),
  CONSTRAINT `Network_connection_ibfk_2` FOREIGN KEY (`connectedto_id`) REFERENCES `Auth_user` (`id`)
) ENGINE=InnoDB AUTO_INCREMENT=31 DEFAULT CHARSET=latin1;
/*!40101 SET character_set_client = @saved_cs_client */;

--
-- Dumping data for table `Network_connection`
--

LOCK TABLES `Network_connection` WRITE;
/*!40000 ALTER TABLE `Network_connection` DISABLE KEYS */;
INSERT INTO `Network_connection` VALUES (19,18,17,'2015-09-05 13:43:12',0,0,''),(20,17,18,'2015-09-05 08:45:40',0,0,''),(21,18,16,'2015-09-05 13:38:45',0,0,''),(22,16,18,'2015-09-07 18:52:57',0,0,''),(23,16,17,'2015-09-05 08:43:28',0,0,''),(24,17,16,'2015-09-05 08:44:57',0,0,''),(25,17,20,'2015-09-04 00:24:01',0,0,''),(26,20,17,'2015-09-05 17:30:30',0,0,''),(27,16,20,'2015-09-05 16:19:48',0,0,''),(28,20,16,'2015-09-05 13:50:27',0,0,''),(29,16,21,'2015-12-28 13:22:59',0,0,''),(30,21,16,'2015-12-28 13:22:59',0,0,'');
/*!40000 ALTER TABLE `Network_connection` ENABLE KEYS */;
UNLOCK TABLES;

--
-- Table structure for table `Network_connectioninvitation`
--

DROP TABLE IF EXISTS `Network_connectioninvitation`;
/*!40101 SET @saved_cs_client     = @@character_set_client */;
/*!40101 SET character_set_client = utf8 */;
CREATE TABLE `Network_connectioninvitation` (
  `id` int(11) NOT NULL AUTO_INCREMENT,
  `fromuser_id` int(11) NOT NULL,
  `touser_id` int(11) NOT NULL,
  `invitationcontent` text,
  `invitationstatus` varchar(10) DEFAULT 'open',
  `invitationdate` datetime DEFAULT NULL,
  PRIMARY KEY (`id`),
  KEY `fromuser_id` (`fromuser_id`),
  KEY `touser_id` (`touser_id`),
  CONSTRAINT `Network_connectioninvitation_ibfk_1` FOREIGN KEY (`fromuser_id`) REFERENCES `Auth_user` (`id`),
  CONSTRAINT `Network_connectioninvitation_ibfk_2` FOREIGN KEY (`touser_id`) REFERENCES `Auth_user` (`id`)
) ENGINE=InnoDB AUTO_INCREMENT=10 DEFAULT CHARSET=latin1;
/*!40101 SET character_set_client = @saved_cs_client */;

--
-- Dumping data for table `Network_connectioninvitation`
--

LOCK TABLES `Network_connectioninvitation` WRITE;
/*!40000 ALTER TABLE `Network_connectioninvitation` DISABLE KEYS */;
INSERT INTO `Network_connectioninvitation` VALUES (1,17,16,'I would like to connect with you on TestYard','accept','2015-07-25 15:41:12'),(2,17,18,'I would like to connect with you on TestYard','accept','2015-07-24 18:48:00'),(3,16,17,'I would like to connect with you on TestYard','refuse','2015-07-24 18:48:28'),(4,16,18,'I would like to connect with you on TestYard','accept','2015-07-24 18:48:41'),(5,20,17,'I would like to connect with you on TestYard','accept','2015-08-07 18:38:29'),(6,20,16,'I would like to connect with you on TestYard','accept','2015-08-07 18:38:54'),(7,21,18,'I would like to connect with you on TestYard','open','2015-12-28 13:21:44'),(8,21,17,'I would like to connect with you on TestYard','open','2015-12-28 13:21:51'),(9,21,16,'I would like to connect with you on TestYard','accept','2015-12-28 13:22:59');
/*!40000 ALTER TABLE `Network_connectioninvitation` ENABLE KEYS */;
UNLOCK TABLES;

--
-- Table structure for table `Network_exchangerates`
--

DROP TABLE IF EXISTS `Network_exchangerates`;
/*!40101 SET @saved_cs_client     = @@character_set_client */;
/*!40101 SET character_set_client = utf8 */;
CREATE TABLE `Network_exchangerates` (
  `id` int(11) NOT NULL AUTO_INCREMENT,
  `curr_from` varchar(4) NOT NULL,
  `curr_to` varchar(4) NOT NULL,
  `conv_rate` varchar(20) NOT NULL,
  `dateofrate` datetime DEFAULT NULL,
  `fetchtime` datetime NOT NULL,
  PRIMARY KEY (`id`)
) ENGINE=InnoDB AUTO_INCREMENT=22 DEFAULT CHARSET=latin1;
/*!40101 SET character_set_client = @saved_cs_client */;

--
-- Dumping data for table `Network_exchangerates`
--

LOCK TABLES `Network_exchangerates` WRITE;
/*!40000 ALTER TABLE `Network_exchangerates` DISABLE KEYS */;
INSERT INTO `Network_exchangerates` VALUES (1,'USD','INR','63.25','2015-07-01 00:00:00','0000-00-00 00:00:00'),(2,'USD','INR','63.6499','2015-07-01 05:16:22','2015-07-01 05:16:22'),(3,'EUR','INR','70.9028','2015-07-01 05:16:23','2015-07-01 05:16:23'),(4,'USD','INR','63.375','2015-07-02 17:02:36','2015-07-02 17:02:36'),(5,'EUR','INR','70.3115','2015-07-02 17:02:37','2015-07-02 17:02:37'),(6,'USD','INR','63.4344','2015-07-03 18:03:14','2015-07-03 18:03:14'),(7,'EUR','INR','70.3881','2015-07-03 18:03:14','2015-07-03 18:03:14'),(8,'USD','INR','63.4174','2015-07-04 07:55:28','2015-07-04 07:55:28'),(9,'EUR','INR','70.4822','2015-07-04 07:55:28','2015-07-04 07:55:28'),(10,'USD','INR','63.4174','2015-07-04 18:48:18','2015-07-04 18:48:18'),(11,'EUR','INR','70.4822','2015-07-04 18:48:19','2015-07-04 18:48:19'),(12,'PLN','INR','16.8152','2015-07-04 18:48:25','2015-07-04 18:48:25'),(13,'USD','INR','63.4705','2015-07-06 09:54:30','2015-07-06 09:54:30'),(14,'EUR','INR','70.1461','2015-07-06 09:54:31','2015-07-06 09:54:31'),(15,'PLN','INR','16.7126','2015-07-06 09:54:32','2015-07-06 09:54:32'),(16,'USD','INR','63.4384','2015-07-13 21:16:43','2015-07-13 21:16:43'),(17,'EUR','INR','69.8153','2015-07-13 21:16:44','2015-07-13 21:16:44'),(18,'PLN','INR','16.8737','2015-07-13 21:16:45','2015-07-13 21:16:45'),(19,'USD','INR','63.6204','2015-07-21 13:29:28','2015-07-21 13:29:28'),(20,'EUR','INR','69.2222','2015-07-21 13:29:30','2015-07-21 13:29:30'),(21,'PLN','INR','16.8042','2015-07-21 13:29:31','2015-07-21 13:29:31');
/*!40000 ALTER TABLE `Network_exchangerates` ENABLE KEYS */;
UNLOCK TABLES;

--
-- Table structure for table `Network_gentlereminder`
--

DROP TABLE IF EXISTS `Network_gentlereminder`;
/*!40101 SET @saved_cs_client     = @@character_set_client */;
/*!40101 SET character_set_client = utf8 */;
CREATE TABLE `Network_gentlereminder` (
  `id` int(11) NOT NULL AUTO_INCREMENT,
  `grpjoinrequest_id` int(11) NOT NULL,
  `reminderdate` datetime DEFAULT NULL,
  PRIMARY KEY (`id`),
  KEY `grpjoinrequest_id` (`grpjoinrequest_id`),
  CONSTRAINT `Network_gentlereminder_ibfk_1` FOREIGN KEY (`grpjoinrequest_id`) REFERENCES `Network_groupjoinrequest` (`id`)
) ENGINE=InnoDB AUTO_INCREMENT=18 DEFAULT CHARSET=latin1;
/*!40101 SET character_set_client = @saved_cs_client */;

--
-- Dumping data for table `Network_gentlereminder`
--

LOCK TABLES `Network_gentlereminder` WRITE;
/*!40000 ALTER TABLE `Network_gentlereminder` DISABLE KEYS */;
INSERT INTO `Network_gentlereminder` VALUES (3,1,'2015-06-16 20:01:16'),(4,18,'2015-06-16 20:01:37'),(5,50,'2015-06-16 20:03:30'),(6,50,'2015-06-16 20:04:37'),(7,50,'2015-06-16 20:12:15'),(8,1,'2015-06-16 20:12:35'),(9,42,'2015-06-16 20:14:08'),(10,23,'2015-06-16 20:14:32'),(11,9,'2015-06-16 20:24:55'),(12,48,'2015-06-16 20:25:17'),(13,50,'2015-06-17 16:57:49'),(14,3,'2015-06-17 17:00:01'),(15,3,'2015-06-17 17:03:35'),(16,50,'2015-06-20 20:26:06'),(17,39,'2016-07-04 11:00:01');
/*!40000 ALTER TABLE `Network_gentlereminder` ENABLE KEYS */;
UNLOCK TABLES;

--
-- Table structure for table `Network_group`
--

DROP TABLE IF EXISTS `Network_group`;
/*!40101 SET @saved_cs_client     = @@character_set_client */;
/*!40101 SET character_set_client = utf8 */;
CREATE TABLE `Network_group` (
  `id` int(11) NOT NULL AUTO_INCREMENT,
  `owner_id` int(11) NOT NULL,
  `groupname` varchar(255) NOT NULL,
  `tagline` text,
  `description` text,
  `memberscount` int(11) DEFAULT '0',
  `maxmemberslimit` int(11) DEFAULT '10000',
  `status` tinyint(1) DEFAULT '1',
  `grouptype` varchar(255) DEFAULT '',
  `creationdate` datetime DEFAULT NULL,
  `allowentry` tinyint(1) DEFAULT '1',
  `groupimagefile` varchar(255) DEFAULT '',
  `basedontopic` varchar(200) DEFAULT '',
  `adminremarks` text,
  `stars` int(11) DEFAULT '0',
  `entrytest_id` int(11) DEFAULT NULL,
  `ispaid` tinyint(1) DEFAULT '0',
  `entryfee` float DEFAULT '0',
  `max_tries_allowed` int(11) NOT NULL,
  `require_owner_permission` tinyint(1) DEFAULT '0',
  `currency` varchar(3) NOT NULL DEFAULT 'INR',
  PRIMARY KEY (`id`),
  KEY `owner_id` (`owner_id`),
  KEY `entrytest_id` (`entrytest_id`),
  CONSTRAINT `Network_group_ibfk_1` FOREIGN KEY (`owner_id`) REFERENCES `Auth_user` (`id`),
  CONSTRAINT `Network_group_ibfk_2` FOREIGN KEY (`entrytest_id`) REFERENCES `Tests_test` (`id`)
) ENGINE=InnoDB AUTO_INCREMENT=28 DEFAULT CHARSET=latin1;
/*!40101 SET character_set_client = @saved_cs_client */;

--
-- Dumping data for table `Network_group`
--

LOCK TABLES `Network_group` WRITE;
/*!40000 ALTER TABLE `Network_group` DISABLE KEYS */;
INSERT INTO `Network_group` VALUES (1,16,'mytest_group','','maxmemberscount\n\nddddddddddddddddddddddddd  d\nddddd\ng\n\n\n\nggggggggggggggggg\'\'',1,10000,1,'','2015-06-23 17:51:25',1,'(2) Home - Quora.png','Customer Service','admin',0,7,0,0,0,0,'INR'),(2,16,'mytest_group2','','maxmemberscount\n\nddddddddddddddddddddddddd  d\nddddd\ng\n\n\n\nggggggggggggggggg\'\'',1,3333,1,'','2015-06-06 19:37:04',1,NULL,'Customer Service','admin',0,4,0,0,0,0,'INR'),(3,16,'Yet_another_group_with_bank_account','','another group with bank account',1,10000,1,'PRIV','2015-06-23 21:41:23',1,'20e23bd0-e98f-11e4-a868-e7f36e773db4_2015-04-22T035324Z_1730201075_GF10000067588.jpg.jpg','Product Development','Some remark',0,4,1,30,0,0,'INR'),(4,17,'test_2','','sddddddddddddddddddddadasda',1,10000,1,'','2015-06-07 08:00:45',1,NULL,'Programming','admin',0,NULL,1,44,0,0,'INR'),(5,17,'test_2','','ddddddddddddddddd',1,10000,1,'','2015-06-07 08:05:58',1,NULL,'Software Testing','admin',0,NULL,1,33,0,0,'INR'),(6,17,'test_e','','sdsdsds',1,100000,1,'PRIV','2015-06-27 18:03:09',1,'Wireframing - Flashcard2-Flashcard3.png','System Administration','Hmmmm.... mmm!!!',0,11,1,35,0,0,'USD'),(7,17,'test_2','','dddddddddd',1,10000,1,'','2015-06-07 08:08:20',1,NULL,'Customer Service','admin',0,NULL,1,33,0,0,'INR'),(8,17,'test_2','','jdskjdksjdksjdksd\n\n\ndskdjskd',1,100000,1,'','2015-06-07 08:10:03',1,NULL,'Business Development','admin',0,NULL,1,20,0,0,'INR'),(9,17,'test_3','','dsddsdsdsdds',1,10000,1,'OPEN','2015-06-23 21:07:20',1,'Golden_Retrievers_dark_and_light.jpg','Software Architecture','Hi admin!!!',0,11,1,30,0,0,'INR'),(10,17,'Test__2','','dasdsdsdsd',1,1000,1,'OPEN','2015-09-05 00:42:26',1,'GCM_Page3.png','Software Testing','Some text as remarks!',0,3,1,46.5,0,1,'INR'),(11,16,'Test_5','','This is a test group. Please do not post \nany comments in it.',1,10000,1,'PRIV','2015-06-24 00:01:54',1,'132f0040-e98f-11e4-a868-e7f36e773db4_2015-04-23T072345Z_1626308737_GF10000069591.jpg','Web Design','Say Hello',0,4,1,40,0,1,'INR'),(12,17,'Test_4','','This is a test group\n\nPost no comments please.',1,10000,1,'','2015-06-07 10:30:19',1,NULL,'Programming','admin',0,3,0,0,0,0,'INR'),(13,17,'Test5','','This is again a test group,\n\nso please post no comments in it.',1,10000,1,'','2015-06-07 10:32:52',1,NULL,'Programming','admin',0,3,1,44,0,0,'INR'),(14,17,'Test_6','This is a new test for testing tagline','Another test test for testing tagline',1,1000000,1,'','2015-09-05 00:29:32',1,'q12.png','Programming','admin',0,NULL,1,10,0,1,'INR'),(15,16,'mygroup1','A test group','Group description',1,10000,1,'PRIV','2015-07-13 09:11:11',1,'132f0040-e98f-11e4-a868-e7f36e773db4_2015-04-23T072345Z_1626308737_GF10000069591.jpg','Programming','s',0,4,0,0,0,0,'INR'),(16,16,'YetAnotherTestGroup','Yet Another Test Group','Yet Another Test GroupYet Another Test GroupYet Another Test GroupYet Another Test GroupYet Another Test GroupYet Another Test GroupYet Another Test GroupYet Another Test GroupYet Another Test GroupYet Another Test GroupYet Another Test GroupYet Another Test GroupYet Another Test GroupYet Another Test GroupYet Another Test GroupYet Another Test GroupYet Another Test GroupYet Another Test GroupYet Another Test GroupYet Another Test GroupYet Another Test Group\n\nYet Another Test GroupYet Another Test GroupYet Another Test GroupYet Another Test GroupYet Another Test GroupYet Another Test GroupYet Another Test GroupYet Another Test GroupYet Another Test GroupYet Another Test GroupYet Another Test GroupYet Another Test GroupYet Another Test GroupYet Another Test GroupYet Another Test GroupYet Another Test Group',1,10000,1,'OPEN','2015-07-09 17:46:12',1,'183725e0-e98f-11e4-b866-03cc01155d68_2015-04-23T002827Z_795695917_GF10000069347_.jpg','Programming','Some dummy group. Do not post messages.',0,4,1,44,0,0,'INR'),(17,16,'skillstesting_Frameworks','Python ecosystem','Some big description test...',1,1000,1,'OPEN','2015-08-09 17:04:45',1,'bigimage.png','Programming','some text here...',0,5,1,99,0,0,'EUR'),(18,16,'New_Group_Today','A new group for today\'s testing','A new group for today\'s testingA new group for today\'s testingA new group for today\'s testingA new group for today\'s testingA new group for today\'s testingA new group for today\'s testingA new group for today\'s testingA new group for today\'s testingA new group for today\'s testing\nA new group for today\'s testingA new group for today\'s testingA new group for today\'s testing',1,10000,1,'OPEN','2015-09-05 16:22:18',1,'gcmproblem.png','Programming','hehehe',0,5,0,0,0,0,'INR'),(19,17,'Creole_Creole','Dire Straits','Sultans of swing',1,10000,1,'OPEN','2015-07-07 16:34:03',1,'Golden_Retrievers_dark_and_light.jpg','UI Design','sssssssssssss',0,3,1,199,10,0,'INR'),(20,16,'CurrencyTest','This is a test group for checking currency selection functionality','This is a test group for checking currency selection functionalityThis is a test group for checking currency selection functionalityThis is a test group for checking currency selection functionalityThis is a test group for checking currency selection functionality\n\n\nThis is a test group for checking currency selection functionalityThis is a test group for checking currency selection functionalityThis is a test group for checking currency selection functionalityThis is a test group for checking currency selection functionality',1,10000,1,'OPEN','2015-06-28 14:14:00',1,'Publisher Login.png','Software Architecture','admin',0,8,1,199,7,0,''),(21,16,'AtomHeartMother','Pink Floyd Album','Psychedelia unlimited!!!!',1,100000,1,'OPEN','2015-07-03 16:28:13',1,'atomheartmother.jpg','Software Testing','Cats in the craddle and the silver spoon!!!',0,NULL,1,120,3,0,'USD'),(23,17,'Hmmmm_group','Hmmmmmm!','Hmmmmmm!Hmmmmmm!Hmmmmmm!Hmmmmmm!Hmmmmmm!Hmmmmmm!Hmmmmmm!Hmmmmmm!Hmmmmmm!Hmmmmmm!Hmmmmmm!Hmmmmmm!Hmmmmmm!Hmmmmmm!Hmmmmmm!Hmmmmmm!Hmmmmmm!\n\nHmmmmmm!Hmmmmmm!Hmmmmmm!Hmmmmmm!Hmmmmmm!Hmmmmmm!Hmmmmmm!Hmmmmmm!Hmmmmmm!Hmmmmmm!Hmmmmmm!Hmmmmmm!Hmmmmmm!Hmmmmmm!Hmmmmmm!Hmmmmmm!Hmmmmmm!Hmmmmmm!Hmmmmmm!',1,50000,1,'OPEN','2015-09-05 16:18:46',1,'gcmproblem.png','Programming','ccccccccccccccccccccccccccccccccccc',0,NULL,0,0,3,0,''),(24,16,'Mark_Knoffler_the_guitar_maestro','This is my investigation','Confidential information, it is in a diary, \nthis is my investigation, this is not a public enquiry',1,10000,1,'OPEN','2015-07-20 16:01:52',1,'c050fce5e0094decb57fdb53f4ca4254.jpg','Software Architecture','admin',0,NULL,0,0,3,0,''),(25,16,'Anything_feedback_group','Give a feedback','Nothing to show here.... Duh!!! So why am I taking the pains to deploy the django frameworks.',1,10000,1,'OPEN','2015-09-05 16:37:03',1,'Rockstand Publisher Portal_add ebook.png','Programming','admin',0,NULL,1,200,3,0,'USD'),(26,18,'New_group_created_on_opera','New group created_on_opera','New group created_on_operaNew group created_on_operaNew group created_on_operaNew group created_on_operaNew group created_on_operaNew group created_on_opera',1,10000,1,'OPEN','2015-09-05 16:56:40',1,'GCM_Page3.png','Programming','no remarks at all',0,NULL,0,0,3,0,''),(27,21,'DCM_Data_System_Employees','','Project Ricoh - Supporting and making enhancements in all software used by employees of Ricoh Americas',1,10000,1,'OPEN','2015-12-28 21:41:21',1,NULL,'Programming','admin',0,NULL,0,0,3,0,'');
/*!40000 ALTER TABLE `Network_group` ENABLE KEYS */;
UNLOCK TABLES;

--
-- Table structure for table `Network_groupjoinrequest`
--

DROP TABLE IF EXISTS `Network_groupjoinrequest`;
/*!40101 SET @saved_cs_client     = @@character_set_client */;
/*!40101 SET character_set_client = utf8 */;
CREATE TABLE `Network_groupjoinrequest` (
  `id` int(11) NOT NULL AUTO_INCREMENT,
  `group_id` int(11) NOT NULL,
  `user_id` int(11) NOT NULL,
  `requestdate` datetime DEFAULT NULL,
  `outcome` varchar(6) DEFAULT 'open',
  `reason` text,
  `active` tinyint(1) DEFAULT '1',
  `orderId` varchar(60) DEFAULT NULL,
  PRIMARY KEY (`id`),
  KEY `group_id` (`group_id`),
  KEY `user_id` (`user_id`),
  CONSTRAINT `Network_groupjoinrequest_ibfk_1` FOREIGN KEY (`group_id`) REFERENCES `Network_group` (`id`),
  CONSTRAINT `Network_groupjoinrequest_ibfk_2` FOREIGN KEY (`user_id`) REFERENCES `Auth_user` (`id`)
) ENGINE=InnoDB AUTO_INCREMENT=202 DEFAULT CHARSET=latin1;
/*!40101 SET character_set_client = @saved_cs_client */;

--
-- Dumping data for table `Network_groupjoinrequest`
--

LOCK TABLES `Network_groupjoinrequest` WRITE;
/*!40000 ALTER TABLE `Network_groupjoinrequest` DISABLE KEYS */;
INSERT INTO `Network_groupjoinrequest` VALUES (1,12,17,'2015-06-14 02:53:14','open','',1,''),(2,13,16,'2015-06-14 03:14:41','open','',1,''),(3,2,17,'2015-06-14 03:16:38','refuse','',1,''),(4,13,17,'2015-06-14 03:30:03','open','',1,''),(5,2,16,'2015-06-14 12:25:39','refuse','',1,''),(8,2,16,'2015-06-14 12:40:37','refuse','',1,''),(9,1,16,'2015-06-14 12:43:08','open','',1,''),(11,1,16,'2015-06-14 12:59:59','open','',1,''),(12,2,16,'2015-06-14 13:02:13','refuse','',1,''),(13,1,16,'2015-06-14 13:03:51','open','',1,''),(16,1,16,'2015-06-14 13:12:50','open','',1,''),(18,11,17,'2015-06-14 15:33:44','open','',1,''),(19,2,16,'2015-06-14 15:44:43','refuse','',1,''),(20,1,16,'2015-06-14 15:44:55','open','',1,''),(21,6,17,'2015-06-14 15:45:56','open','',1,''),(22,1,16,'2015-06-14 16:00:48','open','',1,''),(23,3,16,'2015-06-14 16:01:10','open','',1,''),(26,3,17,'2015-06-14 17:05:56','open','',1,''),(28,13,17,'2015-06-14 17:08:33','open','',1,''),(29,2,16,'2015-06-15 05:05:40','refuse','',1,''),(30,2,16,'2015-06-15 05:06:24','refuse','',1,''),(31,2,16,'2015-06-15 05:06:39','refuse','',1,''),(32,2,16,'2015-06-15 05:12:33','refuse','',1,''),(33,1,16,'2015-06-15 05:12:56','open','',1,''),(34,9,17,'2015-06-15 19:20:17','open','',1,''),(35,9,17,'2015-06-15 19:25:32','open','',1,''),(36,6,16,'2015-06-15 19:33:11','open','',1,''),(37,11,16,'2015-06-15 19:41:03','open','',1,''),(38,9,16,'2015-06-15 19:46:59','open','',1,''),(39,10,17,'2015-06-15 19:54:39','open','',1,''),(40,10,16,'2015-06-15 20:18:51','open','',1,''),(41,12,16,'2015-06-15 20:53:21','open','',1,''),(42,16,16,'2015-06-15 21:08:39','open','',1,''),(48,4,16,'2015-06-16 18:53:01','open','',1,''),(49,15,16,'2015-07-14 18:19:31','accept','',0,''),(50,4,17,'2015-06-16 20:03:16','open','',1,''),(51,2,17,'2015-06-17 16:59:29','open','',1,''),(52,2,16,'2015-06-24 00:14:30','open','',1,''),(71,15,17,'2015-07-14 19:54:48','accept','handlejoinrequest: Blocked from group as user has exceeded the maximum number of attempts of taking the test',0,''),(74,14,16,'2015-06-26 17:20:24','open','Paid user. ',1,''),(75,19,17,'2015-07-14 05:35:18','accept','10 attempts left. ',0,''),(91,20,17,'2015-07-01 19:39:12','open','payment in progress',1,'fc13cd05a24d42a68e68334fadf45cb61435779547609'),(92,20,17,'2015-07-01 19:39:59','open','payment in progress',1,'fc13cd05a24d42a68e68334fadf45cb61435779547609'),(93,20,17,'2015-07-01 19:40:28','open','payment in progress',1,'fc13cd05a24d42a68e68334fadf45cb61435779547609'),(94,20,17,'2015-07-01 19:42:17','open','payment in progress',1,'fc13cd05a24d42a68e68334fadf45cb61435779547609'),(95,20,17,'2015-07-01 19:42:40','open','payment in progress',1,'fc13cd05a24d42a68e68334fadf45cb61435779547609'),(96,20,17,'2015-07-01 19:44:12','open','payment in progress',1,'fc13cd05a24d42a68e68334fadf45cb61435779547609'),(97,20,17,'2015-07-01 19:47:35','open','payment in progress',1,'fc13cd05a24d42a68e68334fadf45cb61435779547609'),(98,20,17,'2015-07-01 19:49:14','open','payment in progress',1,'fc13cd05a24d42a68e68334fadf45cb61435779547609'),(99,20,17,'2015-07-01 19:49:59','open','payment in progress',1,'fc13cd05a24d42a68e68334fadf45cb61435779547609'),(100,19,16,'2015-07-01 19:59:46','open','payment in progress',1,'cea207d433c149db9d4522d22d8dff8d1435780771307'),(101,19,16,'2015-07-01 20:00:51','open','payment in progress',1,'cea207d433c149db9d4522d22d8dff8d1435780771307'),(102,19,16,'2015-07-01 20:01:18','open','payment in progress',1,'cea207d433c149db9d4522d22d8dff8d1435780771307'),(103,19,16,'2015-07-01 20:01:43','open','payment in progress',1,'cea207d433c149db9d4522d22d8dff8d1435780771307'),(104,19,16,'2015-07-01 20:02:16','open','payment in progress',1,'cea207d433c149db9d4522d22d8dff8d1435780771307'),(105,19,16,'2015-07-01 20:04:25','open','payment in progress',1,'cea207d433c149db9d4522d22d8dff8d1435780771307'),(106,19,16,'2015-07-01 20:04:46','open','payment in progress',1,'cea207d433c149db9d4522d22d8dff8d1435780771307'),(107,19,16,'2015-07-01 20:06:58','open','payment in progress',1,'cea207d433c149db9d4522d22d8dff8d1435780771307'),(110,14,17,'2015-07-02 17:55:28','open','payment in progress',1,'fe64a4accbaf45008889b19ae73d54981435859601800'),(111,14,17,'2015-07-02 17:57:15','open','payment in progress',1,'bca61474440c441395355b4e0f1b2e261435859832815'),(112,14,17,'2015-07-02 17:58:07','open','payment in progress',1,'e37e1596c8cb479fabd14da3591bcc751435859862599'),(133,1,17,'2015-07-02 20:50:11','accept','',0,NULL),(164,18,17,'2015-08-13 20:38:57','accept','',0,NULL),(165,18,16,'2015-08-13 20:38:58','accept','',0,NULL),(166,20,16,'2015-07-03 19:02:21','open','payment in progress',1,'36915e5872dc4ff887f0c29c0b1bd7591435950135595'),(167,20,16,'2015-07-03 19:02:48','open','payment in progress',1,'36915e5872dc4ff887f0c29c0b1bd7591435950135595'),(169,17,16,'2015-07-14 19:52:39','accept','payment in progress',0,'76f5a484c55b406682b2b96b1048ee711435957827695'),(170,17,16,'2015-07-14 19:52:39','accept','payment in progress',0,'cbbc2ee4438f4517964afc8c74be3b4d1435958630936'),(171,17,16,'2015-07-14 19:52:39','accept','payment in progress',0,'cbbc2ee4438f4517964afc8c74be3b4d1435958630936'),(189,2,18,'2015-07-08 17:26:38','accept','',0,NULL),(190,1,18,'2015-07-08 17:27:10','accept','',0,NULL),(191,18,18,'2015-08-13 20:38:58','accept','',0,NULL),(192,18,16,'2015-08-13 20:38:58','accept','',0,NULL),(193,1,17,'2015-07-16 19:35:52','accept','',0,NULL),(194,23,17,'2015-08-07 18:45:09','accept','',0,NULL),(195,23,16,'2015-08-07 18:45:09','accept','',0,NULL),(196,24,17,'2015-07-29 18:23:15','accept','',0,NULL),(197,18,20,'2015-08-13 20:40:04','accept','',0,NULL),(198,23,20,'2015-08-07 18:45:22','accept','',0,NULL),(199,26,16,'2015-10-07 23:47:07','accept','',0,NULL),(200,12,21,'2015-12-28 13:19:54','accept','',0,NULL),(201,24,21,'2015-12-28 13:20:19','accept','',0,NULL);
/*!40000 ALTER TABLE `Network_groupjoinrequest` ENABLE KEYS */;
UNLOCK TABLES;

--
-- Table structure for table `Network_groupmember`
--

DROP TABLE IF EXISTS `Network_groupmember`;
/*!40101 SET @saved_cs_client     = @@character_set_client */;
/*!40101 SET character_set_client = utf8 */;
CREATE TABLE `Network_groupmember` (
  `id` int(11) NOT NULL AUTO_INCREMENT,
  `group_id` int(11) NOT NULL,
  `member_id` int(11) NOT NULL,
  `membersince` datetime DEFAULT NULL,
  `status` tinyint(1) DEFAULT '1',
  `removed` tinyint(1) DEFAULT '0',
  `blocked` tinyint(1) DEFAULT '0',
  `removeagent` varchar(10) DEFAULT NULL,
  `lastremovaldate` datetime DEFAULT NULL,
  PRIMARY KEY (`id`),
  KEY `member_id` (`member_id`),
  KEY `group_id` (`group_id`),
  CONSTRAINT `Network_groupmember_ibfk_1` FOREIGN KEY (`member_id`) REFERENCES `Auth_user` (`id`),
  CONSTRAINT `Network_groupmember_ibfk_2` FOREIGN KEY (`group_id`) REFERENCES `Network_group` (`id`)
) ENGINE=InnoDB AUTO_INCREMENT=78 DEFAULT CHARSET=latin1;
/*!40101 SET character_set_client = @saved_cs_client */;

--
-- Dumping data for table `Network_groupmember`
--

LOCK TABLES `Network_groupmember` WRITE;
/*!40000 ALTER TABLE `Network_groupmember` DISABLE KEYS */;
INSERT INTO `Network_groupmember` VALUES (41,15,16,'2015-07-14 18:19:32',1,0,0,NULL,NULL),(42,17,16,'2015-09-12 06:01:58',1,0,0,NULL,NULL),(43,15,17,'2015-07-14 19:54:48',1,0,0,NULL,NULL),(44,18,16,'2015-08-13 20:38:58',1,0,0,'owner','2015-08-13 20:38:58'),(45,18,18,'2015-09-10 01:01:57',1,0,0,'owner','2015-08-13 20:38:58'),(46,18,17,'2015-08-13 20:38:57',1,0,0,'owner','2015-08-13 20:38:57'),(64,1,17,'2015-07-16 19:35:53',1,0,0,NULL,NULL),(66,23,17,'2015-07-16 19:55:45',1,0,0,NULL,NULL),(67,23,16,'2015-09-08 06:38:17',1,0,0,'owner','2015-08-07 18:45:09'),(68,24,16,'2015-07-20 15:56:53',1,0,0,NULL,NULL),(69,24,17,'2015-09-07 22:31:04',1,0,0,NULL,NULL),(70,18,20,'2015-08-13 20:40:04',1,0,0,NULL,NULL),(71,23,20,'2015-09-08 06:38:14',1,0,0,NULL,NULL),(72,25,16,'2015-09-05 00:48:26',1,0,0,NULL,NULL),(73,26,18,'2015-09-05 16:25:31',1,0,0,NULL,NULL),(74,26,16,'2015-10-07 23:47:07',1,0,0,NULL,NULL),(75,12,21,'2015-12-28 13:19:54',1,0,0,NULL,NULL),(76,24,21,'2015-12-28 13:20:19',1,0,0,NULL,NULL),(77,27,21,'2015-12-28 21:41:21',1,0,0,NULL,NULL);
/*!40000 ALTER TABLE `Network_groupmember` ENABLE KEYS */;
UNLOCK TABLES;

--
-- Table structure for table `Network_ownerbankaccount`
--

DROP TABLE IF EXISTS `Network_ownerbankaccount`;
/*!40101 SET @saved_cs_client     = @@character_set_client */;
/*!40101 SET character_set_client = utf8 */;
CREATE TABLE `Network_ownerbankaccount` (
  `id` int(11) NOT NULL AUTO_INCREMENT,
  `groupowner_id` int(11) NOT NULL,
  `bankname` varchar(255) NOT NULL,
  `accountnumber` varchar(50) NOT NULL,
  `ifsccode` varchar(10) NOT NULL,
  `accountownername` varchar(255) NOT NULL,
  `creationdate` datetime DEFAULT NULL,
  `bankbranch` varchar(255) NOT NULL,
  `group_id` int(11) NOT NULL,
  PRIMARY KEY (`id`),
  KEY `groupowner_id` (`groupowner_id`),
  CONSTRAINT `Network_ownerbankaccount_ibfk_1` FOREIGN KEY (`groupowner_id`) REFERENCES `Auth_user` (`id`)
) ENGINE=InnoDB AUTO_INCREMENT=21 DEFAULT CHARSET=latin1;
/*!40101 SET character_set_client = @saved_cs_client */;

--
-- Dumping data for table `Network_ownerbankaccount`
--

LOCK TABLES `Network_ownerbankaccount` WRITE;
/*!40000 ALTER TABLE `Network_ownerbankaccount` DISABLE KEYS */;
INSERT INTO `Network_ownerbankaccount` VALUES (1,17,'State Bank of Bikaner and Jaipur','7777777','SBIN00022','Sangeeta Mitra','2015-06-23 20:35:28','Connaught Place, New Delhi',0),(2,16,'SBI_INDIA','22222222222','SBIN4407','sssssss Mitra','2015-06-07 10:29:19','Billekahalli',0),(3,17,'UBI_INDIA','4444444444','UBI992','Supriyo Mitra','2015-06-07 10:32:52','Kolkata',0),(4,17,'SBI_INDIA','444444444444444','SBIN0967','Supriyo Mitra','2015-06-08 20:10:46','Behala',0),(5,16,'CBI_INDIA','2345422434562332','CBI0087','Supriya Mitro','2015-06-20 07:37:38','Behala',0),(6,17,'Royal Bank of Scotland','3333333333333','RBS00087','Pratik Dam','2015-06-23 21:34:17','Gurgaon',10),(7,17,'State Bank of Mysore','4444444','','Sangeeta Mitra','2015-06-23 21:07:20','Mysore',9),(8,16,'PNB','32222222','','Supriyo Mitra','2015-06-23 21:41:23','Kethopole',3),(9,16,'Central Bank of India','554674456','','D P Mitra','2015-06-24 00:01:54','Behala',11),(10,16,'HSBC_INDIA','007007007007007','HSBC007','James Bond','2015-06-26 19:36:45','New Alipore',20),(11,16,'CITI_INDIA','323545232335','CITI0895','Supriyo Mitra','2015-07-03 16:28:13','Wilson Garden',21),(12,17,'State Bank of Mysore','335566753','SBM0064','Supriyo Mitra','2015-06-27 18:03:10','Mysore Market Branch',6),(13,16,'Royal Bank of Scotland','12311324454','RBS0049','Sangeeta Mitra','2015-08-09 17:04:45','Preetvihar',17),(14,17,'HSBC Bank','3333333122','','Sangeeta Mitra','2015-07-07 16:34:03','Greater NOIDA',19),(15,16,'Axis Bank','244334553','AXIS000739','Supriyo Mitra','2015-07-09 17:46:12','Alpha2, Greater NOIDA',16),(16,16,'','','','','2015-07-13 09:11:11','',15),(17,16,'','','','','2015-07-21 18:06:48','',18),(18,17,'','','','','2015-07-17 20:46:40','',23),(19,16,'State Bank of India','2132cc3333','4407','Supriyo Mitra','2015-09-05 00:51:48','Bilekahalli',25),(20,18,'','','','','2015-09-05 16:56:40','',26);
/*!40000 ALTER TABLE `Network_ownerbankaccount` ENABLE KEYS */;
UNLOCK TABLES;

--
-- Table structure for table `Network_post`
--

DROP TABLE IF EXISTS `Network_post`;
/*!40101 SET @saved_cs_client     = @@character_set_client */;
/*!40101 SET character_set_client = utf8 */;
CREATE TABLE `Network_post` (
  `id` int(11) NOT NULL AUTO_INCREMENT,
  `poster_id` int(11) NOT NULL,
  `posttargettype` varchar(200) NOT NULL,
  `posttargetuser_id` int(11) DEFAULT NULL,
  `posttargetgroup_id` int(11) DEFAULT NULL,
  `scope` varchar(255) DEFAULT 'public',
  `relatedpost_id` int(11) DEFAULT NULL,
  `deleted` tinyint(1) DEFAULT '0',
  `hidden` tinyint(1) DEFAULT '0',
  `stars` int(11) DEFAULT '0',
  `posttargettest_id` int(11) DEFAULT NULL,
  `postcontent` text,
  `attachmentfile` varchar(512) DEFAULT '',
  `postmsgtag` varchar(255) DEFAULT '',
  `createdon` datetime NOT NULL,
  `newmsg` tinyint(1) DEFAULT '0',
  PRIMARY KEY (`id`),
  KEY `poster_id` (`poster_id`),
  KEY `relatedpost_id` (`relatedpost_id`),
  KEY `posttargetuser_id` (`posttargetuser_id`),
  KEY `posttargetgroup_id` (`posttargetgroup_id`),
  CONSTRAINT `Network_post_ibfk_1` FOREIGN KEY (`poster_id`) REFERENCES `Auth_user` (`id`),
  CONSTRAINT `Network_post_ibfk_2` FOREIGN KEY (`relatedpost_id`) REFERENCES `Network_post` (`id`),
  CONSTRAINT `Network_post_ibfk_3` FOREIGN KEY (`posttargetuser_id`) REFERENCES `Auth_user` (`id`),
  CONSTRAINT `Network_post_ibfk_4` FOREIGN KEY (`posttargetgroup_id`) REFERENCES `Network_group` (`id`)
) ENGINE=InnoDB AUTO_INCREMENT=150 DEFAULT CHARSET=latin1;
/*!40101 SET character_set_client = @saved_cs_client */;

--
-- Dumping data for table `Network_post`
--

LOCK TABLES `Network_post` WRITE;
/*!40000 ALTER TABLE `Network_post` DISABLE KEYS */;
INSERT INTO `Network_post` VALUES (1,16,'group',NULL,24,'public',NULL,0,0,0,NULL,'test message 1 content','','','0000-00-00 00:00:00',0),(2,16,'group',NULL,18,'public',NULL,0,0,0,NULL,'test message 1 content','','','0000-00-00 00:00:00',0),(3,16,'group',NULL,17,'public',NULL,0,0,0,NULL,'test message to connectiontest message to connectiontest message to connectiontest message to connectiontest message to connectiontest message to connectiontest message to connectiontest message to connectiontest message to connectiontest message to connection\n\n\ntest message to connectiontest message to connectiontest message to connectiontest message to connectiontest message to connectiontest message to connection','','','0000-00-00 00:00:00',0),(4,16,'group',NULL,18,'public',NULL,0,0,0,NULL,'test message to connectiontest message to connectiontest message to connectiontest message to connectiontest message to connectiontest message to connectiontest message to connectiontest message to connectiontest message to connectiontest message to connection\n\n\ntest message to connectiontest message to connectiontest message to connectiontest message to connectiontest message to connectiontest message to connection','','','0000-00-00 00:00:00',0),(5,16,'user',18,NULL,'public',NULL,0,0,0,NULL,'test test newtest test newtest test newtest test newtest test newtest test newtest test newtest test newtest test newtest test newtest test newtest test new','','','0000-00-00 00:00:00',0),(6,16,'user',17,NULL,'public',NULL,0,0,0,NULL,'test test newtest test newtest test newtest test newtest test newtest test newtest test newtest test newtest test newtest test newtest test newtest test new','','','2015-08-06 17:14:05',0),(7,16,'test',NULL,NULL,'public',NULL,0,0,0,3,'Lady Writer on the TV... just another hair fell down around her faaaaaaace...','','','0000-00-00 00:00:00',0),(10,16,'test',NULL,NULL,'public',NULL,0,0,0,3,'new thread to test attachment upload functionalitynew thread to test attachment upload functionalitynew thread to test attachment upload functionalitynew thread to test attachment upload functionalitynew thread to test attachment upload functionality','','','0000-00-00 00:00:00',0),(11,16,'user',18,NULL,'public',NULL,0,0,0,NULL,'frmpostamessage frmpostamessage frmpostamessagefrmpostamessage frmpostamessage frmpostamessagefrmpostamessage frmpostamessage frmpostamessagefrmpostamessage frmpostamessage frmpostamessage','','','0000-00-00 00:00:00',0),(12,16,'user',17,NULL,'public',NULL,0,0,0,NULL,'frmpostamessage frmpostamessage frmpostamessagefrmpostamessage frmpostamessage frmpostamessagefrmpostamessage frmpostamessage frmpostamessagefrmpostamessage frmpostamessage frmpostamessage','','','0000-00-00 00:00:00',0),(13,16,'user',18,NULL,'public',NULL,0,0,0,NULL,'frmpostamessage frmpostamessage frmpostamessagefrmpostamessage frmpostamessage frmpostamessagefrmpostamessage frmpostamessage frmpostamessagefrmpostamessage frmpostamessage frmpostamessagefrmpostamessage frmpostamessage frmpostamessagefrmpostamessage frmpostamessage frmpostamessagefrmpostamessage frmpostamessage frmpostamessage','','','0000-00-00 00:00:00',0),(14,16,'group',NULL,24,'public',NULL,0,0,0,NULL,'postattachmentfilenamepostattachmentfilenamepostattachmentfilenamepostattachmentfilename','','','0000-00-00 00:00:00',0),(15,16,'group',NULL,18,'public',NULL,0,0,0,NULL,'postattachmentfilenamepostattachmentfilenamepostattachmentfilenamepostattachmentfilename','','','0000-00-00 00:00:00',0),(19,17,'user',16,NULL,'public',NULL,0,0,0,NULL,'nables you to conductnables you to conductnables you to conductnables you to conductnables you to conductnables you to conductnables you to conductnables you to conduct','','','0000-00-00 00:00:00',0),(20,17,'user',18,NULL,'public',NULL,0,0,0,NULL,'nables you to conductnables you to conductnables you to conductnables you to conductnables you to conductnables you to conductnables you to conductnables you to conduct','','','0000-00-00 00:00:00',0),(21,17,'user',18,NULL,'public',NULL,0,0,0,NULL,'nables you to conductnables you to conductnables you to conductnables you to conductnables you to conductnables you to conductnables you to conductnables you to conductnables you to conductnables you to conduct','','','0000-00-00 00:00:00',0),(22,17,'group',NULL,18,'public',NULL,0,0,0,NULL,'sssssssssssssssss','','wwwww','0000-00-00 00:00:00',0),(23,17,'user',18,NULL,'public',NULL,0,0,0,NULL,'hello hello','','hello','0000-00-00 00:00:00',0),(41,16,'user',18,NULL,'public',NULL,0,0,0,NULL,'Test Yard Test POSTTest Yard Test POSTTest Yard Test POSTTest Yard Test POSTTest Yard Test POSTTest Yard Test POST','8.jpg','Test Yard Test POST','0000-00-00 00:00:00',0),(42,16,'group',NULL,24,'public',NULL,0,0,0,NULL,'I am a dev with experience in Python and PerlI am a dev with experience in Python and PerlI am a dev with experience in Python and PerlI am a dev with experience in Python and PerlI am a dev with experience in Python and Perl\r\n\r\nI am a dev with experience in Python and PerlI am a dev with experience in Python and PerlI am a dev with experience in Python and PerlI am a dev with experience in Python and Perl','3.jpg','I am a dev with experience in Python and Perl','0000-00-00 00:00:00',0),(43,16,'group',NULL,18,'public',NULL,0,0,0,NULL,'I am a dev with experience in Python and PerlI am a dev with experience in Python and PerlI am a dev with experience in Python and PerlI am a dev with experience in Python and PerlI am a dev with experience in Python and Perl\r\n\r\nI am a dev with experience in Python and PerlI am a dev with experience in Python and PerlI am a dev with experience in Python and PerlI am a dev with experience in Python and Perl','3.jpg','I am a dev with experience in Python and Perl','0000-00-00 00:00:00',0),(44,16,'group',NULL,15,'public',NULL,0,0,0,NULL,'I am a dev with experience in Python and PerlI am a dev with experience in Python and PerlI am a dev with experience in Python and PerlI am a dev with experience in Python and PerlI am a dev with experience in Python and Perl\r\n\r\nI am a dev with experience in Python and PerlI am a dev with experience in Python and PerlI am a dev with experience in Python and PerlI am a dev with experience in Python and Perl','3.jpg','I am a dev with experience in Python and Perl','0000-00-00 00:00:00',0),(45,17,'group',NULL,18,'public',NULL,0,0,0,NULL,'hello hello','c050fce5e0094decb57fdb53f4ca4254.jpg','test post','0000-00-00 00:00:00',0),(46,16,'group',NULL,24,'public',NULL,0,0,0,NULL,'This is another test message. I am going to upload an image with a cumbersome name and see if it gets uploaded correctly.','atomheartmother.jpg','Another test message ','0000-00-00 00:00:00',0),(47,16,'group',NULL,18,'public',NULL,0,0,0,NULL,'This is another test message. I am going to upload an image with a cumbersome name and see if it gets uploaded correctly.','atomheartmother.jpg','Another test message ','0000-00-00 00:00:00',0),(48,16,'group',NULL,24,'public',NULL,0,0,0,NULL,'This is another test message. I am going to upload an image with a cumbersome name and see if it gets uploaded correctly.This is another test message. I am going to upload an image with a cumbersome name and see if it gets uploaded correctly.This is another test message. I am going to upload an image with a cumbersome name and see if it gets uploaded correctly.This is another test message. I am going to upload an image with a cumbersome name and see if it gets uploaded correctly.\r\n\r\nThis is another test message. I am going to upload an image with a cumbersome name and see if it gets uploaded correctly.This is another test message. I am going to upload an image with a cumbersome name and see if it gets uploaded correctly.This is another test message. I am going to upload an image with a cumbersome name and see if it gets uploaded correctly.','c050fce5e0094decb57fdb53f4ca4254.jpg','Yet another one','0000-00-00 00:00:00',0),(49,16,'group',NULL,18,'public',NULL,0,0,0,NULL,'This is another test message. I am going to upload an image with a cumbersome name and see if it gets uploaded correctly.This is another test message. I am going to upload an image with a cumbersome name and see if it gets uploaded correctly.This is another test message. I am going to upload an image with a cumbersome name and see if it gets uploaded correctly.This is another test message. I am going to upload an image with a cumbersome name and see if it gets uploaded correctly.\r\n\r\nThis is another test message. I am going to upload an image with a cumbersome name and see if it gets uploaded correctly.This is another test message. I am going to upload an image with a cumbersome name and see if it gets uploaded correctly.This is another test message. I am going to upload an image with a cumbersome name and see if it gets uploaded correctly.','c050fce5e0094decb57fdb53f4ca4254.jpg','Yet another one','0000-00-00 00:00:00',0),(50,16,'group',NULL,17,'public',NULL,0,0,0,NULL,'Sultans of swing, very heavy fuel\r\n\r\nLady writer on the TV, calling Elvis','Golden_Retrievers_dark_and_light.jpg','Nicotene for breakfast just put me right','0000-00-00 00:00:00',0),(51,16,'group',NULL,18,'public',NULL,0,0,0,NULL,'Sultans of swing, very heavy fuel\r\n\r\nLady writer on the TV, calling Elvis','Golden_Retrievers_dark_and_light.jpg','Nicotene for breakfast just put me right','0000-00-00 00:00:00',0),(52,16,'group',NULL,23,'public',NULL,0,0,0,NULL,'Sultans of swing, very heavy fuel\r\n\r\nLady writer on the TV, calling Elvis','Golden_Retrievers_dark_and_light.jpg','Nicotene for breakfast just put me right','0000-00-00 00:00:00',0),(53,17,'group',NULL,18,'public',NULL,0,0,0,NULL,'Hehehehehehe test test','c30e9090-d6af-11e4-9735-79f3d72c59a6_30wayanad.jpg','hehe test','2015-07-28 15:48:48',0),(54,17,'group',NULL,23,'public',NULL,0,0,0,NULL,'Hehehehehehe test test','c30e9090-d6af-11e4-9735-79f3d72c59a6_30wayanad.jpg','hehe test','2015-07-28 15:48:48',0),(55,17,'group',NULL,18,'public',NULL,0,0,0,NULL,'A new test message threadA new test message threadA new test message threadA new test message threadA new test message threadA new test message threadA new test message threadA new test message threadA new test message threadA new test message threadA new test message threadA new test message threadA new test message threadA new test message thread\r\n\r\nA new test message threadA new test message threadA new test message threadA new test message thread','183725e0-e98f-11e4-b866-03cc01155d68_2015-04-23T002827Z_795695917_GF10000069347_.jpg','A new test message thread','2015-07-28 19:13:17',0),(56,17,'group',NULL,23,'public',NULL,0,0,0,NULL,'A new test message threadA new test message threadA new test message threadA new test message threadA new test message threadA new test message threadA new test message threadA new test message threadA new test message threadA new test message threadA new test message threadA new test message threadA new test message threadA new test message thread\r\n\r\nA new test message threadA new test message threadA new test message threadA new test message thread','183725e0-e98f-11e4-b866-03cc01155d68_2015-04-23T002827Z_795695917_GF10000069347_.jpg','A new test message thread','2015-07-28 19:13:17',0),(57,17,'group',NULL,15,'public',NULL,0,0,0,NULL,'A new test message threadA new test message threadA new test message threadA new test message threadA new test message threadA new test message threadA new test message threadA new test message threadA new test message threadA new test message threadA new test message threadA new test message threadA new test message threadA new test message thread\r\n\r\nA new test message threadA new test message threadA new test message threadA new test message thread','183725e0-e98f-11e4-b866-03cc01155d68_2015-04-23T002827Z_795695917_GF10000069347_.jpg','A new test message thread','2015-07-28 19:13:17',0),(58,17,'group',NULL,1,'public',NULL,0,0,0,NULL,'Yet another test messageYet another test messageYet another test messageYet another test messageYet another test messageYet another test messageYet another test messageYet another test messageYet another test message\r\n\r\n\r\nYet another test messageYet another test messageYet another test messageYet another test messageYet another test messageYet another test messageYet another test messageYet another test messageYet another test messageYet another test messageYet another test messageYet another test messageYet another test messageYet another test messageYet another test messageYet another test message','GCM_Page3.png','Yet another test message','2015-07-28 19:19:46',0),(59,17,'group',NULL,18,'public',NULL,0,0,0,NULL,'Yet another test messageYet another test messageYet another test messageYet another test messageYet another test messageYet another test messageYet another test messageYet another test messageYet another test message\r\n\r\n\r\nYet another test messageYet another test messageYet another test messageYet another test messageYet another test messageYet another test messageYet another test messageYet another test messageYet another test messageYet another test messageYet another test messageYet another test messageYet another test messageYet another test messageYet another test messageYet another test message','GCM_Page3.png','Yet another test message','2015-07-28 19:19:46',0),(60,17,'group',NULL,23,'public',NULL,0,0,0,NULL,'Yet another test messageYet another test messageYet another test messageYet another test messageYet another test messageYet another test messageYet another test messageYet another test messageYet another test message\r\n\r\n\r\nYet another test messageYet another test messageYet another test messageYet another test messageYet another test messageYet another test messageYet another test messageYet another test messageYet another test messageYet another test messageYet another test messageYet another test messageYet another test messageYet another test messageYet another test messageYet another test message','GCM_Page3.png','Yet another test message','2015-07-28 19:19:46',0),(61,16,'group',NULL,24,'public',NULL,0,0,0,NULL,'A love-struck Romeo sings the streets a serenade\r\nLaying everybody low with a love song that he made.\r\nFinds a streetlight, steps out of the shade\r\nSays something like, \"You and me babe, how about it?\"\r\n\r\nJuliet says, \"Hey, it\'s Romeo, you nearly gave me a heart attack!\"\r\nHe\'s underneath the window, she\'s singing, \"Hey la, my boyfriend\'s back.\r\nYou shouldn\'t come around here singing up to people like that...\r\nAnyway, what you gonna do about it?\"\r\n\r\nJuliet, the dice was loaded from the start\r\nAnd I bet and you exploded into my heart\r\nAnd I forget, I forget, the movie song.\r\nWhen you gonna realize it was just that the time was wrong, Juliet?','DB_Analytics.docx','A Love Struck Romeo Singin the Streets a Serenade','2015-07-29 18:11:19',0),(62,16,'group',NULL,18,'public',NULL,0,0,0,NULL,'A love-struck Romeo sings the streets a serenade\r\nLaying everybody low with a love song that he made.\r\nFinds a streetlight, steps out of the shade\r\nSays something like, \"You and me babe, how about it?\"\r\n\r\nJuliet says, \"Hey, it\'s Romeo, you nearly gave me a heart attack!\"\r\nHe\'s underneath the window, she\'s singing, \"Hey la, my boyfriend\'s back.\r\nYou shouldn\'t come around here singing up to people like that...\r\nAnyway, what you gonna do about it?\"\r\n\r\nJuliet, the dice was loaded from the start\r\nAnd I bet and you exploded into my heart\r\nAnd I forget, I forget, the movie song.\r\nWhen you gonna realize it was just that the time was wrong, Juliet?','DB_Analytics.docx','A Love Struck Romeo Singin the Streets a Serenade','2015-07-29 18:11:19',0),(63,16,'user',18,NULL,'public',5,0,0,0,NULL,'h','','','2015-07-29 21:45:01',0),(64,16,'user',17,NULL,'public',6,0,0,0,NULL,'a','','','2015-08-07 18:24:47',0),(65,16,'user',18,NULL,'public',5,0,0,0,NULL,'w','','','2015-07-29 21:49:24',0),(66,16,'user',18,NULL,'public',5,0,0,0,NULL,'w','','','2015-07-29 21:52:23',0),(67,16,'user',18,NULL,'public',5,0,0,0,NULL,'wwwwwwwwwwwwwwwwwwwwwwwwwwwwwwwwwwwwwwwwwwwwwwwwwwwwwwwwwwwwwwwwwwwwwwwwwwwwwwwwwwwwwwwwwwwwwwwwwwwwwwwwwwwwwwwwwwwwwwwwwwwwwwwwwwwwwwwwwwwwwwwwwwwwwwwwwwwwwwwwwwww\r\n\r\nwwwwwwwwwwwwwwwwwwwwwwwwwwwwwwwwwwwwwwwwwwwwwwwwwwwwwwwwwwwwwwwwwwwwwwwwwwwwwwwwwwwwwwwwwwwwwwwwwwwwwwwwwwwwwwwwwwwwwwwwwwwwwwwwwwwwwwwwwwwwwwwwwwwwwwwwwwwwwwwwwwww','','','2015-07-29 21:53:40',0),(68,16,'user',18,NULL,'public',5,0,0,0,NULL,'testing replies testing replies testing replies testing replies testing replies testing replies testing replies testing replies testing replies testing replies testing replies testing replies testing replies testing replies testing replies testing replies testing replies testing replies testing replies testing replies testing replies ','','','2015-07-30 07:04:08',0),(69,16,'user',18,NULL,'public',5,0,0,0,NULL,'test reply cloud messagetest reply cloud messagetest reply cloud messagetest reply cloud messagetest reply cloud messagetest reply cloud message test reply cloud messagetest reply cloud messagetest reply cloud messagetest reply cloud message','','','2015-07-30 07:24:12',0),(70,16,'user',18,NULL,'public',5,0,0,0,NULL,'test reply cloud messagetest reply cloud messagetest reply cloud messagetest reply cloud messagetest reply cloud messagetest reply cloud message test reply cloud messagetest reply cloud messagetest reply cloud messagetest reply cloud message','','','2015-07-30 07:26:10',0),(71,16,'user',18,NULL,'public',5,0,0,0,NULL,'test reply cloud messagetest reply cloud messagetest reply cloud messagetest reply cloud messagetest reply cloud messagetest reply cloud message test reply cloud messagetest reply cloud messagetest reply cloud messagetest reply cloud message','','','2015-07-30 07:26:52',0),(72,16,'user',17,NULL,'public',6,0,0,0,NULL,'sssssssssssssssssssss','','','2015-08-07 20:00:54',0),(73,16,'user',17,NULL,'public',6,0,0,0,NULL,'sssssssssssssssssssss','','','2015-08-07 20:00:51',0),(74,16,'user',17,NULL,'public',6,0,0,0,NULL,'nice song','','','2015-08-06 18:34:49',0),(75,16,'group',NULL,18,'public',4,0,0,0,NULL,'hello there repeated hello there repeated hello there repeated hello there repeated hello there repeated hello there repeated hello there repeated \r\n\r\nhello there repeated hello there repeated hello there repeated hello there repeated hello there repeated hello there repeated hello there repeated hello there repeated hello there repeated hello there repeated hello there repeated ','','','2015-07-30 13:32:38',0),(76,16,'group',NULL,18,'public',4,0,0,0,NULL,'ssssssssssssssssss','','','2015-07-30 13:45:18',0),(77,16,'group',NULL,18,'public',4,0,0,0,NULL,'ssssssssssssssssss','','','2015-07-30 13:49:32',0),(78,16,'group',NULL,24,'public',48,0,0,0,NULL,'ssssssssssssssssss','','Yet another one','2015-07-30 13:51:11',0),(79,16,'group',NULL,24,'public',48,0,0,0,NULL,'ssssssssssssssssss','','Yet another one','2015-07-30 13:51:48',0),(80,16,'group',NULL,15,'public',44,0,0,0,NULL,'dirty picture','','I am a dev with experience in Python and Perl','2015-07-30 16:56:08',0),(81,16,'group',NULL,15,'public',57,0,0,0,NULL,'hello testing','','A new test message thread','2015-07-30 18:06:05',0),(82,16,'group',NULL,23,'public',60,0,0,0,NULL,'test reply vanish... test reply vanish... test reply vanish... test reply vanish... test reply vanish... test reply vanish... test reply vanish... test reply vanish... test reply vanish... test reply vanish... test reply vanish... test reply vanish... test reply vanish... test reply vanish... test reply vanish... test reply vanish... test reply vanish... test reply vanish... test reply vanish... ','','Yet another test message','2015-07-30 18:07:07',0),(83,17,'group',NULL,23,'public',60,0,0,0,NULL,'Yet another test message is a test message only, so do not post replies to it. Replies and comments posted as response to this  message will not be read and are liable to be deleted/purged without any notice.\r\n\r\nThanks,\r\nSupriyo','','Yet another test message','2015-07-31 07:31:43',0),(84,17,'group',NULL,18,'public',62,0,0,0,NULL,'Hello testing \"join the discussion\" feature... Let me see if it works as expected.','','A Love Struck Romeo Singin the Streets a Serenade','2015-07-31 18:07:24',0),(85,16,'group',NULL,23,'public',52,0,0,0,NULL,'These mist covered mountains....','','Nicotene for breakfast just put me right','2015-07-31 20:42:35',0),(86,16,'group',NULL,24,'public',61,0,0,0,NULL,'This is a test message to test indentation of the response messages from users to a primary message. Testing... Please do not post any responses to this message as they would be liable to be removed without intimation. Thank You.','','A Love Struck Romeo Singin the Streets a Serenade','2015-08-01 09:05:35',0),(87,17,'group',NULL,18,'public',62,0,0,0,NULL,'Another test to test the join the discussion feature. Please do not post responses to this discussion as they are liable to be removed without any notice.\r\n\r\nThank You','','A Love Struck Romeo Singin the Streets a Serenade','2015-08-01 09:24:25',0),(88,17,'group',NULL,18,'public',62,0,0,0,NULL,'Yet another test to test the \"Join the Discussion\" feature. This time I am testing the file attach sub-feature in it. Let me see if it succeeds.\r\n\r\nWell, I guess it will succeed. I have similar code working in the file upload feature for posting new messages.\r\n\r\nIn the first try it did not succeed!','Backend API Documentation.doc','A Love Struck Romeo Singin the Streets a Serenade','2015-08-01 11:38:10',0),(89,17,'group',NULL,23,'public',60,0,0,0,NULL,'Let me discuss this....','DB_Analytics.docx','Yet another test message','2015-08-01 17:01:16',0),(90,16,'group',NULL,18,'public',NULL,0,0,0,NULL,'Test Message - DCM Data SystemsTest Message - DCM Data SystemsTest Message - DCM Data SystemsTest Message - DCM Data SystemsTest Message - DCM Data SystemsTest Message - DCM Data SystemsTest Message - DCM Data SystemsTest Message - DCM Data SystemsTest Message - DCM Data SystemsTest Message - DCM Data SystemsTest Message - DCM Data SystemsTest Message - DCM Data SystemsTest Message - DCM Data Systems\r\n\r\nTest Message - DCM Data SystemsTest Message - DCM Data SystemsTest Message - DCM Data SystemsTest Message - DCM Data Systems','(2) Home - Quora.png','Test Message - DCM Data Systems','2015-08-03 18:46:44',0),(91,16,'group',NULL,18,'public',NULL,0,0,0,NULL,'Another Test tomorrow at 9:30 amAnother Test tomorrow at 9:30 amAnother Test tomorrow at 9:30 amAnother Test tomorrow at 9:30 amAnother Test tomorrow at 9:30 amAnother Test tomorrow at 9:30 amAnother Test tomorrow at 9:30 am','','Another Test tomorrow at 9:30 am','2015-08-03 18:50:15',0),(92,17,'group',NULL,18,'public',NULL,0,0,0,NULL,'Rockaway rockaway!!!Rockaway rockaway!!!Rockaway rockaway!!!Rockaway rockaway!!!Rockaway rockaway!!!Rockaway rockaway!!!Rockaway rockaway!!!Rockaway rockaway!!!Rockaway rockaway!!!','duplicate_table.','Rockaway rockaway!!!','2015-08-03 18:50:57',0),(93,17,'group',NULL,18,'public',92,0,0,0,NULL,'hey la my boyfriend\'s back','','Rockaway rockaway!!!','2015-08-03 18:51:55',0),(94,16,'group',NULL,18,'public',NULL,0,0,0,NULL,'Treachery and treason are an excuse in this line of work... and when I find a reason, dddd','','Treachery and treason','2015-08-03 18:53:56',0),(95,17,'user',16,NULL,'public',NULL,0,0,0,NULL,'Hello supmit2k3, did you receive this message?','','Test Message to a user or connection','2015-08-03 19:11:37',0),(96,18,'user',17,NULL,'public',NULL,0,0,0,NULL,'Hello test from codexaddictHello test from codexaddictHello test from codexaddictHello test from codexaddictHello test from codexaddictHello test from codexaddictHello test from codexaddictHello test from codexaddictHello test from codexaddict\r\n\r\n\r\nHello test from codexaddictHello test from codexaddictHello test from codexaddictHello test from codexaddictHello test from codexaddict','1450877_315181785355703_6014020281398154527_n.jpg','Hello test from codexaddict','2015-08-04 19:32:12',0),(97,18,'user',16,NULL,'public',NULL,0,0,0,NULL,'Beyond the horizon in the places we lived when we were young, in the land of magnets and miracles.','','Division Bell','2015-08-05 18:26:34',0),(98,16,'user',17,NULL,'public',NULL,0,0,0,NULL,'new message testnew message testnew message testnew message testnew message testnew message testnew message testnew message testnew message testnew message testnew message testnew message test','','new message test','2015-08-05 18:50:21',0),(99,17,'user',16,NULL,'public',72,0,0,0,NULL,'','','','2015-08-05 21:19:19',0),(100,17,'user',16,NULL,'public',72,0,0,0,NULL,'','','','2015-08-07 19:10:56',0),(101,17,'user',18,NULL,'public',96,0,0,0,NULL,'GGGGGGGGGGGGGGGGGGG GGGGGGGGGGGGGGGGGGGGg GGGGGGGGGGGGGGGGGGGG GGGGGGGGGGGGG GGGGGGGGGGGGGGGGGGGGG GGGGGGGGGGG GGGGGG GGGGGGGGGGGGGGGGGGGGGGGGGGGGGGgG GGGGGGGGGGGGGGGGGGGGGGGGG GGGGGGGGGGGGGGGGGGGGG GGGGGGGGGGGGGGGGGGGGGG GG GGGGGGGGG GGGGGGGGGG GGGGGGGGGGGGGGGGGGGGGGGGGGG GG GGGGGGGGGGGGGGGGGGGGG','10.jpg','Hello test from codexaddict','2016-03-28 04:03:55',0),(102,16,'user',17,NULL,'public',99,0,0,0,NULL,'Hi Hi Hi Hi Hi Hi Hi Hi Hi Hi Hi Hi Hi Hi Hi Hi Hi Hi Hi Hi Hi Hi Hi Hi Hi Hi Hi Hi Hi Hi Hi Hi Hi Hi Hi Hi Hi Hi Hi Hi Hi Hi Hi Hi Hi Hi Hi Hi Hi Hi Hi Hi Hi Hi Hi Hi Hi Hi Hi Hi Hi Hi Hi Hi Hi Hi Hi Hi Hi Hi Hi Hi Hi Hi Hi Hi Hi Hi Hi Hi Hi Hi Hi Hi Hi Hi Hi Hi Hi Hi Hi Hi Hi Hi Hi Hi Hi Hi Hi Hi Hi Hi Hi Hi Hi Hi Hi Hi Hi Hi Hi Hi Hi Hi Hi Hi Hi Hi Hi Hi ','NewScreen.','','2015-08-06 16:50:44',0),(103,17,'user',16,NULL,'public',74,0,0,0,NULL,'Pink Floyd Pink Floyd Pink Floyd Pink Floyd Pink Floyd Pink Floyd Pink Floyd Pink Floyd Pink Floyd Pink Floyd Pink Floyd Pink Floyd Pink Floyd Pink Floyd Pink Floyd Pink Floyd Pink Floyd Pink Floyd Pink Floyd Pink Floyd Pink Floyd Pink Floyd Pink Floyd Pink Floyd Pink Floyd Pink Floyd Pink Floyd Pink Floyd Pink Floyd Pink Floyd Pink Floyd Pink Floyd Pink Floyd Pink Floyd Pink Floyd Pink Floyd ','1.jpg','','2015-08-05 21:23:06',0),(104,17,'group',NULL,1,'public',58,0,0,0,NULL,'Hello testing....','','Yet another test message','2015-08-05 21:26:54',0),(105,17,'user',16,NULL,'public',72,0,0,0,NULL,'Reply to a reply... Hello hello hello, is there anybody out there! Just not if you can hear me, is there anyone home\r\nCom\'on com\'on gal, I hear you are feeling down\r\nI can ease your pain, get you on your feet again\r\nRelax, relax, relax... a piece of information first,\r\njust the basic facts, can you show me where it hurts','FlashCardWireframe.vsdx','','2015-08-07 18:17:10',0),(106,17,'user',16,NULL,'public',98,0,0,0,NULL,'reply to a reply again','Flashcard upload template_v2.xls','new message test','2015-08-07 18:17:13',0),(107,17,'user',16,NULL,'public',74,0,0,0,NULL,'Reply to a reply... Hello hello hello, is there anybody out there! Just not if you can hear me, is there anyone home\r\nCom\'on com\'on gal, I hear you are feeling down\r\nI can ease your pain, get you on your feet again\r\nRelax, relax, relax... a piece of information first,\r\njust the basic facts, can you show me where it hurt','','','2015-08-07 18:17:17',0),(108,17,'user',16,NULL,'public',6,0,0,0,NULL,'Reply to a reply... Hello hello hello, is there anybody out there! Just not if you can hear me, is there anyone home\r\nCom\'on com\'on gal, I hear you are feeling down\r\nI can ease your pain, get you on your feet again\r\nRelax, relax, relax... a piece of information first,\r\njust the basic facts, can you show me where it hurt','FlashCardWireframe.vsdx','','2016-03-28 04:03:48',0),(109,17,'user',16,NULL,'public',NULL,0,0,0,NULL,'Reply to a reply... Hello hello hello, is there anybody out there! Just not if you can hear me, is there anyone home\r\nCom\'on com\'on gal, I hear you are feeling down\r\nI can ease your pain, get you on your feet again\r\nRelax, relax, relax... a piece of information first,\r\njust the basic facts, can you show me where it hurt','Flashcard.pptx','Reply to a reply','2015-08-06 18:38:05',0),(110,16,'user',17,NULL,'public',109,0,0,0,NULL,'hello hello','','Reply to a reply','2015-08-07 22:22:52',0),(111,17,'group',NULL,18,'public',92,0,0,0,NULL,'A love struct romeo','Screenshot from 2015-05-25 17:51:55.png','Rockaway rockaway!!!','2015-08-06 19:11:56',0),(112,17,'user',16,NULL,'public',NULL,0,0,0,NULL,'Delicate Sounds of Thunder, Dark Side of the Moon, Lady Writer on the TV, Walk of Life.','operators.','Pink Floyd Albums','2015-08-06 19:40:42',0),(113,17,'user',18,NULL,'public',NULL,0,0,0,NULL,'Delicate Sounds of Thunder, Dark Side of the Moon, Lady Writer on the TV, Walk of Life.','operators.','Pink Floyd Albums','2015-08-09 15:46:58',0),(114,17,'user',18,NULL,'public',96,0,0,0,NULL,'category factor first limit category factor first limit category factor first limit category factor first limit category factor first limit category factor first limit category factor first limit category factor first limit \r\n\r\ncategory factor first limit category factor first limit category factor first limit category factor first limit category factor first limit category factor first limit category factor first limit category factor first limit category factor first limit \r\n\r\ncategory factor first limit category factor first limit category factor first limit category factor first limit category factor first limit category factor first limit category factor first limit \r\n\r\ncategory factor first limit \r\n\r\ncategory factor first limit ','(3) Home - Quora.png','Hello test from codexaddict','2016-03-28 04:03:59',0),(115,17,'user',16,NULL,'public',12,0,0,0,NULL,'category factor first limit category factor first limit category factor first limit category factor first limit category factor first limit category factor first limit category factor first limit category factor first limit category factor first limit category factor first limit category factor first limit \r\n\r\ncategory factor first limit category factor first limit category factor first limit category factor first limit category factor first limit category factor first limit \r\n\r\ncategory factor first limit category factor first limit category factor first limit category factor first limit category factor first limit category factor first limit category factor first limit category factor first limit category factor first limit category factor first limit category factor first limit \r\n\r\ncategory factor first limit \r\n','(2) Home - Quora.png','','2016-03-28 04:04:53',0),(116,17,'user',17,NULL,'public',106,0,0,0,NULL,'Add your reply here.','','new message test','2015-08-07 19:13:04',0),(117,17,'user',16,NULL,'public',98,0,0,0,NULL,'Add your reply here.2','','new message test','2015-08-07 17:28:10',0),(118,17,'user',16,NULL,'public',6,0,0,0,NULL,'Add your reply here.','','','2015-08-09 10:45:55',0),(119,20,'group',NULL,18,'public',NULL,0,0,0,NULL,'This is a beautiful place... How may one reach it?','','hehe test','2015-08-07 18:46:16',0),(120,20,'group',NULL,18,'public',NULL,0,0,0,NULL,'another thread','','hehe test','2015-08-07 18:47:26',0),(121,20,'group',NULL,18,'public',NULL,0,0,0,NULL,'This is a thread in one of the posts','8.jpg','Treachery and treason','2015-08-07 18:48:50',0),(122,20,'user',17,NULL,'public',NULL,0,0,0,NULL,'test message from supmit13test message from supmit13test message from supmit13test message from supmit13test message from supmit13test message from supmit13test message from supmit13test message from supmit13test message from supmit13','4.jpg','test message from supmit13','2015-08-07 19:12:51',0),(123,20,'user',16,NULL,'public',NULL,0,0,0,NULL,'test message from supmit13test message from supmit13test message from supmit13test message from supmit13test message from supmit13test message from supmit13test message from supmit13test message from supmit13test message from supmit13','4.jpg','test message from supmit13','2015-08-07 18:52:07',0),(124,16,'user',20,NULL,'public',NULL,0,0,0,NULL,'test message from supmit13test message from supmit13test message from supmit13test message from supmit13test message from supmit13test message from supmit13test message from supmit13test message from supmit13test message from supmit13  222222','rs-in.png','test message from supmit13','2015-08-07 18:53:27',0),(125,20,'user',16,NULL,'public',124,0,0,0,NULL,'Add your reply here.22222222','','test message from supmit13','2015-08-07 20:08:43',0),(126,20,'user',16,NULL,'public',124,0,0,0,NULL,'Add your reply here.1111','','test message from supmit13','2015-08-07 19:16:54',0),(127,20,'user',20,NULL,'public',125,0,0,0,NULL,'Add your reply here666666666 666y6','1.jpg','test message from supmit13','2015-08-09 09:06:19',0),(128,20,'user',16,NULL,'public',124,0,0,0,NULL,'Add your reply here.7777777','6.jpg','test message from supmit13','2015-08-07 19:19:43',0),(129,20,'group',NULL,18,'public',NULL,0,0,0,NULL,'sssssssssssssssssssssssssssssssssssssssssssssssssssssd ddddddddddddddddddd','1.jpg','hehe test','2015-08-07 19:23:36',0),(130,16,'group',NULL,18,'public',NULL,0,0,0,NULL,'New discussion in ssssssssssssssssssssssssssss','6.jpg','hehe test','2015-08-07 19:38:08',0),(131,16,'group',NULL,18,'public',129,0,0,0,NULL,'Another discussion in SSSSSSSSSSSSSSsssssssssssssssssssssssssssss','5.jpg','hehe test','2015-08-07 19:40:06',0),(132,17,'user',20,NULL,'public',122,0,0,0,NULL,'Add your reply here.4444444','dashedline.png','test message from supmit13','2016-03-28 04:04:06',0),(133,17,'user',20,NULL,'public',122,0,0,0,NULL,'Add your reply here.888888','','test message from supmit13','2015-08-09 10:44:39',0),(134,20,'user',16,NULL,'public',124,0,0,0,NULL,'Add your reply here.dddddddddddddddddddddddddddddddddddddddd','','test message from supmit13','2015-08-08 14:38:37',0),(135,16,'group',NULL,18,'public',130,0,0,0,NULL,'xxxxxxxxxxxxxxxxxxxxxxxxxxxxxxxxxxxxxxx','10.jpg','hehe test','2015-08-07 20:31:59',0),(136,17,'user',16,NULL,'public',102,0,0,0,NULL,'Hello hello hello hello Hello hello hello hello Hello hello hello hello Hello hello hello hello Hello hello hello hello Hello hello hello hello Hello hello hello hello Hello hello hello hello Hello hello hello hello Hello hello hello hello Hello hello hello hello Hello hello hello hello Hello hello hello hello Hello hello hello hello .','','','2015-08-08 14:34:32',0),(137,16,'user',16,NULL,'public',110,0,0,0,NULL,'hIIIIIIIIIIIIII Hiiii!','','Reply to a reply','2015-08-07 22:34:08',0),(138,17,'user',16,NULL,'public',98,0,0,0,NULL,'This is a reply from supmit to supmit2k3... Hope user supmit2k3 receives it. Otherwise it would mean a failure for the user to user message delivery service.\r\n\r\nGod speed!','','new message test','2015-08-08 08:15:36',0),(139,16,'user',17,NULL,'public',138,0,0,0,NULL,'It got sent all right! But the (parent) window needs to be refreshed in order to see the received message. This needs to be fixed somehow.','11.jpg','new message test','2015-08-08 13:42:59',0),(140,20,'user',16,NULL,'public',124,0,0,0,NULL,'Here comes johnny singing oldies goldies,\r\nLe lua bup lady what you say,\r\nHere comes johnny singing I got a woman\r\ndown in the tunnel trying to make it pay,\r\nHe got the action, he got the motion\r\nyeah, the boy can play,\r\nDedication, devotion, turning all the night time into the day,\r\nHe do the walk, he do the walk of life.','BMSPM8917M-2015.pdf','test message from supmit13','2015-08-09 10:41:10',0),(141,16,'user',20,NULL,'public',125,0,0,0,NULL,'Add your reply to capgemini capital markets here. This is regarding the \"Employees Provident Fund\" scheme. The PF account is unclaimed at the present moment and accrual of interest in it has stopped as per the PF Act 1952. The account is managed by the EPF division headquartered at Thane, Mumbai. In order to transfer it and add the current employer\'s contribution to it, please send an email stating the same to the following address:\r\nRegional Provident Fund Commissioner, Thane,\r\nVardan Commercial Complex, 6th floor,\r\nMIDC Road No. 16, Wagle Estate,\r\nThane - 400604\r\n\r\nThe account number of the account is: \r\nTH/THA/EXEM/43355/12115\r\n\r\nPlease do the needful.\r\n\r\nRegards,\r\nCapgemini EPF Team\r\n','image06.jpg','test message from supmit13','2015-08-09 09:07:51',0),(142,17,'user',16,NULL,'public',102,0,0,0,NULL,'hello hello hello hello hello hello hello hello hello hello hello hello hello hello hello hello hello hello hello hello hello hello hello hello hello hello hello hello hello hello hello hello \r\n\r\nhello hello hello hello hello hello hello hello hello hello hello hello hello hello hello hello hello hello hello hello ','','','2015-08-09 16:55:18',0),(143,16,'group',NULL,24,'public',48,0,0,0,NULL,'hello there!!! whatcha watching?','','Yet another one','2015-09-05 00:37:42',0),(144,16,'group',NULL,25,'public',NULL,0,0,0,NULL,'This is a Feedback story. The characters in the story are imaginary and does not implicitly represent anyone. This disclaimer,good!!!!','Wireframing - Flashcard2-Flashcard3.png','Feedback story','2015-09-05 00:57:29',0),(145,16,'group',NULL,25,'public',144,0,0,0,NULL,'Hi there!!!','','Feedback story','2015-09-05 01:01:29',0),(146,16,'user',18,NULL,'public',NULL,0,0,0,NULL,'Trusty Tahir - flavp','Screenshot_QA.png','HelloTrusty','2015-09-05 11:56:40',1),(147,16,'group',NULL,23,'public',60,0,0,0,NULL,'This is a test message','','Yet another test message','2015-09-07 19:08:51',0),(148,16,'user',17,NULL,'public',19,0,0,0,NULL,'This is a test reply from home computer','','','2016-03-28 04:04:14',0),(149,21,'group',NULL,24,'public',48,0,0,0,NULL,'Hello this is a new post with an attached file.','195673-NEW-REQUIREMENT.docx','Yet another one','2016-05-27 07:58:33',0);
/*!40000 ALTER TABLE `Network_post` ENABLE KEYS */;
UNLOCK TABLES;

--
-- Table structure for table `Subscription_plan`
--

DROP TABLE IF EXISTS `Subscription_plan`;
/*!40101 SET @saved_cs_client     = @@character_set_client */;
/*!40101 SET character_set_client = utf8 */;
CREATE TABLE `Subscription_plan` (
  `planname` varchar(200) NOT NULL,
  `tests` varchar(200) NOT NULL,
  `price` decimal(10,2) NOT NULL,
  `validfor_unit` varchar(12) NOT NULL,
  `planvalidfor` int(11) NOT NULL,
  `adminuser_id` int(11) NOT NULL,
  `status` tinyint(1) NOT NULL,
  `discountpercent` double DEFAULT NULL,
  `discountamt` double DEFAULT NULL,
  `createdate` datetime NOT NULL,
  `commissiondate` datetime DEFAULT NULL,
  `decommissiondate` datetime DEFAULT NULL,
  PRIMARY KEY (`planname`),
  KEY `Subscription_plan_4e201023` (`adminuser_id`),
  CONSTRAINT `adminuser_id_refs_id_665322f6` FOREIGN KEY (`adminuser_id`) REFERENCES `Auth_user` (`id`)
) ENGINE=InnoDB DEFAULT CHARSET=latin1;
/*!40101 SET character_set_client = @saved_cs_client */;

--
-- Dumping data for table `Subscription_plan`
--

LOCK TABLES `Subscription_plan` WRITE;
/*!40000 ALTER TABLE `Subscription_plan` DISABLE KEYS */;
/*!40000 ALTER TABLE `Subscription_plan` ENABLE KEYS */;
UNLOCK TABLES;

--
-- Table structure for table `Subscription_transaction`
--

DROP TABLE IF EXISTS `Subscription_transaction`;
/*!40101 SET @saved_cs_client     = @@character_set_client */;
/*!40101 SET character_set_client = utf8 */;
CREATE TABLE `Subscription_transaction` (
  `id` int(11) NOT NULL AUTO_INCREMENT,
  `username` varchar(100) NOT NULL,
  `user_id` int(11) NOT NULL,
  `planname` varchar(200) DEFAULT NULL,
  `usersession` varchar(100) NOT NULL,
  `payamount` decimal(10,2) NOT NULL,
  `transactiondate` datetime NOT NULL,
  `comments` longtext NOT NULL,
  `paymode` varchar(50) NOT NULL,
  `invoice_email` varchar(75) NOT NULL,
  `trans_status` tinyint(1) NOT NULL,
  `orderId` varchar(60) DEFAULT NULL,
  `group_id` int(11) DEFAULT NULL,
  PRIMARY KEY (`id`),
  KEY `Subscription_transaction_fbfc09f1` (`user_id`),
  CONSTRAINT `user_id_refs_id_8c4721ea` FOREIGN KEY (`user_id`) REFERENCES `Auth_user` (`id`)
) ENGINE=InnoDB AUTO_INCREMENT=13 DEFAULT CHARSET=latin1;
/*!40101 SET character_set_client = @saved_cs_client */;

--
-- Dumping data for table `Subscription_transaction`
--

LOCK TABLES `Subscription_transaction` WRITE;
/*!40000 ALTER TABLE `Subscription_transaction` DISABLE KEYS */;
INSERT INTO `Subscription_transaction` VALUES (9,'supmit2k3',16,NULL,'$pbkdf2-sha256$200$idH6v3eu1Vqr1fp/z/mfsw$JzgeFnIbI/lyB033zc/ehcxvDgpyUKeeMn9ISm6Set01435776870',189.00,'2015-07-01 20:06:58','Join paid group named \'Creole_Creole\' by user \'supmit2k3\'','PAYU','vns_smitra@yahoo.co.in',0,'cea207d433c149db9d4522d22d8dff8d1435780771307',19),(10,'supmit',17,NULL,'$pbkdf2-sha256$200$3zsHwBhj7P2/19q7V0opxQ$udQBh/fnvd0rTq3F.I5Qi9Wn7MNLornOFfLZuF1TFRw1435854485',10.00,'2015-07-02 17:55:29','Join paid group named \'Test_6\' by user \'supmit\'','PAYU','',0,'fe64a4accbaf45008889b19ae73d54981435859601800',14),(11,'supmit',17,NULL,'$pbkdf2-sha256$200$3zsHwBhj7P2/19q7V0opxQ$udQBh/fnvd0rTq3F.I5Qi9Wn7MNLornOFfLZuF1TFRw1435854485',10.00,'2015-07-02 17:57:15','Join paid group named \'Test_6\' by user \'supmit\'','PAYU','',0,'bca61474440c441395355b4e0f1b2e261435859832815',14),(12,'supmit',17,NULL,'$pbkdf2-sha256$200$3zsHwBhj7P2/19q7V0opxQ$udQBh/fnvd0rTq3F.I5Qi9Wn7MNLornOFfLZuF1TFRw1435854485',10.00,'2015-07-02 17:58:07','Join paid group named \'Test_6\' by user \'supmit\'','PAYU','supmit@rediffmail.com',0,'e37e1596c8cb479fabd14da3591bcc751435859862599',14);
/*!40000 ALTER TABLE `Subscription_transaction` ENABLE KEYS */;
UNLOCK TABLES;

--
-- Table structure for table `Subscription_userplan`
--

DROP TABLE IF EXISTS `Subscription_userplan`;
/*!40101 SET @saved_cs_client     = @@character_set_client */;
/*!40101 SET character_set_client = utf8 */;
CREATE TABLE `Subscription_userplan` (
  `id` int(11) NOT NULL AUTO_INCREMENT,
  `plan_id` varchar(200) NOT NULL,
  `user_id` int(11) NOT NULL,
  `totalcost` decimal(10,2) NOT NULL,
  `amountpaid` decimal(10,2) NOT NULL,
  `amountdue` decimal(10,2) NOT NULL,
  `lastpaydate` datetime NOT NULL,
  `planstartdate` datetime NOT NULL,
  `planenddate` datetime DEFAULT NULL,
  `planstatus` tinyint(1) NOT NULL,
  `subscribedon` datetime DEFAULT NULL,
  `discountpercentapplied` double DEFAULT NULL,
  `discountamountapplied` double DEFAULT NULL,
  PRIMARY KEY (`id`),
  KEY `Subscription_userplan_a57fd7f1` (`plan_id`),
  KEY `Subscription_userplan_fbfc09f1` (`user_id`),
  CONSTRAINT `plan_id_refs_planname_47f755ee` FOREIGN KEY (`plan_id`) REFERENCES `Subscription_plan` (`planname`),
  CONSTRAINT `user_id_refs_id_34f93f73` FOREIGN KEY (`user_id`) REFERENCES `Auth_user` (`id`)
) ENGINE=InnoDB DEFAULT CHARSET=latin1;
/*!40101 SET character_set_client = @saved_cs_client */;

--
-- Dumping data for table `Subscription_userplan`
--

LOCK TABLES `Subscription_userplan` WRITE;
/*!40000 ALTER TABLE `Subscription_userplan` DISABLE KEYS */;
/*!40000 ALTER TABLE `Subscription_userplan` ENABLE KEYS */;
UNLOCK TABLES;

--
-- Table structure for table `Tests_challenge`
--

DROP TABLE IF EXISTS `Tests_challenge`;
/*!40101 SET @saved_cs_client     = @@character_set_client */;
/*!40101 SET character_set_client = utf8 */;
CREATE TABLE `Tests_challenge` (
  `id` int(11) NOT NULL AUTO_INCREMENT,
  `test_id` int(11) NOT NULL,
  `statement` longtext NOT NULL,
  `challengetype` varchar(4) NOT NULL,
  `option1` longtext,
  `option2` longtext,
  `option3` longtext,
  `option4` longtext,
  `option5` longtext,
  `option6` longtext,
  `challengescore` double NOT NULL,
  `negativescore` double NOT NULL,
  `mustrespond` tinyint(1) NOT NULL,
  `responsekey` longtext,
  `additionalurl` varchar(200) DEFAULT NULL,
  `timeframe` int(11) DEFAULT NULL,
  `subtopic_id` int(11) DEFAULT NULL,
  `challengequality` varchar(3) NOT NULL,
  `testlinkid` varchar(200) NOT NULL,
  `option7` longtext,
  `option8` longtext,
  `mediafile` varchar(255) DEFAULT '',
  `maxresponsesizeallowable` int(11) DEFAULT '-1',
  `oneormore` tinyint(1) DEFAULT '1',
  PRIMARY KEY (`id`),
  KEY `Tests_challenge_a88de8dc` (`test_id`),
  KEY `Tests_challenge_d50c7adf` (`subtopic_id`),
  CONSTRAINT `subtopic_id_refs_id_5e9d0e88` FOREIGN KEY (`subtopic_id`) REFERENCES `Tests_subtopic` (`id`),
  CONSTRAINT `test_id_refs_id_7584e499` FOREIGN KEY (`test_id`) REFERENCES `Tests_test` (`id`)
) ENGINE=InnoDB AUTO_INCREMENT=445 DEFAULT CHARSET=utf8mb4;
/*!40101 SET character_set_client = @saved_cs_client */;

--
-- Dumping data for table `Tests_challenge`
--

LOCK TABLES `Tests_challenge` WRITE;
/*!40000 ALTER TABLE `Tests_challenge` DISABLE KEYS */;
INSERT INTO `Tests_challenge` VALUES (1,1,'Challenge #1','MULT','option #1','option #2','option #3','option #4','option #5','',5,0,1,'option #1#||#option #4','',300,NULL,'PRO','c2908158e4784847a9f9fd1c70bdb9d61427270842395','','','10.jpg',-1,1),(2,1,'Challenge #2','MULT','option #1','option #2','option #3','option #4','option #5','option #6',10,0,0,'option #3','',240,NULL,'PRO','c2908158e4784847a9f9fd1c70bdb9d61427270842395','','','4.jpg',-1,0),(3,2,'What is a hash in perl','SUBJ','','','','','','',12,2,0,NULL,'',180,NULL,'PRO','89bac256d3694aa985a16f09e2c6237c1427665454789','','','10.jpg',100,1),(4,2,'Which of the following modules is used for creating a virtual browser?','MULT','warnings','LWP::UserAgent','strict','Class::DBI','HTML::TokeParser','',10,4,0,'LWP::UserAgent','',270,NULL,'BEG','89bac256d3694aa985a16f09e2c6237c1427665454789','','','arrow-active-up.png',-1,0),(5,2,'How do you extract all keys of a dict in perl','MULT','d.keys()','keys(d)','values(d)','','','',6,2,1,'keys(d)','',90,NULL,'PRO','89bac256d3694aa985a16f09e2c6237c1427665454789','','',NULL,-1,1),(6,2,'Which of the following is a scalar variable?\r\n','MULT','@var','%var','$$var','@$var','$var','',5,3,1,'$var','',180,NULL,'PRO','89bac256d3694aa985a16f09e2c6237c1427665454789','','',NULL,-1,1),(7,3,'How is memory management handled in python?','SUBJ','','','','','','',5,0,0,NULL,'',60,NULL,'PRO','997b02f9722c461a8bba309d25d9e6801427734681800','','',NULL,-1,1),(8,3,'(2) Which function returns an iterator object when an iterable object is passed to it as a parameter?','MULT','__iter__()','iter()','next()','yield()','map()','none of the above',4,0,0,'iter()','',60,NULL,'PRO','997b02f9722c461a8bba309d25d9e6801427734681800','','','2col-image1.png',-1,1),(9,3,'What is the difference between range and xrange?','MULT','range returns a list, xrange returns a tuple','range returns an iterator, xrange returns a list','range returns a list, xrange returns an object on demand','','','',6,0,0,'range returns a list, xrange returns an object on demand','',90,NULL,'PRO','997b02f9722c461a8bba309d25d9e6801427734681800','','',NULL,-1,1),(10,3,'What is a decorator in python','MULT','A construct to modify a function','A construct to modify a class','A construct to modify a function or class','None of the above','','',5,0,0,'A construct to modify a function or class','',90,NULL,'PRO','997b02f9722c461a8bba309d25d9e6801427734681800','','',NULL,-1,0),(11,1,'Challenge #3','ALGO','','','','','','',10,0,1,NULL,'',600,NULL,'PRO','c2908158e4784847a9f9fd1c70bdb9d61427270842395','','',NULL,-1,1),(12,1,'What method returns an iterator object when an iterable object is passed to it?','MULT','next()','__iter__()','iter()','yield()','__getattr__','',5,0,1,'iter()','',300,NULL,'PRO','c2908158e4784847a9f9fd1c70bdb9d61427270842395','','',NULL,-1,0),(13,1,'What is a Decorator?','SUBJ','','','','','','',10,0,1,NULL,'',600,NULL,'PRO','c2908158e4784847a9f9fd1c70bdb9d61427270842395','','','4.jpg',200,1),(14,2,'Which control or data structures below can be used to implement a decorator?','MULT','a dictionary','a for loop','a function','a while loop','an if statement','a class',10,0,0,'a function#||#a class','',180,NULL,'PRO','89bac256d3694aa985a16f09e2c6237c1427665454789','a closure','',NULL,-1,1),(15,2,'What is polymorphism?','SUBJ','','','','','','',11,10,0,NULL,'',180,NULL,'PRO','89bac256d3694aa985a16f09e2c6237c1427665454789','','',NULL,200,1),(16,4,'What are decorators?','ALGO','','','','','','',10,0,1,NULL,'',60,NULL,'PRO','f6bc58a6be6a45f3985b3f34e9a172841428165228437','','','9.jpg',-1,1),(17,4,'What functions are to be supported in order to satisfy the iterator protocol?','MULT','iter()','next()','__iter__() and next()','iter() and next()','yield()','none of the above',10,0,1,'__iter__() and next()','',60,NULL,'PRO','f6bc58a6be6a45f3985b3f34e9a172841428165228437','','',NULL,-1,1),(18,4,'Which function is used by a generator function?','MULT','__iter__()','iter()','__getattr__()','yield()','next()','none of the above',10,0,0,'yield()','',60,NULL,'PRO','f6bc58a6be6a45f3985b3f34e9a172841428165228437','','','113.png',-1,0),(19,4,'Which function is used by a generator function?','MULT','__iter__()','iter()','__getattr__()','yield()','next()','none of the above',10,0,0,'yield()','',60,NULL,'PRO','f6bc58a6be6a45f3985b3f34e9a172841428165228437','','','113.png',-1,0),(20,4,'What is the difference between range() and xrange()?','MULT','range() returns a list, xrange() returns a tuple','range() returns an iterator object, xrange() returns a list.','range() returns a list, xrange() returns an iterator object.','range() is faster than xrange()','There is no difference in them.','xrange() is faster than range()',10,0,1,'range() returns a list, xrange() returns an iterator object.#||#xrange() is faster than range()','',60,NULL,'PRO','f6bc58a6be6a45f3985b3f34e9a172841428165228437','','',NULL,-1,1),(21,4,'How is memory managed by the python interpreter','MULT','Using a heap accessible from any user defined script','Using a private heap which only the python interpreter has access to.','None of the above','','','',10,0,0,'Using a private heap which only the python interpreter has access to.','',60,NULL,'PRO','f6bc58a6be6a45f3985b3f34e9a172841428165228437','','','11.jpg',-1,0),(22,4,'Which of the following are web frameworks?','MULT','urllib','BeautifulSoup','BeautifulStoneSoup','Pylons','PIL','Django',10,0,1,'Pylons#||#Django','',60,NULL,'PRO','f6bc58a6be6a45f3985b3f34e9a172841428165228437','','','8.jpg',-1,1),(23,4,'In what sequence is inheritance handled by a class?','MULT','From right to left as entered in the class definition','In arbitrary sequence','Left to right as entered in class definition','From top to bottom as defined','None of the above','',10,0,1,'Left to right as entered in class definition','',60,NULL,'PRO','f6bc58a6be6a45f3985b3f34e9a172841428165228437','','',NULL,-1,0),(24,4,'What is operator overloading, and how is it handled in Python?','SUBJ','','','','','','',20,0,0,NULL,'',60,NULL,'PRO','f6bc58a6be6a45f3985b3f34e9a172841428165228437','','',NULL,300,1),(25,5,'What is the name of the function that is used to create a generator?','MULT','iter()','next()','yield()','__iter__()','__getattr__()','',10,0,0,'yield()','',60,NULL,'PRO','6dbf794cefcb4ebe84918091311b84311428423096861','','','11.jpg',-1,0),(26,5,'What function is called to access the next element in an iterator?','MULT','iter()','__iter__()','yield()','__getattr__()','next()','',10,0,1,'next()','',60,NULL,'PRO','6dbf794cefcb4ebe84918091311b84311428423096861','','',NULL,-1,0),(27,5,'What is a decorator?','SUBJ','','','','','','',10,0,0,NULL,'',60,NULL,'PRO','6dbf794cefcb4ebe84918091311b84311428423096861','','',NULL,200,1),(28,5,'How is memory management implemented in python?','SUBJ','','','','','','',10,0,1,NULL,'',60,NULL,'PRO','6dbf794cefcb4ebe84918091311b84311428423096861','','',NULL,-1,1),(29,6,'Find the correct option below:','MULT','check #1','check #2','check #3','Here is a fourth option','and here is the fifth','',10,0,0,'Here is a fourth option','',90,NULL,'PRO','d3b6196a19034014a14ff81a042c2a341428684800695','','','9.jpg',-1,1),(30,6,'What is something blah blah...','FILB','','','','','','',10,0,0,'nothing','',90,NULL,'PRO','d3b6196a19034014a14ff81a042c2a341428684800695','','',NULL,-1,1),(31,6,'Which of the following things is correct about something?','MULT','Something like anything','Something like nothing','Nothing like Nothing','Nothing is anything','Something is bad, but good','Anything is none of the above',10,0,1,'Nothing like Nothing#||#Anything is none of the above','',90,NULL,'PRO','d3b6196a19034014a14ff81a042c2a341428684800695','','',NULL,-1,1),(32,6,'What is the rule of yadda yadda yaddda yadda..... ','SUBJ','','','','','','',10,0,0,NULL,'',120,NULL,'PRO','d3b6196a19034014a14ff81a042c2a341428684800695','','','7.jpg',200,1),(33,7,'Challenge 1','ALGO','','','','','','',10,0,0,NULL,'',240,NULL,'INT','4abf3f7254f0491ca6615cbb419f0a4f1428759387116','','',NULL,-1,1),(34,7,'Challenge #2','ALGO','','','','','','',10,0,1,NULL,'',240,NULL,'PRO','4abf3f7254f0491ca6615cbb419f0a4f1428759387116','','',NULL,200,1),(35,7,'Challenge #3','ALGO','','','','','','',10,0,0,NULL,'',300,NULL,'INT','4abf3f7254f0491ca6615cbb419f0a4f1428759387116','','',NULL,200,1),(36,7,'Challenge #4','ALGO','','','','','','',5,0,0,NULL,'',180,NULL,'INT','4abf3f7254f0491ca6615cbb419f0a4f1428759387116','','',NULL,100,1),(37,7,'Challenge #5','ALGO','','','','','','',5,0,1,NULL,'',180,NULL,'INT','4abf3f7254f0491ca6615cbb419f0a4f1428759387116','','',NULL,-1,1),(38,2,'what is blah blah blah?','MULT','hello','Hi','which...','where...','when...','what...',10,0,0,'Hi  #||#when...#||#what...','',60,NULL,'PRO','89bac256d3694aa985a16f09e2c6237c1427665454789','why...','','139726.jpg',-1,1),(39,8,'new challenge test on opera','SUBJ','','','','','','',5,0,0,NULL,'',120,NULL,'PRO','df5e7233c5694d43823fa6699a26727f1431250891837','','','139726.jpg',100,1),(40,3,'What is decorator pattern?','ALGO','','','','','','',10,0,0,NULL,'',60,NULL,'PRO','997b02f9722c461a8bba309d25d9e6801427734681800','','','139729_256x384.jpg',-1,1),(41,3,'What is factory pattern?','ALGO','','','','','','',10,0,0,NULL,'',60,NULL,'PRO','997b02f9722c461a8bba309d25d9e6801427734681800','','','139727_128x192.jpg',-1,1),(52,11,'What is a test in TestYard?','MULT','It is just a zzzzzzzz test.','It is not a test.','It is a free-form test.','It is a \'test\' with a capital T.','None of the above','',10,0,1,'It is a free-form test.','',300,NULL,'INT','','','','/home/supriyo/work/existing_project/rocksocialrest/rocksocialrest/media/uploads/books/imageresized/101_Mystics_of_India_128x192.jpg',-1,1),(53,11,'Why do you want to use TestYard to create a test?','MULT','Because a TestYard test is easy','Because the score from a TestYard test can be shared across a group with a looking for similar skills','Because a TestYard test id difficult','Because a TestYard test can be used as a skills filtering layer','All of the above','',11,0,1,NULL,'',300,NULL,'PRO','','','','/home/supriyo/work/existing_project/rocksocialrest/rocksocialrest/media/uploads/books/imageresized/Aarogya_Spandan_Marathi_November_2013_80x120.jpg',-1,1),(54,11,'When would you want to use a TestYard test?','SUBJ','','','','','','',10,0,1,'','',300,NULL,'INT','','','','/home/supriyo/work/existing_project/rocksocialrest/rocksocialrest/media/uploads/books/imageresized/Aarogya_Spandan_Marathi_November_2013_80x120.jpg',-1,0),(55,11,'What is so special about a TestYard test?','CODN','','','','','','',10,0,1,'','',300,NULL,'INT','','','','',-1,0),(56,11,'Why would I want to become a member on TestYard?','MULT','Because I find similarly skilled individuals easier from the groups','Another option','Because it makes my life easier with recruiting skilled individuals','Yet another option','A fifth option','None of the above',10,0,1,'Because it makes my life easier with recruiting skilled individuals|Because I find similarly skilled individuals easier from the groups','http://www.testyard.com/',300,NULL,'INT','','','','',-1,1),(57,12,'What is a test in TestYard?','MULT','It is just a zzzzzzzz test.','It is not a test.','It is a free-form test.','It is a \'test\' with a capital T.','None of the above','',10,0,1,'It is a free-form test.',NULL,NULL,NULL,'INT','','','','/home/supriyo/work/existing_project/rocksocialrest/rocksocialrest/media/uploads/books/imageresized/101_Mystics_of_India_128x192.jpg',-1,1),(58,12,'Why do you want to use TestYard to create a test?','MULT','Because a TestYard test is easy','Because the score from a TestYard test can be shared across a group with a looking for similar skills','Because a TestYard test id difficult','Because a TestYard test can be used as a skills filtering layer','All of the above','',10,0,1,'Because the score from a TestYard test can be shared across a group with a looking for similar skills|Because a TestYard test can be used as a skills filtering layer',NULL,NULL,NULL,'PRO','','','','/home/supriyo/work/existing_project/rocksocialrest/rocksocialrest/media/uploads/books/imageresized/Aarogya_Spandan_Marathi_November_2013_80x120.jpg',-1,1),(59,12,'When would you want to use a TestYard test?','SUBJ','','','','','','',10,0,1,NULL,NULL,NULL,NULL,'INT','','','','/home/supriyo/work/existing_project/rocksocialrest/rocksocialrest/media/uploads/books/imageresized/Aarogya_Spandan_Marathi_November_2013_80x120.jpg',-1,NULL),(60,12,'What is so special about a TestYard test?','CODN','','','','','','',10,0,1,NULL,NULL,NULL,NULL,'INT','','','',NULL,-1,NULL),(61,12,'Why would I want to become a member on TestYard?','MULT','Because I find similarly skilled individuals easier from the groups','Another option','Because it makes my life easier with recruiting skilled individuals','Yet another option','A fifth option','None of the above',10,0,1,'Because it makes my life easier with recruiting skilled individuals|Because I find similarly skilled individuals easier from the groups','http://www.testyard.com/',NULL,NULL,'INT','','','',NULL,-1,1),(73,8,'ANother one','MULT','Option #1','Option #2','Option #3','Option #4','Option #5','Option #6',5,0,0,'Option #2#||#Option #4','',120,NULL,'INT','df5e7233c5694d43823fa6699a26727f1431250891837','','',NULL,-1,1),(74,8,'A third challenge','MULT','Option #1','Option #2','Option #3','Option #4','Option #5','',5,0,0,'Option #3','',120,NULL,'INT','df5e7233c5694d43823fa6699a26727f1431250891837','','',NULL,-1,0),(75,8,'Yet another challenge','MULT','Option #1','Option #2','Option #3','Option #4','Option #5','all of the above',5,0,0,'Option #2','',60,NULL,'INT','df5e7233c5694d43823fa6699a26727f1431250891837','','',NULL,-1,0),(76,13,'This is the first challenge of this new test. When is the independence day of India?','MULT','This is choice #1','This is choice #2','This is choice #3','This is choice #4','This is choice #5','This is choice #6',5,0,0,'This is choice #2#||#This is choice #4','http://zwibbler.com/',120,NULL,'INT','d64860e7b2964f4484b7f8ede02aa1f81439562514212','','','HomeScreen.png',-1,1),(77,13,'India gained independence from which nation?','FILB','','','','','','',5,0,0,'Great Britain','',120,NULL,'INT','d64860e7b2964f4484b7f8ede02aa1f81439562514212','','','t13_1440337094.png',-1,1),(78,13,'Who was the first prime minister of India\r\n\r\n∫ødø + ∯ø²dø','MULT','Sardar Ballavbhai Patel','motherchod gandhi','harami nehru','choot ki dhakkan rajiv gandhi','military bose','mera baap',5,0,1,'harami nehru','http://math.typeit.org/',120,NULL,'INT','d64860e7b2964f4484b7f8ede02aa1f81439562514212','','','t13_1441846522.png',-1,0),(79,13,'Name the company which enslaved India 300 years back?','MULT','Unilever','Belgian American Radio Company','East India Company','Rockstand Digital Pvt Ltd','Bengal Chemicals','Tisco',6,0,0,NULL,'',180,NULL,'INT','d64860e7b2964f4484b7f8ede02aa1f81439562514212','','','q12.png',-1,0),(80,13,'What is the national anthem of India? (Hint: None)','SUBJ','','','','','','',5,0,0,NULL,'',120,NULL,'INT','d64860e7b2964f4484b7f8ede02aa1f81439562514212','','','t13_1440610920.png',40,1),(81,13,'Which great Indian poet won the Nobel Prize during British rule in India?\r\n\r\n∛27 = ?','MULT','Munshi Premchand','Rabindranath Tagore','William Wordsworth','My baap','Your baap','no one',5,0,1,'Rabindranath Tagore','',180,NULL,'INT','d64860e7b2964f4484b7f8ede02aa1f81439562514212','','','t13_1440794297.png',-1,0),(82,13,'This is the seventh challenge. I was hoping to wrap all textarea controls with a richtext editor (like tinymce), but for some reason, the richtext editor(tinymce) isn\"t working on my textarea controls (possibly because these screens are loaded at runtime and tinymce has problems identifying such containers). Anyway, the question is what is the probability I would be able to fit this with a rich text editor by tomorrow?','MULT','0.5','0.7','0.75','0.8','0.9','Cant say',5,0,0,NULL,'',120,NULL,'INT','d64860e7b2964f4484b7f8ede02aa1f81439562514212','','','t13_1440356926.png',-1,0),(83,13,'Which is the largest state of India?\r\n\r\nΔ∉∃⇒⇔⊕∀S','MULT','Bihar','Madhya Pradesh','West Bengal','Uttar Pradesh','Karnataka','Tamil Nadu',5,0,0,'Uttar Pradesh','',120,NULL,'PRO','d64860e7b2964f4484b7f8ede02aa1f81439562514212','Kerala','','t13_1440794444.png',-1,0),(84,14,'This is question number 1 to test tinymce. Not working on firefox.','CODN','','','','','','',5,0,0,NULL,'',120,NULL,'INT','b3820feefd4b44fd83f98b5aec72a9d91439574901645','','','t14_1440340530.png',200,1),(85,15,'Challenge #1: What is the capital of India?','MULT','Kolkata','Chennai','Mumbai','New Delhi','Bhopal','Hyderabad',5,0,0,'New Delhi','',7200,NULL,'PRO','a79b81d2470d495ab5818b4f123e2fc41439715751521','None of the above','','t15_1440343297.png',-1,1),(86,15,'what is the capital of the United States of America?','MULT','New York','Chicago','Buffalo','Washington','San Fransisco','California',5,0,0,'Washington','',7200,NULL,'PRO','a79b81d2470d495ab5818b4f123e2fc41439715751521','None of the above','None of the above','reason_nodoc',-1,0),(87,14,'In which country is the famous \"Yellowstone National Park\" located?\r\n\r\n(α + β)² = α² + 2αβ + β² ','MULT','India','Myanmar','Japan','France','North America','South America',6,0,1,'North America','http://math.typeit.org/',120,NULL,'INT','b3820feefd4b44fd83f98b5aec72a9d91439574901645','Uganda','None of the above','t14_1440412100.png',-1,0),(88,14,'What is the expansion for the following expression:\r\n\r\n(α + β)²','MULT','α³ + 3αβ + β²','α² + 3αβ + β²','α² + 2αβ + β²','α³ + 3α²β + 3αβ² + β³','None of the above','',4,0,1,'α² + 2αβ + β²','',120,NULL,'INT','b3820feefd4b44fd83f98b5aec72a9d91439574901645','','','Rockstand Publisher Portal-add emagazine.png',-1,1),(89,14,'This is challenge 4. This is a test challenge to test how to upload a image created from the application\'s canvas.','MULT','choice #1','choice #2','choice #3','choice #4','choice #5','None of the above',5,0,0,'choice #2#||#choice #4','',120,NULL,'INT','b3820feefd4b44fd83f98b5aec72a9d91439574901645','','','t14_1440614155.png',-1,1),(90,14,'This is the fifth challenge of this test. One more test to test canvas images.... Blah blah!!!','ALGO','','','','','','',5,0,0,NULL,'',120,NULL,'INT','b3820feefd4b44fd83f98b5aec72a9d91439574901645','','','t14_1440791658.png',400,1),(91,15,'Which great city in India is also called the \"City of Joy\"?','MULT','New Delhi','Delhi','Mumbai','Bangalore','Pune','Ranchi',5,0,0,'Kolkata','',7200,NULL,'PRO','a79b81d2470d495ab5818b4f123e2fc41439715751521','Kolkata','Lucknow','t15_1440612644.png',-1,1),(92,16,'This is question number 1 to test tinymce. Not working on firefox.','FILB','','','','','','',5,0,0,'test response','',60,NULL,'INT','d604ccf629b149958a8c5bf2cd6d42a21443974233169','','','t14_1440340530.png',-1,1),(93,16,'In which country is the famous \"Yellowstone National Park\" located?\r\n\r\n(α + β)² = α² + 2αβ + β² ','MULT','India','Myanmar','Japan','France','North America','South America',6,0,1,'North America','http://math.typeit.org/',7200,NULL,'INT','d604ccf629b149958a8c5bf2cd6d42a21443974233169','Uganda','None of the above','t14_1440412100.png',-1,0),(94,16,'What is the expansion for the following expression:\r\n\r\n(α + β)²','MULT','α³ + 3αβ + β²','α² + 3αβ + β²','α² + 2αβ + β²','α³ + 3α²β + 3αβ² + β³','None of the above','',4,0,1,'α² + 2αβ + β²','',7200,NULL,'INT','d604ccf629b149958a8c5bf2cd6d42a21443974233169','','','Rockstand Publisher Portal-add emagazine.png',-1,1),(95,16,'This is challenge 4. This is a test challenge to test how to upload a image created from the application\'s canvas.','MULT','choice #1','choice #2','choice #3','choice #4','choice #5','None of the above',5,0,0,'choice #2#||#choice #4','',7200,NULL,'INT','d604ccf629b149958a8c5bf2cd6d42a21443974233169','','','t14_1440614155.png',-1,1),(96,16,'This is the fifth challenge of this test. One more test to test canvas images.... Blah blah!!!','ALGO','','','','','','',6,0,0,NULL,'',7200,NULL,'INT','d604ccf629b149958a8c5bf2cd6d42a21443974233169','','','t14_1440791658.png',400,1),(97,17,'What is a decorator in python?','SUBJ','','','','','','',5,0,0,NULL,'',60,NULL,'INT','39229992c1ae4e7faeea38b3a81228bf1444123456865','','',NULL,100,1),(98,18,'what gets printed?\r\n\r\ndef f(): pass\r\nprint type(f())','MULT','type \'function\'','type \'tuple\'','type \'NoneType\'','type \'str\'','type \'type\'','',4,0,0,'type ','',600,NULL,'INT','523b9c876d634ea6b8a72ffc76edc4e21444262132747','','',NULL,-1,0),(99,18,'What is the output of the following?\r\n\r\nx = [\'ab\', \'cd\']\r\nfor i in x:\r\n    i.upper()\r\nprint(x)','MULT','[\'ab\', \'cd\']','[\'AB\', \'CD\']','[None, None]','none of the mentioned','','',4,0,0,'[','',600,NULL,'INT','523b9c876d634ea6b8a72ffc76edc4e21444262132747','','',NULL,-1,0),(100,18,'What is the output of the following?\r\n\r\n\r\nx = [\'ab\', \'cd\']\r\nfor i in x:\r\n    x.append(i.upper())\r\nprint(x)','MULT','[\'AB\', \'CD\']','[\'ab\', \'cd\', \'AB\', \'CD\']','[\'ab\', \'cd\']','none of the mentioned','','',4,0,0,'none of the mentioned','',600,NULL,'INT','523b9c876d634ea6b8a72ffc76edc4e21444262132747','','',NULL,-1,0),(101,18,'what is the output of the below program?\r\n\r\na = [1,2,3,None,(),[],]\r\nprint len(a)','MULT','syntax error','4','5','6','7','',4,0,0,'4','',600,NULL,'INT','523b9c876d634ea6b8a72ffc76edc4e21444262132747','','',NULL,-1,1),(102,18,'What is the output of the following?\r\n\r\ni = 1\r\nwhile True:\r\n    if i%3 == 0:\r\n        break\r\n    print(i)\r\n    i + = 1','MULT','1 2','1 2 3','error','none of the mentioned','','',4,0,0,'error','',600,NULL,'INT','523b9c876d634ea6b8a72ffc76edc4e21444262132747','','',NULL,-1,1),(103,18,'what gets printed? Assuming python version 3.x\r\n\r\nprint (type(1/2))','MULT','type \'int\'','type \'number\'','type \'float\'','type \'double\'','type \'tuple\'','',5,0,0,'type ','',600,NULL,'BEG','523b9c876d634ea6b8a72ffc76edc4e21444262132747','','',NULL,-1,0),(104,18,'What is the output of the following?\r\n\r\ni = 1\r\nwhile True:\r\n    if i%0O7 == 0:\r\n        break\r\n    print(i)\r\n    i += 1','MULT','1 2 3 4 5 6','1 2 3 4 5 6 7','error','none of the mentioned','','',5,0,0,'1 2 3 4 5 6','',600,NULL,'INT','523b9c876d634ea6b8a72ffc76edc4e21444262132747','','',NULL,-1,0),(105,14,'What is the difference between a perl program and a shell script?','SUBJ','','','','','','',5,0,0,NULL,'',120,NULL,'INT','b3820feefd4b44fd83f98b5aec72a9d91439574901645','','',NULL,100,1),(106,14,'What is -> symbol in perl?','MULT','Shift operator','Call a method on an object or package','No such operator exists in perl','Copy an object to another object','None of the above','',5,0,0,'Call a method on an object or package','',120,NULL,'INT','b3820feefd4b44fd83f98b5aec72a9d91439574901645','','',NULL,-1,0),(107,14,'How to remove a directory which has few files in it?','SUBJ','','','','','','',5,0,0,NULL,'',120,NULL,'BEG','b3820feefd4b44fd83f98b5aec72a9d91439574901645','','',NULL,100,1),(108,14,'What is the difference between die and exit in perl?','MULT','die will exit quietly, whereas the exit returns with a comment to stderr','There is no difference at all','Die will print a message to the std err, then exit with a non-zero return code. \'exit\' will terminate with a specific code passed to it by the user.','Die terminates the entire program but exit only returns from the current method','Die is outdated, exit is newly implemented','None of the above',5,0,0,'Die will print a message to the std err, then exit with a non-zero return code. ','',120,NULL,'INT','b3820feefd4b44fd83f98b5aec72a9d91439574901645','','',NULL,-1,1),(109,14,'What does \'chomp\' do?','MULT','chomp removes the last character from a given string','chomp removes the first character of the string','chomp removes newline characters at the begining of the string','chomp removes the line end character at the end of the string (if any such character exists)','None of the above','',5,0,0,'chomp removes the line end character at the end of the string (if any such character exists)','',120,NULL,'BEG','b3820feefd4b44fd83f98b5aec72a9d91439574901645','','',NULL,-1,0),(110,17,'Explain the difference between a class and an object.','SUBJ','','','','','','',5,0,0,NULL,'',60,NULL,'INT','39229992c1ae4e7faeea38b3a81228bf1444123456865','','',NULL,100,1),(111,17,'Explain the difference between managed and unmanaged code.','SUBJ','','','','','','',5,0,0,NULL,'',60,NULL,'INT','39229992c1ae4e7faeea38b3a81228bf1444123456865','','',NULL,100,1),(112,17,'Explain the difference between the while and for loop. Provide a .NET syntax for both loops.','SUBJ','','','','','','',4,0,0,NULL,'',60,NULL,'INT','39229992c1ae4e7faeea38b3a81228bf1444123456865','','',NULL,150,1),(113,17,'Explain the difference between boxing and unboxing. Provide an example.','SUBJ','','','','','','',4,0,0,NULL,'',60,NULL,'INT','39229992c1ae4e7faeea38b3a81228bf1444123456865','','',NULL,100,1),(114,17,'Discuss the difference between constants and read-only variables.','SUBJ','','','','','','',4,0,0,NULL,'',60,NULL,'INT','39229992c1ae4e7faeea38b3a81228bf1444123456865','','',NULL,200,1),(115,17,'Explain what LINQ is.','SUBJ','','','','','','',5,0,0,NULL,'',60,NULL,'INT','39229992c1ae4e7faeea38b3a81228bf1444123456865','','',NULL,200,1),(116,17,'Discuss what garbage collection is and how it works. Provide a code example of how you can enforce garbage collection in .NET.','SUBJ','','','','','','',4,0,0,NULL,'',60,NULL,'INT','39229992c1ae4e7faeea38b3a81228bf1444123456865','','',NULL,200,1),(117,17,'What do the following acronyms in .NET stand for: IL, CIL, MSIL, CLI and JIT?','SUBJ','','','','','','',4,0,0,NULL,'',60,NULL,'INT','39229992c1ae4e7faeea38b3a81228bf1444123456865','','',NULL,25,1),(118,16,'This is a fill up the blank question. Who is the creator of python computer programming language?','FILB','','','','','','',5,0,0,'Guido Van Rossum','',60,NULL,'INT','d604ccf629b149958a8c5bf2cd6d42a21443974233169','','',NULL,-1,1),(119,16,'Who is the creator of the perl programming language?','FILB','','','','','','',5,0,0,'Larry Wall','',60,NULL,'INT','d604ccf629b149958a8c5bf2cd6d42a21443974233169','','',NULL,-1,1),(120,16,'What is the full form for the term ORM?','FILB','','','','','','',4,0,0,'Object Relational Mapping','',60,NULL,'INT','d604ccf629b149958a8c5bf2cd6d42a21443974233169','','',NULL,-1,1),(121,16,'Name a popular python framework for web development?','FILB','','','','','','',5,0,0,'django','',60,NULL,'INT','d604ccf629b149958a8c5bf2cd6d42a21443974233169','','',NULL,-1,1),(122,16,'Name a javascript framework for development of web applications?','FILB','','','','','','',5,0,0,'NodeJS','',60,NULL,'INT','d604ccf629b149958a8c5bf2cd6d42a21443974233169','','',NULL,-1,1),(123,20,'What is a decorator in python?','SUBJ','','','','','','',5,0,0,NULL,'',60,NULL,'PRO','e2db452cc2d24b32bd6d4eddf65652b71444947530505','','',NULL,100,1),(124,20,'what function is used to create a generator?','MULT','getattr()','next()','iter()','yield()','None of the above','',5,0,0,'yield()','',60,NULL,'PRO','e2db452cc2d24b32bd6d4eddf65652b71444947530505','','',NULL,-1,0),(125,20,'What functions must be implemented to make an iterator?','MULT','yield()','next()','getattribute()','iter()','next() and __iter__()','None of the above',5,0,0,'next() and __iter__()','',90,NULL,'INT','e2db452cc2d24b32bd6d4eddf65652b71444947530505','','',NULL,-1,1),(126,20,'xrange returns a _____ object','FILB','','','','','','',5,0,0,'generator','',60,NULL,'PRO','e2db452cc2d24b32bd6d4eddf65652b71444947530505','','',NULL,-1,1),(127,21,'Challenge #1','MULT','option #1','option #2','option #3','option #4','option #5','',5,0,1,'option #1#||#option #4','',300,NULL,'PRO','2c5297bbbbb548bfb4e2dd0f16f820601450546185243','','','10.jpg',-1,1),(128,21,'Challenge #2','MULT','option #1','option #2','option #3','option #4','option #5','option #6',10,0,0,'option #3','',240,NULL,'PRO','2c5297bbbbb548bfb4e2dd0f16f820601450546185243','','','4.jpg',-1,0),(129,21,'Challenge #3','ALGO','','','','','','',10,0,1,NULL,'',600,NULL,'PRO','2c5297bbbbb548bfb4e2dd0f16f820601450546185243','','',NULL,-1,1),(130,21,'What method returns an iterator object when an iterable object is passed to it?','MULT','next()','__iter__()','iter()','yield()','__getattr__','',5,0,1,'iter()','',300,NULL,'PRO','2c5297bbbbb548bfb4e2dd0f16f820601450546185243','','',NULL,-1,0),(131,21,'What is a Decorator?','SUBJ','','','','','','',10,0,1,NULL,'',600,NULL,'PRO','2c5297bbbbb548bfb4e2dd0f16f820601450546185243','','','4.jpg',200,1),(132,22,'What is a decorator in python?','SUBJ','','','','','','',5,0,0,NULL,'',60,NULL,'PRO','3c317a702e2d43cb8e2d081d3288fbab1450546265028','','',NULL,100,1),(133,22,'what function is used to create a generator?','MULT','getattr()','next()','iter()','yield()','None of the above','',5,0,0,'yield()','',60,NULL,'PRO','3c317a702e2d43cb8e2d081d3288fbab1450546265028','','',NULL,-1,0),(134,22,'What functions must be implemented to make an iterator?','MULT','yield()','next()','getattribute()','iter()','next() and __iter__()','None of the above',5,0,0,'next() and __iter__()','',90,NULL,'INT','3c317a702e2d43cb8e2d081d3288fbab1450546265028','','',NULL,-1,1),(135,22,'xrange returns a _____ object','FILB','','','','','','',5,0,0,'generator','',60,NULL,'PRO','3c317a702e2d43cb8e2d081d3288fbab1450546265028','','',NULL,-1,1),(136,23,'This is question number 1 to test tinymce. Not working on firefox.','FILB','','','','','','',5,0,0,'test response','',60,NULL,'INT','f750f9c6998b4b0f9b5b3d06d51aaeb71450546486050','','','t14_1440340530.png',-1,1),(137,23,'In which country is the famous \"Yellowstone National Park\" located?\r\n\r\n(α + β)² = α² + 2αβ + β² ','MULT','India','Myanmar','Japan','France','North America','South America',6,0,1,'North America','http://math.typeit.org/',7200,NULL,'INT','f750f9c6998b4b0f9b5b3d06d51aaeb71450546486050','Uganda','None of the above','t14_1440412100.png',-1,0),(138,23,'What is the expansion for the following expression:\r\n\r\n(α + β)²','MULT','α³ + 3αβ + β²','α² + 3αβ + β²','α² + 2αβ + β²','α³ + 3α²β + 3αβ² + β³','None of the above','',4,0,1,'α² + 2αβ + β²','',7200,NULL,'INT','f750f9c6998b4b0f9b5b3d06d51aaeb71450546486050','','','Rockstand Publisher Portal-add emagazine.png',-1,1),(139,23,'This is challenge 4. This is a test challenge to test how to upload a image created from the application\'s canvas.','MULT','choice #1','choice #2','choice #3','choice #4','choice #5','None of the above',5,0,0,'choice #2#||#choice #4','',7200,NULL,'INT','f750f9c6998b4b0f9b5b3d06d51aaeb71450546486050','','','t14_1440614155.png',-1,1),(140,23,'This is the fifth challenge of this test. One more test to test canvas images.... Blah blah!!!','ALGO','','','','','','',6,0,0,NULL,'',7200,NULL,'INT','f750f9c6998b4b0f9b5b3d06d51aaeb71450546486050','','','t14_1440791658.png',400,1),(141,23,'This is a fill up the blank question. Who is the creator of python computer programming language?','FILB','','','','','','',5,0,0,'Guido Van Rossum','',60,NULL,'INT','f750f9c6998b4b0f9b5b3d06d51aaeb71450546486050','','',NULL,-1,1),(142,23,'Who is the creator of the perl programming language?','FILB','','','','','','',5,0,0,'Larry Wall','',60,NULL,'INT','f750f9c6998b4b0f9b5b3d06d51aaeb71450546486050','','',NULL,-1,1),(143,23,'What is the full form for the term ORM?','FILB','','','','','','',4,0,0,'Object Relational Mapping','',60,NULL,'INT','f750f9c6998b4b0f9b5b3d06d51aaeb71450546486050','','',NULL,-1,1),(144,23,'Name a popular python framework for web development?','FILB','','','','','','',5,0,0,'django','',60,NULL,'INT','f750f9c6998b4b0f9b5b3d06d51aaeb71450546486050','','',NULL,-1,1),(145,23,'Name a javascript framework for development of web applications?','FILB','','','','','','',5,0,0,'NodeJS','',60,NULL,'INT','f750f9c6998b4b0f9b5b3d06d51aaeb71450546486050','','',NULL,-1,1),(146,24,'What is a decorator in python?','SUBJ','','','','','','',5,0,0,NULL,'',60,NULL,'INT','c1d7cd5ce16a4c9e8ac3f9771d4fa29d1450739826178','','',NULL,100,1),(147,24,'Explain the difference between a class and an object.','SUBJ','','','','','','',5,0,0,NULL,'',60,NULL,'INT','c1d7cd5ce16a4c9e8ac3f9771d4fa29d1450739826178','','',NULL,100,1),(148,24,'Explain the difference between managed and unmanaged code.','SUBJ','','','','','','',5,0,0,NULL,'',60,NULL,'INT','c1d7cd5ce16a4c9e8ac3f9771d4fa29d1450739826178','','',NULL,100,1),(149,24,'Explain the difference between the while and for loop. Provide a .NET syntax for both loops.','SUBJ','','','','','','',4,0,0,NULL,'',60,NULL,'INT','c1d7cd5ce16a4c9e8ac3f9771d4fa29d1450739826178','','',NULL,150,1),(150,24,'Explain the difference between boxing and unboxing. Provide an example.','SUBJ','','','','','','',4,0,0,NULL,'',60,NULL,'INT','c1d7cd5ce16a4c9e8ac3f9771d4fa29d1450739826178','','',NULL,100,1),(151,24,'Discuss the difference between constants and read-only variables.','SUBJ','','','','','','',4,0,0,NULL,'',60,NULL,'INT','c1d7cd5ce16a4c9e8ac3f9771d4fa29d1450739826178','','',NULL,200,1),(152,24,'Explain what LINQ is.','SUBJ','','','','','','',5,0,0,NULL,'',60,NULL,'INT','c1d7cd5ce16a4c9e8ac3f9771d4fa29d1450739826178','','',NULL,200,1),(153,24,'Discuss what garbage collection is and how it works. Provide a code example of how you can enforce garbage collection in .NET.','SUBJ','','','','','','',4,0,0,NULL,'',60,NULL,'INT','c1d7cd5ce16a4c9e8ac3f9771d4fa29d1450739826178','','',NULL,200,1),(154,24,'What do the following acronyms in .NET stand for: IL, CIL, MSIL, CLI and JIT?','SUBJ','','','','','','',4,0,0,NULL,'',60,NULL,'INT','c1d7cd5ce16a4c9e8ac3f9771d4fa29d1450739826178','','',NULL,25,1),(212,73,'What is a test in TestYard?','MULT','It is just a zzzzzzzz test.','It is not a test.','It is a free-form test.','It is a \'test\' with a capital T.','None of the above','',10,0,1,'It is a free-form test.','',5,NULL,'INT','c3718556d5f644bc8f5818e48c6e9bc71450920538788','','','/home/supriyo/work/existing_project/rocksocialrest/rocksocialrest/media/uploads/books/imageresized/101_Mystics_of_India_128x192.jpg',-1,1),(213,73,'Why do you want to use TestYard to create a test?','MULT','Because a TestYard test is easy','Because the score from a TestYard test can be shared across a group with a looking for similar skills','Because a TestYard test is difficult','Because a TestYard test can be used as a skills filtering layer','All of the above','',10,0,1,'Because the score from a TestYard test can be shared across a group with a looking for similar skills|Because a TestYard test can be used as a skills filtering layer','',5,NULL,'PRO','c3718556d5f644bc8f5818e48c6e9bc71450920538788','','','/home/supriyo/work/existing_project/rocksocialrest/rocksocialrest/media/uploads/books/imageresized/Aarogya_Spandan_Marathi_November_2013_80x120.jpg',-1,1),(214,73,'When would you want to use a TestYard test?','SUBJ','','','','','','',10,0,1,'','',5,NULL,'INT','c3718556d5f644bc8f5818e48c6e9bc71450920538788','','','/home/supriyo/work/existing_project/rocksocialrest/rocksocialrest/media/uploads/books/imageresized/Aarogya_Spandan_Marathi_November_2013_80x120.jpg',-1,0),(215,73,'What is so special about a TestYard test?','CODN','','','','','','',10,0,1,'','',5,NULL,'INT','c3718556d5f644bc8f5818e48c6e9bc71450920538788','','','',-1,0),(216,73,'Why would I want to become a member on TestYard?','MULT','Because I find similarly skilled individuals easier from the groups','Another option','Because it makes my life easier with recruiting skilled individuals','Yet another option','A fifth option','None of the above',10,0,1,'Because it makes my life easier with recruiting skilled individuals|Because I find similarly skilled individuals easier from the groups','http://www.testyard.com/',5,NULL,'INT','c3718556d5f644bc8f5818e48c6e9bc71450920538788','','','',-1,1),(217,74,'What is a test in TestYard?','MULT','It is just a zzzzzzzz test.','It is not a test.','It is a free-form test.','It is a \'test\' with a capital T.','None of the above','',10,0,1,'It is a free-form test.','',5,NULL,'INT','c3718556d5f644bc8f5818e48c6e9bc71450920538788','','','/home/supriyo/work/existing_project/rocksocialrest/rocksocialrest/media/uploads/books/imageresized/101_Mystics_of_India_128x192.jpg',-1,1),(218,74,'Why do you want to use TestYard to create a test?','MULT','Because a TestYard test is easy','Because the score from a TestYard test can be shared across a group with a looking for similar skills','Because a TestYard test is difficult','Because a TestYard test can be used as a skills filtering layer','All of the above','',10,0,1,'Because the score from a TestYard test can be shared across a group with a looking for similar skills|Because a TestYard test can be used as a skills filtering layer','',5,NULL,'PRO','c3718556d5f644bc8f5818e48c6e9bc71450920538788','','','/home/supriyo/work/existing_project/rocksocialrest/rocksocialrest/media/uploads/books/imageresized/Aarogya_Spandan_Marathi_November_2013_80x120.jpg',-1,1),(219,74,'When would you want to use a TestYard test?','SUBJ','','','','','','',10,0,1,'','',5,NULL,'INT','c3718556d5f644bc8f5818e48c6e9bc71450920538788','','','/home/supriyo/work/existing_project/rocksocialrest/rocksocialrest/media/uploads/books/imageresized/Aarogya_Spandan_Marathi_November_2013_80x120.jpg',-1,0),(220,74,'What is so special about a TestYard test?','CODN','','','','','','',10,0,1,'','',5,NULL,'INT','c3718556d5f644bc8f5818e48c6e9bc71450920538788','','','',-1,0),(221,74,'Why would I want to become a member on TestYard?','MULT','Because I find similarly skilled individuals easier from the groups','Another option','Because it makes my life easier with recruiting skilled individuals','Yet another option','A fifth option','None of the above',10,0,1,'Because it makes my life easier with recruiting skilled individuals|Because I find similarly skilled individuals easier from the groups','http://www.testyard.com/',5,NULL,'INT','c3718556d5f644bc8f5818e48c6e9bc71450920538788','','','',-1,1),(222,75,'What is a test in TestYard?','MULT','It is just a zzzzzzzz test.','It is not a test.','It is a free-form test.','It is a \'test\' with a capital T.','None of the above','',10,0,1,'It is a free-form test.','',5,NULL,'INT','c3718556d5f644bc8f5818e48c6e9bc71450920538788','','','/home/supriyo/work/existing_project/rocksocialrest/rocksocialrest/media/uploads/books/imageresized/101_Mystics_of_India_128x192.jpg',-1,1),(223,75,'Why do you want to use TestYard to create a test?','MULT','Because a TestYard test is easy','Because the score from a TestYard test can be shared across a group with a looking for similar skills','Because a TestYard test is difficult','Because a TestYard test can be used as a skills filtering layer','All of the above','',10,0,1,'Because the score from a TestYard test can be shared across a group with a looking for similar skills|Because a TestYard test can be used as a skills filtering layer','',5,NULL,'PRO','c3718556d5f644bc8f5818e48c6e9bc71450920538788','','','/home/supriyo/work/existing_project/rocksocialrest/rocksocialrest/media/uploads/books/imageresized/Aarogya_Spandan_Marathi_November_2013_80x120.jpg',-1,1),(224,75,'When would you want to use a TestYard test?','SUBJ','','','','','','',10,0,1,'','',5,NULL,'INT','c3718556d5f644bc8f5818e48c6e9bc71450920538788','','','/home/supriyo/work/existing_project/rocksocialrest/rocksocialrest/media/uploads/books/imageresized/Aarogya_Spandan_Marathi_November_2013_80x120.jpg',-1,0),(225,75,'What is so special about a TestYard test?','CODN','','','','','','',10,0,1,'','',5,NULL,'INT','c3718556d5f644bc8f5818e48c6e9bc71450920538788','','','',-1,0),(226,75,'Why would I want to become a member on TestYard?','MULT','Because I find similarly skilled individuals easier from the groups','Another option','Because it makes my life easier with recruiting skilled individuals','Yet another option','A fifth option','None of the above',10,0,1,'Because it makes my life easier with recruiting skilled individuals|Because I find similarly skilled individuals easier from the groups','http://www.testyard.com/',5,NULL,'INT','c3718556d5f644bc8f5818e48c6e9bc71450920538788','','','',-1,1),(282,87,'What is a test in TestYard?','MULT','It is just a zzzzzzzz test.','It is not a test.','It is a free-form test.','It is a \'test\' with a capital T.','None of the above','',10,0,1,'It is a free-form test.','',5,NULL,'INT','89750d96d5c64713a3c4724f98aaddbc1451072432986','','','/home/supriyo/work/existing_project/rocksocialrest/rocksocialrest/media/uploads/books/imageresized/101_Mystics_of_India_128x192.jpg',-1,1),(283,87,'Why do you want to use TestYard to create a test?','MULT','Because a TestYard test is easy','Because the score from a TestYard test can be shared across a group with a looking for similar skills','Because a TestYard test is difficult','Because a TestYard test can be used as a skills filtering layer','All of the above','',10,0,1,'Because the score from a TestYard test can be shared across a group with a looking for similar skills|Because a TestYard test can be used as a skills filtering layer','',5,NULL,'PRO','89750d96d5c64713a3c4724f98aaddbc1451072432986','','','/home/supriyo/work/existing_project/rocksocialrest/rocksocialrest/media/uploads/books/imageresized/Aarogya_Spandan_Marathi_November_2013_80x120.jpg',-1,1),(284,87,'When would you want to use a TestYard test?','SUBJ','','','','','','',10,0,1,'','',5,NULL,'INT','89750d96d5c64713a3c4724f98aaddbc1451072432986','','','/home/supriyo/work/existing_project/rocksocialrest/rocksocialrest/media/uploads/books/imageresized/Aarogya_Spandan_Marathi_November_2013_80x120.jpg',-1,0),(285,87,'What is so special about a TestYard test?','CODN','','','','','','',10,0,1,'','',5,NULL,'INT','89750d96d5c64713a3c4724f98aaddbc1451072432986','','','',-1,0),(286,87,'Why would I want to become a member on TestYard?','MULT','Because I find similarly skilled individuals easier from the groups','Another option','Because it makes my life easier with recruiting skilled individuals','Yet another option','A fifth option','None of the above',10,0,1,'Because it makes my life easier with recruiting skilled individuals|Because I find similarly skilled individuals easier from the groups','http://www.testyard.com/',5,NULL,'INT','89750d96d5c64713a3c4724f98aaddbc1451072432986','','','',-1,1),(287,88,'What is a test in TestYard?','MULT','It is just a zzzzzzzz test.','It is not a test.','It is a free-form test.','It is a \'test\' with a capital T.','None of the above','',10,0,1,'It is a free-form test.','',5,NULL,'INT','3b4bb42623ce4e3483b3a06b9eb92d601451072554486','','','/home/supriyo/work/existing_project/rocksocialrest/rocksocialrest/media/uploads/books/imageresized/101_Mystics_of_India_128x192.jpg',-1,1),(288,88,'Why do you want to use TestYard to create a test?','MULT','Because a TestYard test is easy','Because the score from a TestYard test can be shared across a group with a looking for similar skills','Because a TestYard test is difficult','Because a TestYard test can be used as a skills filtering layer','All of the above','',10,0,1,'Because the score from a TestYard test can be shared across a group with a looking for similar skills|Because a TestYard test can be used as a skills filtering layer','',5,NULL,'PRO','3b4bb42623ce4e3483b3a06b9eb92d601451072554486','','','/home/supriyo/work/existing_project/rocksocialrest/rocksocialrest/media/uploads/books/imageresized/Aarogya_Spandan_Marathi_November_2013_80x120.jpg',-1,1),(289,88,'When would you want to use a TestYard test?','SUBJ','','','','','','',10,0,1,'','',5,NULL,'INT','3b4bb42623ce4e3483b3a06b9eb92d601451072554486','','','/home/supriyo/work/existing_project/rocksocialrest/rocksocialrest/media/uploads/books/imageresized/Aarogya_Spandan_Marathi_November_2013_80x120.jpg',-1,0),(290,88,'What is so special about a TestYard test?','CODN','','','','','','',10,0,1,'','',5,NULL,'INT','3b4bb42623ce4e3483b3a06b9eb92d601451072554486','','','',-1,0),(291,88,'Why would I want to become a member on TestYard?','MULT','Because I find similarly skilled individuals easier from the groups','Another option','Because it makes my life easier with recruiting skilled individuals','Yet another option','A fifth option','None of the above',10,0,1,'Because it makes my life easier with recruiting skilled individuals|Because I find similarly skilled individuals easier from the groups','http://www.testyard.com/',5,NULL,'INT','3b4bb42623ce4e3483b3a06b9eb92d601451072554486','','','',-1,1),(292,89,'What is a test in TestYard?','MULT','It is just a zzzzzzzz test.','It is not a test.','It is a free-form test.','It is a \'test\' with a capital T.','None of the above','',10,0,1,'It is a free-form test.','',5,NULL,'INT','3b4bb42623ce4e3483b3a06b9eb92d601451072554486','','','/home/supriyo/work/existing_project/rocksocialrest/rocksocialrest/media/uploads/books/imageresized/101_Mystics_of_India_128x192.jpg',-1,1),(293,89,'Why do you want to use TestYard to create a test?','MULT','Because a TestYard test is easy','Because the score from a TestYard test can be shared across a group with a looking for similar skills','Because a TestYard test is difficult','Because a TestYard test can be used as a skills filtering layer','All of the above','',10,0,1,'Because the score from a TestYard test can be shared across a group with a looking for similar skills|Because a TestYard test can be used as a skills filtering layer','',5,NULL,'PRO','3b4bb42623ce4e3483b3a06b9eb92d601451072554486','','','/home/supriyo/work/existing_project/rocksocialrest/rocksocialrest/media/uploads/books/imageresized/Aarogya_Spandan_Marathi_November_2013_80x120.jpg',-1,1),(294,89,'When would you want to use a TestYard test?','SUBJ','','','','','','',10,0,1,'','',5,NULL,'INT','3b4bb42623ce4e3483b3a06b9eb92d601451072554486','','','/home/supriyo/work/existing_project/rocksocialrest/rocksocialrest/media/uploads/books/imageresized/Aarogya_Spandan_Marathi_November_2013_80x120.jpg',-1,0),(295,89,'What is so special about a TestYard test?','CODN','','','','','','',10,0,1,'','',5,NULL,'INT','3b4bb42623ce4e3483b3a06b9eb92d601451072554486','','','',-1,0),(296,89,'Why would I want to become a member on TestYard?','MULT','Because I find similarly skilled individuals easier from the groups','Another option','Because it makes my life easier with recruiting skilled individuals','Yet another option','A fifth option','None of the above',10,0,1,'Because it makes my life easier with recruiting skilled individuals|Because I find similarly skilled individuals easier from the groups','http://www.testyard.com/',5,NULL,'INT','3b4bb42623ce4e3483b3a06b9eb92d601451072554486','','','',-1,1),(297,90,'What is a test in TestYard?','MULT','It is just a zzzzzzzz test.','It is not a test.','It is a free-form test.','It is a \'test\' with a capital T.','None of the above','',10,0,1,'It is a free-form test.','',5,NULL,'INT','3b4bb42623ce4e3483b3a06b9eb92d601451072554486','','','/home/supriyo/work/existing_project/rocksocialrest/rocksocialrest/media/uploads/books/imageresized/101_Mystics_of_India_128x192.jpg',-1,1),(298,90,'Why do you want to use TestYard to create a test?','MULT','Because a TestYard test is easy','Because the score from a TestYard test can be shared across a group with a looking for similar skills','Because a TestYard test is difficult','Because a TestYard test can be used as a skills filtering layer','All of the above','',10,0,1,'Because the score from a TestYard test can be shared across a group with a looking for similar skills|Because a TestYard test can be used as a skills filtering layer','',5,NULL,'PRO','3b4bb42623ce4e3483b3a06b9eb92d601451072554486','','','/home/supriyo/work/existing_project/rocksocialrest/rocksocialrest/media/uploads/books/imageresized/Aarogya_Spandan_Marathi_November_2013_80x120.jpg',-1,1),(299,90,'When would you want to use a TestYard test?','SUBJ','','','','','','',10,0,1,'','',5,NULL,'INT','3b4bb42623ce4e3483b3a06b9eb92d601451072554486','','','/home/supriyo/work/existing_project/rocksocialrest/rocksocialrest/media/uploads/books/imageresized/Aarogya_Spandan_Marathi_November_2013_80x120.jpg',-1,0),(300,90,'What is so special about a TestYard test?','CODN','','','','','','',10,0,1,'','',5,NULL,'INT','3b4bb42623ce4e3483b3a06b9eb92d601451072554486','','','',-1,0),(301,90,'Why would I want to become a member on TestYard?','MULT','Because I find similarly skilled individuals easier from the groups','Another option','Because it makes my life easier with recruiting skilled individuals','Yet another option','A fifth option','None of the above',10,0,1,'Because it makes my life easier with recruiting skilled individuals|Because I find similarly skilled individuals easier from the groups','http://www.testyard.com/',5,NULL,'INT','3b4bb42623ce4e3483b3a06b9eb92d601451072554486','','','',-1,1),(302,91,'In which country is the famous \"Yellowstone National Park\" located?','MULT','Australia','New Zealand','India','America','Canada','France',5,0,1,'America','',5400,NULL,'INT','f0604b223377491a8f01f261d76385d01451073666011','','',NULL,-1,0),(303,91,'What is the full form for the term ORM?','FILB','','','','','','',5,0,1,'Object Relational Mapping','',5400,NULL,'INT','f0604b223377491a8f01f261d76385d01451073666011','','',NULL,-1,1),(304,91,'Who is the creator of the perl programming language?','MULT','Guido Van Rossum','Larry Wall','Kevin Mitnick','Brian W Kernighan','Dennis Ritchi','Alfred Pike',5,0,1,'Larry Wall','',5400,NULL,'INT','f0604b223377491a8f01f261d76385d01451073666011','','',NULL,-1,1),(305,91,'Who is the creator of python computer programming language?','FILB','','','','','','',5,0,1,'Guido Van Rossum','',5400,NULL,'INT','f0604b223377491a8f01f261d76385d01451073666011','','',NULL,-1,1),(306,91,'Name a javascript framework for development of web applications?','MULT','Django','Rails','Pylon','NodeJS','LWP','AngularJS',5,0,1,'NodeJS#||#AngularJS','',5400,NULL,'INT','f0604b223377491a8f01f261d76385d01451073666011','','',NULL,-1,1),(307,91,'What is the expansion for the following expression: (α + β)²','FILB','','','','','','',5,0,1,'α² + 2αβ + β²','',5400,NULL,'INT','f0604b223377491a8f01f261d76385d01451073666011','','',NULL,-1,1),(308,91,'What is a decorator in python parlance?','SUBJ','','','','','','',5,0,0,NULL,'',5400,NULL,'PRO','f0604b223377491a8f01f261d76385d01451073666011','','',NULL,100,1),(309,91,'How are iterators and generators related to one another?','SUBJ','','','','','','',5,0,0,NULL,'',5400,NULL,'INT','f0604b223377491a8f01f261d76385d01451073666011','','',NULL,100,1),(365,103,'What is a test in TestYard?','MULT','It is just a zzzzzzzz test.','It is not a test.','It is a free-form test.','It is a \'test\' with a capital T.','None of the above','',10,0,1,'It is a free-form test.','',300,NULL,'INT','','','','/home/supriyo/work/existing_project/rocksocialrest/rocksocialrest/media/uploads/books/imageresized/101_Mystics_of_India_128x192.jpg',-1,1),(366,103,'Why do you want to use TestYard to create a test?','MULT','Because a TestYard test is easy','Because the score from a TestYard test can be shared across a group with a looking for similar skills','Because a TestYard test id difficult','Because a TestYard test can be used as a skills filtering layer','All of the above','',10,0,1,'Because the score from a TestYard test can be shared across a group with a looking for similar skills|Because a TestYard test can be used as a skills filtering layer','',300,NULL,'PRO','','','','/home/supriyo/work/existing_project/rocksocialrest/rocksocialrest/media/uploads/books/imageresized/Aarogya_Spandan_Marathi_November_2013_80x120.jpg',-1,1),(367,103,'When would you want to use a TestYard test?','SUBJ','','','','','','',10,0,1,'','',300,NULL,'INT','','','','/home/supriyo/work/existing_project/rocksocialrest/rocksocialrest/media/uploads/books/imageresized/Aarogya_Spandan_Marathi_November_2013_80x120.jpg',-1,0),(368,103,'What is so special about a TestYard test?','CODN','','','','','','',10,0,1,'','',300,NULL,'INT','','','','',-1,0),(369,103,'Why would I want to become a member on TestYard?','MULT','Because I find similarly skilled individuals easier from the groups','Another option','Because it makes my life easier with recruiting skilled individuals','Yet another option','A fifth option','None of the above',10,0,1,'Because it makes my life easier with recruiting skilled individuals|Because I find similarly skilled individuals easier from the groups','http://www.testyard.com/',300,NULL,'INT','','','','',-1,1),(370,104,'What is a test in TestYard?','MULT','It is just a zzzzzzzz test.','It is not a test.','It is a free-form test.','It is a \'test\' with a capital T.','None of the above','',10,0,1,'It is a free-form test.','',5,NULL,'INT','55fb7c9051e24a93b12c62c31d714cef1451162171492','','','/home/supriyo/work/existing_project/rocksocialrest/rocksocialrest/media/uploads/books/imageresized/101_Mystics_of_India_128x192.jpg',-1,1),(371,104,'Why do you want to use TestYard to create a test?','MULT','Because a TestYard test is easy','Because the score from a TestYard test can be shared across a group with a looking for similar skills','Because a TestYard test is difficult','Because a TestYard test can be used as a skills filtering layer','All of the above','',10,0,1,'Because the score from a TestYard test can be shared across a group with a looking for similar skills|Because a TestYard test can be used as a skills filtering layer','',5,NULL,'PRO','55fb7c9051e24a93b12c62c31d714cef1451162171492','','','/home/supriyo/work/existing_project/rocksocialrest/rocksocialrest/media/uploads/books/imageresized/Aarogya_Spandan_Marathi_November_2013_80x120.jpg',-1,1),(372,104,'When would you want to use a TestYard test?','SUBJ','','','','','','',10,0,1,'','',5,NULL,'INT','55fb7c9051e24a93b12c62c31d714cef1451162171492','','','/home/supriyo/work/existing_project/rocksocialrest/rocksocialrest/media/uploads/books/imageresized/Aarogya_Spandan_Marathi_November_2013_80x120.jpg',-1,0),(373,104,'What is so special about a TestYard test?','CODN','','','','','','',10,0,1,'','',5,NULL,'INT','55fb7c9051e24a93b12c62c31d714cef1451162171492','','','',-1,0),(374,104,'Why would I want to become a member on TestYard?','MULT','Because I find similarly skilled individuals easier from the groups','Another option','Because it makes my life easier with recruiting skilled individuals','Yet another option','A fifth option','None of the above',10,0,1,'Because it makes my life easier with recruiting skilled individuals|Because I find similarly skilled individuals easier from the groups','http://www.testyard.com/',5,NULL,'INT','55fb7c9051e24a93b12c62c31d714cef1451162171492','','','',-1,1),(375,105,'What is a test in TestYard?','MULT','It is just a zzzzzzzz test.','It is not a test.','It is a free-form test.','It is a \'test\' with a capital T.','None of the above','',10,0,1,'It is a free-form test.','',300,NULL,'INT','55fb7c9051e24a93b12c62c31d714cef1451162171492','','','/home/supriyo/work/existing_project/rocksocialrest/rocksocialrest/media/uploads/books/imageresized/101_Mystics_of_India_128x192.jpg',-1,1),(376,105,'Why do you want to use TestYard to create a test?','MULT','Because a TestYard test is easy','Because the score from a TestYard test can be shared across a group with a looking for similar skills','Because a TestYard test is difficult','Because a TestYard test can be used as a skills filtering layer','All of the above','',10,0,1,'Because the score from a TestYard test can be shared across a group with a looking for similar skills|Because a TestYard test can be used as a skills filtering layer','',300,NULL,'PRO','55fb7c9051e24a93b12c62c31d714cef1451162171492','','','/home/supriyo/work/existing_project/rocksocialrest/rocksocialrest/media/uploads/books/imageresized/Aarogya_Spandan_Marathi_November_2013_80x120.jpg',-1,1),(377,105,'When would you want to use a TestYard test?','SUBJ','','','','','','',10,0,1,'','',300,NULL,'INT','55fb7c9051e24a93b12c62c31d714cef1451162171492','','','/home/supriyo/work/existing_project/rocksocialrest/rocksocialrest/media/uploads/books/imageresized/Aarogya_Spandan_Marathi_November_2013_80x120.jpg',-1,0),(378,105,'What is so special about a TestYard test?','CODN','','','','','','',10,0,1,'','',300,NULL,'INT','55fb7c9051e24a93b12c62c31d714cef1451162171492','','','',-1,0),(379,105,'Why would I want to become a member on TestYard?','MULT','Because I find similarly skilled individuals easier from the groups','Another option','Because it makes my life easier with recruiting skilled individuals','Yet another option','A fifth option','None of the above',10,0,1,'Because it makes my life easier with recruiting skilled individuals|Because I find similarly skilled individuals easier from the groups','http://www.testyard.com/',300,NULL,'INT','55fb7c9051e24a93b12c62c31d714cef1451162171492','','','',-1,1),(380,106,'What is a test in TestYard?','MULT','It is just a zzzzzzzz test.','It is not a test.','It is a free-form test.','It is a \'test\' with a capital T.','None of the above','',10,0,1,'It is a free-form test.','',5,NULL,'INT','55fb7c9051e24a93b12c62c31d714cef1451162171492','','','/home/supriyo/work/existing_project/rocksocialrest/rocksocialrest/media/uploads/books/imageresized/101_Mystics_of_India_128x192.jpg',-1,1),(381,106,'Why do you want to use TestYard to create a test?','MULT','Because a TestYard test is easy','Because the score from a TestYard test can be shared across a group with a looking for similar skills','Because a TestYard test is difficult','Because a TestYard test can be used as a skills filtering layer','All of the above','',10,0,1,'Because the score from a TestYard test can be shared across a group with a looking for similar skills|Because a TestYard test can be used as a skills filtering layer','',5,NULL,'PRO','55fb7c9051e24a93b12c62c31d714cef1451162171492','','','/home/supriyo/work/existing_project/rocksocialrest/rocksocialrest/media/uploads/books/imageresized/Aarogya_Spandan_Marathi_November_2013_80x120.jpg',-1,1),(382,106,'When would you want to use a TestYard test?','SUBJ','','','','','','',10,0,1,'','',5,NULL,'INT','55fb7c9051e24a93b12c62c31d714cef1451162171492','','','/home/supriyo/work/existing_project/rocksocialrest/rocksocialrest/media/uploads/books/imageresized/Aarogya_Spandan_Marathi_November_2013_80x120.jpg',-1,0),(383,106,'What is so special about a TestYard test?','CODN','','','','','','',10,0,1,'','',5,NULL,'INT','55fb7c9051e24a93b12c62c31d714cef1451162171492','','','',-1,0),(384,106,'Why would I want to become a member on TestYard?','MULT','Because I find similarly skilled individuals easier from the groups','Another option','Because it makes my life easier with recruiting skilled individuals','Yet another option','A fifth option','None of the above',10,0,1,'Because it makes my life easier with recruiting skilled individuals|Because I find similarly skilled individuals easier from the groups','http://www.testyard.com/',5,NULL,'INT','55fb7c9051e24a93b12c62c31d714cef1451162171492','','','',-1,1),(385,107,'What is a test in TestYard?','MULT','It is just a zzzzzzzz test.','It is not a test.','It is a free-form test.','It is a \'test\' with a capital T.','None of the above','',10,0,1,'It is a free-form test.','',5,NULL,'INT','55fb7c9051e24a93b12c62c31d714cef1451162171492','','','/home/supriyo/work/existing_project/rocksocialrest/rocksocialrest/media/uploads/books/imageresized/101_Mystics_of_India_128x192.jpg',-1,1),(386,107,'Why do you want to use TestYard to create a test?','MULT','Because a TestYard test is easy','Because the score from a TestYard test can be shared across a group with a looking for similar skills','Because a TestYard test is difficult','Because a TestYard test can be used as a skills filtering layer','All of the above','',10,0,1,'Because the score from a TestYard test can be shared across a group with a looking for similar skills|Because a TestYard test can be used as a skills filtering layer','',5,NULL,'PRO','55fb7c9051e24a93b12c62c31d714cef1451162171492','','','/home/supriyo/work/existing_project/rocksocialrest/rocksocialrest/media/uploads/books/imageresized/Aarogya_Spandan_Marathi_November_2013_80x120.jpg',-1,1),(387,107,'When would you want to use a TestYard test?','SUBJ','','','','','','',10,0,1,'','',5,NULL,'INT','55fb7c9051e24a93b12c62c31d714cef1451162171492','','','/home/supriyo/work/existing_project/rocksocialrest/rocksocialrest/media/uploads/books/imageresized/Aarogya_Spandan_Marathi_November_2013_80x120.jpg',-1,0),(388,107,'What is so special about a TestYard test?','CODN','','','','','','',10,0,1,'','',5,NULL,'INT','55fb7c9051e24a93b12c62c31d714cef1451162171492','','','',-1,0),(389,107,'Why would I want to become a member on TestYard?','MULT','Because I find similarly skilled individuals easier from the groups','Another option','Because it makes my life easier with recruiting skilled individuals','Yet another option','A fifth option','None of the above',10,0,1,'Because it makes my life easier with recruiting skilled individuals|Because I find similarly skilled individuals easier from the groups','http://www.testyard.com/',5,NULL,'INT','55fb7c9051e24a93b12c62c31d714cef1451162171492','','','',-1,1),(390,108,'What is a test in TestYard?','MULT','It is just a zzzzzzzz test.','It is not a test.','It is a free-form test.','It is a \'test\' with a capital T.','None of the above','',10,0,1,'It is a free-form test.',NULL,NULL,NULL,'INT','','','','\n/home/supriyo/work/existing_project/rocksocialrest/rocksocialrest/media/uploads/books/imageresized/101_Mystics_of_India_128x192.jpg\n',-1,1),(391,108,'Why do you want to use TestYard to create a test?','MULT','Because a TestYard test is easy','\nBecause the score from a TestYard test can be shared across a group with a looking for similar skills\n','Because a TestYard test id difficult','\nBecause a TestYard test can be used as a skills filtering layer\n','All of the above','',10,0,1,'\nBecause the score from a TestYard test can be shared across a group with a looking for similar skills|Because a TestYard test can be used as a skills filtering layer\n',NULL,NULL,NULL,'PRO','','','','\n/home/supriyo/work/existing_project/rocksocialrest/rocksocialrest/media/uploads/books/imageresized/Aarogya_Spandan_Marathi_November_2013_80x120.jpg\n',-1,1),(392,108,'When would you want to use a TestYard test?','SUBJ','','','','','','',10,0,1,NULL,NULL,NULL,NULL,'INT','','','','\n/home/supriyo/work/existing_project/rocksocialrest/rocksocialrest/media/uploads/books/imageresized/Aarogya_Spandan_Marathi_November_2013_80x120.jpg\n',-1,NULL),(393,108,'What is so special about a TestYard test?','CODN','','','','','','',10,0,1,NULL,NULL,NULL,NULL,'INT','','','',NULL,-1,NULL),(394,108,'Why would I want to become a member on TestYard?','MULT','\nBecause I find similarly skilled individuals easier from the groups\n','Another option','\nBecause it makes my life easier with recruiting skilled individuals\n','Yet another option','A fifth option','None of the above',10,0,1,'\nBecause it makes my life easier with recruiting skilled individuals|Because I find similarly skilled individuals easier from the groups\n','http://www.testyard.com/',NULL,NULL,'INT','','','',NULL,-1,1),(395,109,'What is a test in TestYard?','MULT','It is just a zzzzzzzz test.','It is not a test.','It is a free-form test.','It is a \'test\' with a capital T.','None of the above','',10,0,1,'It is a free-form test.','',300,NULL,'INT','2513d0bac67a48f6bf86618afc97255b1453420597124','','','/home/supriyo/work/existing_project/rocksocialrest/rocksocialrest/media/uploads/books/imageresized/101_Mystics_of_India_128x192.jpg',-1,1),(396,109,'Why do you want to use TestYard to create a test?','MULT','Because a TestYard test is easy','Because the score from a TestYard test can be shared across a group with a looking for similar skills','Because a TestYard test id difficult','Because a TestYard test can be used as a skills filtering layer','All of the above','',10,0,1,'Because the score from a TestYard test can be shared across a group with a looking for similar skills|Because a TestYard test can be used as a skills filtering layer','',300,NULL,'PRO','2513d0bac67a48f6bf86618afc97255b1453420597124','','','/home/supriyo/work/existing_project/rocksocialrest/rocksocialrest/media/uploads/books/imageresized/Aarogya_Spandan_Marathi_November_2013_80x120.jpg',-1,1),(397,109,'When would you want to use a TestYard test?','SUBJ','','','','','','',10,0,1,'','',300,NULL,'INT','2513d0bac67a48f6bf86618afc97255b1453420597124','','','/home/supriyo/work/existing_project/rocksocialrest/rocksocialrest/media/uploads/books/imageresized/Aarogya_Spandan_Marathi_November_2013_80x120.jpg',-1,0),(398,109,'What is so special about a TestYard test?','CODN','','','','','','',10,0,1,'','',300,NULL,'INT','2513d0bac67a48f6bf86618afc97255b1453420597124','','','',-1,0),(399,109,'Why would I want to become a member on TestYard?','MULT','Because I find similarly skilled individuals easier from the groups','Another option','Because it makes my life easier with recruiting skilled individuals','Yet another option','A fifth option','None of the above',10,0,1,'Because it makes my life easier with recruiting skilled individuals|Because I find similarly skilled individuals easier from the groups','http://www.testyard.com/',300,NULL,'INT','2513d0bac67a48f6bf86618afc97255b1453420597124','','','',-1,1),(400,153,'A new challenge - this is just a placeholder for testing some functionality. Please bear with me.\r\n\r\nThanks and Regards,\r\nSupriyo Mitra','MULT','unittest 1','unittest 2','unittest 3','unittest 4','unittest 5','unittest 6',8,0,0,'unittest 2#||#unittest 4','',300,NULL,'PRO','02a2c73405364754989a92efd96a220e1462415394519','','',NULL,-1,1),(443,226,'This is a new challenge','MULT','','','','','','',8,0,0,'','',5400,NULL,'INT','d7f153736baf402084c9fdc384fd0fd31465288786887','','','',-1,0),(444,226,'THis is another challenge here....','MULT','sssss','dddd','fffff','ggggg','hhhhh','',5,0,0,'fffff','',5400,NULL,'PRO','d7f153736baf402084c9fdc384fd0fd31465288786887','','',NULL,-1,1);
/*!40000 ALTER TABLE `Tests_challenge` ENABLE KEYS */;
UNLOCK TABLES;

--
-- Table structure for table `Tests_emailfailure`
--

DROP TABLE IF EXISTS `Tests_emailfailure`;
/*!40101 SET @saved_cs_client     = @@character_set_client */;
/*!40101 SET character_set_client = utf8 */;
CREATE TABLE `Tests_emailfailure` (
  `id` int(11) NOT NULL AUTO_INCREMENT,
  `user_id` int(11) NOT NULL,
  `sessionid` varchar(100) NOT NULL,
  `failedemailid` varchar(100) NOT NULL,
  `script` varchar(100) DEFAULT '',
  `failuredatetime` datetime NOT NULL,
  `failurereason` text,
  `tryagain` int(11) DEFAULT '0',
  PRIMARY KEY (`id`),
  KEY `user_id` (`user_id`),
  CONSTRAINT `Tests_emailfailure_ibfk_1` FOREIGN KEY (`user_id`) REFERENCES `Auth_user` (`id`)
) ENGINE=InnoDB AUTO_INCREMENT=19 DEFAULT CHARSET=latin1;
/*!40101 SET character_set_client = @saved_cs_client */;

--
-- Dumping data for table `Tests_emailfailure`
--

LOCK TABLES `Tests_emailfailure` WRITE;
/*!40000 ALTER TABLE `Tests_emailfailure` DISABLE KEYS */;
INSERT INTO `Tests_emailfailure` VALUES (6,17,'$pbkdf2-sha256$200$6P1fS2kNgdBaK6VUag3hPA$lwWi9M1rTIy4x81xvgarM0gwWaofz1ZOS4qo1/UbRmA1439484293','','Tests.views.sendtestinvitations','2015-08-13 19:03:04','',1),(7,17,'$pbkdf2-sha256$200$6P1fS2kNgdBaK6VUag3hPA$lwWi9M1rTIy4x81xvgarM0gwWaofz1ZOS4qo1/UbRmA1439484293','','Tests.views.sendtestinvitations','2015-08-13 19:07:20','{\'\': (555, \'5.5.2 Syntax error. bc10sm3518993pbd.14 - gsmtp\')}',1),(8,16,'$pbkdf2-sha256$200$tpYSYozR2ltrrZUS4hzDWA$.yVYaLV01PNwTKixNUs0FEDeOUhvaaSJrX9oXPGoMZQ1444671555','codexaddict@gmail.com','Tests.views.setschedule','2015-10-12 19:41:40','[u\"\'13-10-2015 09:30:00\' value has an invalid format. It must be in YYYY-MM-DD HH:MM[:ss[.uuuuuu]][TZ] format.\"]',1),(9,16,'$pbkdf2-sha256$200$tpYSYozR2ltrrZUS4hzDWA$.yVYaLV01PNwTKixNUs0FEDeOUhvaaSJrX9oXPGoMZQ1444671555','codexaddict@gmail.com','Tests.views.setschedule','2015-10-12 19:48:27','[u\"\'13-10-2015 09:30:00\' value has an invalid format. It must be in YYYY-MM-DD HH:MM[:ss[.uuuuuu]][TZ] format.\"]',1),(10,17,'$pbkdf2-sha256$200$ZczZW.tdyzmn9D6ntJZSCg$4zi4LvsXVoWT1ytbvzoofUtGLyuWcnXAWStHfW6uLu81444864811','supmit@rediffmail.com','Tests.views.setschedule','2015-10-15 01:44:31','[u\"\'Not Applicable\' value has an invalid format. It must be in YYYY-MM-DD HH:MM[:ss[.uuuuuu]][TZ] format.\"]',1),(11,17,'$pbkdf2-sha256$200$ZczZW.tdyzmn9D6ntJZSCg$4zi4LvsXVoWT1ytbvzoofUtGLyuWcnXAWStHfW6uLu81444864811','supmit@rediffmail.com','Tests.views.setschedule','2015-10-15 01:47:53','[u\"\'Not Applicable\' value has an invalid format. It must be in YYYY-MM-DD HH:MM[:ss[.uuuuuu]][TZ] format.\"]',1),(12,17,'$pbkdf2-sha256$200$ZczZW.tdyzmn9D6ntJZSCg$4zi4LvsXVoWT1ytbvzoofUtGLyuWcnXAWStHfW6uLu81444864811','supmit@rediffmail.com','Tests.views.setschedule','2015-10-15 01:59:04','[u\"\'2015-10-15 07:30:00 IST\' value has an invalid format. It must be in YYYY-MM-DD HH:MM[:ss[.uuuuuu]][TZ] format.\"]',1),(13,16,'$pbkdf2-sha256$200$0fp/j5HS.r.3tnZubS0FQA$5aPmnG30jXYjECC5757hhnkozTtyVPBiEYdX0ASHyTI1445038430','','Tests.views.setschedule','2015-10-17 01:27:57','{\'\': (555, \'5.5.2 Syntax error. of1sm23444057pbc.11 - gsmtp\')}',1),(14,16,'$pbkdf2-sha256$200$0fp/j5HS.r.3tnZubS0FQA$5aPmnG30jXYjECC5757hhnkozTtyVPBiEYdX0ASHyTI1445038430','','Tests.views.setschedule','2015-10-17 10:27:15','{\'\': (555, \'5.5.2 Syntax error. z4sm26081731par.6 - gsmtp\')}',1),(15,16,'$pbkdf2-sha256$200$VQoB4FxLqZWSMgbgXOvdWw$T62FEXvNM6i0WgtMWlQs.EsoAsUtTYImAZMsNgBMOEk1445259822','aaaa@ssss.cccc','Tests.views.setschedule','2015-10-19 17:03:22','[u\"\'2015-10-19 22:35:00+00\' value has an invalid format. It must be in YYYY-MM-DD HH:MM[:ss[.uuuuuu]][TZ] format.\"]',1),(16,17,'$pbkdf2-sha256$200$n/M.hzDGWGtNKWVMaW3NeQ$slkgYo7rhpCSqxidvwStdjO1m9EwMs5SPvKCRAlt7eg1466882736','fghdgf%40fgvfg.ggg','Tests.views.mobile_setschedule','2016-06-25 19:50:25','{\'fghdgf%40fgvfg.ggg\': (553, \'5.1.2 The recipient address <fghdgf%40fgvfg.ggg> is not a valid RFC-5321\\n5.1.2 address. 4sm1615403pav.33 - gsmtp\')}',1),(17,17,'$pbkdf2-sha256$200$n/M.hzDGWGtNKWVMaW3NeQ$slkgYo7rhpCSqxidvwStdjO1m9EwMs5SPvKCRAlt7eg1466882736','supmit13%40yahoo.com%2Csupmit%40gmail.com','Tests.views.mobile_setschedule','2016-06-25 19:53:38','{\'supmit13%40yahoo.com%2Csupmit%40gmail.com\': (553, \'5.1.2 The recipient address <supmit13%40yahoo.com%2Csupmit%40gmail.com> is\\n5.1.2 not a valid RFC-5321 address. k9sm1637245pao.19 - gsmtp\')}',1),(18,17,'$pbkdf2-sha256$200$n/M.hzDGWGtNKWVMaW3NeQ$slkgYo7rhpCSqxidvwStdjO1m9EwMs5SPvKCRAlt7eg1466882736','codexaddict%40gmail.com%2Csupriyo.mitra%40dcmds.co.in','Tests.views.mobile_setschedule','2016-06-25 19:57:18','{\'codexaddict%40gmail.com%2Csupriyo.mitra%40dcmds.co.in\': (553, \'5.1.2 The recipient address <codexaddict%40gmail.com%2Csupriyo.mitra%40dcmds\\n5.1.2 .co.in> is not a valid RFC-5321 address. o68sm1650172pfb.18 - gsmtp\')}',1);
/*!40000 ALTER TABLE `Tests_emailfailure` ENABLE KEYS */;
UNLOCK TABLES;

--
-- Table structure for table `Tests_evaluator`
--

DROP TABLE IF EXISTS `Tests_evaluator`;
/*!40101 SET @saved_cs_client     = @@character_set_client */;
/*!40101 SET character_set_client = utf8 */;
CREATE TABLE `Tests_evaluator` (
  `id` int(11) NOT NULL AUTO_INCREMENT,
  `evalgroupname` varchar(150) NOT NULL,
  `groupmember1_id` int(11) DEFAULT NULL,
  `groupmember2_id` int(11) DEFAULT NULL,
  `groupmember3_id` int(11) DEFAULT NULL,
  `groupmember4_id` int(11) DEFAULT NULL,
  `groupmember5_id` int(11) DEFAULT NULL,
  `groupmember6_id` int(11) DEFAULT NULL,
  `groupmember7_id` int(11) DEFAULT NULL,
  `groupmember8_id` int(11) DEFAULT NULL,
  `groupmember9_id` int(11) DEFAULT NULL,
  `groupmember10_id` int(11) DEFAULT NULL,
  `creationdate` datetime NOT NULL,
  PRIMARY KEY (`id`),
  KEY `Tests_evaluator_769457e8` (`groupmember1_id`),
  KEY `Tests_evaluator_c640b8f` (`groupmember2_id`),
  KEY `Tests_evaluator_8f6f439a` (`groupmember3_id`),
  KEY `Tests_evaluator_b166ba03` (`groupmember4_id`),
  KEY `Tests_evaluator_279bd2e4` (`groupmember5_id`),
  KEY `Tests_evaluator_7873711d` (`groupmember6_id`),
  KEY `Tests_evaluator_3efef4da` (`groupmember7_id`),
  KEY `Tests_evaluator_f179706f` (`groupmember8_id`),
  KEY `Tests_evaluator_243e590` (`groupmember9_id`),
  KEY `Tests_evaluator_b69a883b` (`groupmember10_id`),
  CONSTRAINT `groupmember10_id_refs_id_431af34a` FOREIGN KEY (`groupmember10_id`) REFERENCES `Auth_user` (`id`),
  CONSTRAINT `groupmember1_id_refs_id_431af34a` FOREIGN KEY (`groupmember1_id`) REFERENCES `Auth_user` (`id`),
  CONSTRAINT `groupmember2_id_refs_id_431af34a` FOREIGN KEY (`groupmember2_id`) REFERENCES `Auth_user` (`id`),
  CONSTRAINT `groupmember3_id_refs_id_431af34a` FOREIGN KEY (`groupmember3_id`) REFERENCES `Auth_user` (`id`),
  CONSTRAINT `groupmember4_id_refs_id_431af34a` FOREIGN KEY (`groupmember4_id`) REFERENCES `Auth_user` (`id`),
  CONSTRAINT `groupmember5_id_refs_id_431af34a` FOREIGN KEY (`groupmember5_id`) REFERENCES `Auth_user` (`id`),
  CONSTRAINT `groupmember6_id_refs_id_431af34a` FOREIGN KEY (`groupmember6_id`) REFERENCES `Auth_user` (`id`),
  CONSTRAINT `groupmember7_id_refs_id_431af34a` FOREIGN KEY (`groupmember7_id`) REFERENCES `Auth_user` (`id`),
  CONSTRAINT `groupmember8_id_refs_id_431af34a` FOREIGN KEY (`groupmember8_id`) REFERENCES `Auth_user` (`id`),
  CONSTRAINT `groupmember9_id_refs_id_431af34a` FOREIGN KEY (`groupmember9_id`) REFERENCES `Auth_user` (`id`)
) ENGINE=InnoDB AUTO_INCREMENT=436 DEFAULT CHARSET=latin1;
/*!40101 SET character_set_client = @saved_cs_client */;

--
-- Dumping data for table `Tests_evaluator`
--

LOCK TABLES `Tests_evaluator` WRITE;
/*!40000 ALTER TABLE `Tests_evaluator` DISABLE KEYS */;
INSERT INTO `Tests_evaluator` VALUES (1,'supriyo2',16,NULL,NULL,NULL,NULL,NULL,NULL,NULL,NULL,NULL,'2015-03-25 12:20:12'),(2,'supriyo23',16,NULL,NULL,NULL,NULL,NULL,NULL,NULL,NULL,NULL,'2015-03-25 12:30:51'),(3,'supriyo2',16,NULL,NULL,NULL,NULL,NULL,NULL,NULL,NULL,NULL,'2015-03-29 21:46:10'),(4,'supmit33',17,16,NULL,NULL,NULL,NULL,NULL,NULL,NULL,NULL,'2015-03-30 16:59:50'),(5,'supriyo21',16,NULL,NULL,NULL,NULL,NULL,NULL,NULL,NULL,NULL,'2015-04-01 18:01:42'),(6,'supriyo_mitra',16,NULL,NULL,NULL,NULL,NULL,NULL,NULL,NULL,NULL,'2015-04-05 07:33:30'),(7,'supriyo_mitra1',16,NULL,NULL,NULL,NULL,NULL,NULL,NULL,NULL,NULL,'2015-04-07 18:16:05'),(8,'codexaddict1',18,NULL,NULL,NULL,NULL,NULL,NULL,NULL,NULL,NULL,'2015-04-10 16:56:54'),(9,'supriyo33',16,NULL,NULL,NULL,NULL,NULL,NULL,NULL,NULL,NULL,'2015-04-11 13:37:29'),(10,'supmit34',17,NULL,NULL,NULL,NULL,NULL,NULL,NULL,NULL,NULL,'2015-05-09 17:42:26'),(11,'supriyo222',16,NULL,NULL,NULL,NULL,NULL,NULL,NULL,NULL,NULL,'2015-05-10 09:51:20'),(12,'evalgroup supriyo2',16,17,NULL,NULL,NULL,NULL,NULL,NULL,NULL,NULL,'2015-05-18 21:37:00'),(13,'evalgroup supriyo2',16,17,NULL,NULL,NULL,NULL,NULL,NULL,NULL,NULL,'2015-05-18 21:38:11'),(14,'evalgroup supriyo2',16,17,NULL,NULL,NULL,NULL,NULL,NULL,NULL,NULL,'2015-05-18 21:38:55'),(15,'evalgroup supriyo2',16,17,NULL,NULL,NULL,NULL,NULL,NULL,NULL,NULL,'2015-05-18 21:40:27'),(16,'evalgroup supriyo2',16,17,NULL,NULL,NULL,NULL,NULL,NULL,NULL,NULL,'2015-05-18 21:41:15'),(17,'evalgroup supriyo2',16,17,NULL,NULL,NULL,NULL,NULL,NULL,NULL,NULL,'2015-05-18 21:44:09'),(18,'evalgroup supriyo2',16,17,NULL,NULL,NULL,NULL,NULL,NULL,NULL,NULL,'2015-05-19 16:52:17'),(19,'evalgroup supriyo2',16,17,NULL,NULL,NULL,NULL,NULL,NULL,NULL,NULL,'2015-05-19 16:53:12'),(20,'evalgroup supriyo2',16,17,NULL,NULL,NULL,NULL,NULL,NULL,NULL,NULL,'2015-05-19 16:53:38'),(21,'evalgroup supriyo2',16,17,NULL,NULL,NULL,NULL,NULL,NULL,NULL,NULL,'2015-05-19 16:57:56'),(22,'evalgroup supriyo2',16,17,NULL,NULL,NULL,NULL,NULL,NULL,NULL,NULL,'2015-05-19 16:59:17'),(23,'evalgroup supriyo2',16,17,NULL,NULL,NULL,NULL,NULL,NULL,NULL,NULL,'2015-05-19 17:06:17'),(24,'evalgroup supriyo2',16,17,NULL,NULL,NULL,NULL,NULL,NULL,NULL,NULL,'2015-05-19 17:08:53'),(25,'evalgroup supriyo2',16,17,NULL,NULL,NULL,NULL,NULL,NULL,NULL,NULL,'2015-05-19 17:35:45'),(26,'evalgroup supriyo2',16,17,NULL,NULL,NULL,NULL,NULL,NULL,NULL,NULL,'2015-05-19 17:37:16'),(27,'evalgroup supriyo2',16,17,NULL,NULL,NULL,NULL,NULL,NULL,NULL,NULL,'2015-05-19 17:38:13'),(28,'evalgroup supriyo2',16,17,NULL,NULL,NULL,NULL,NULL,NULL,NULL,NULL,'2015-05-19 17:53:26'),(29,'evalgroup supriyo2',16,17,NULL,NULL,NULL,NULL,NULL,NULL,NULL,NULL,'2015-05-19 18:01:13'),(30,'evalgroup supriyo2',16,17,NULL,NULL,NULL,NULL,NULL,NULL,NULL,NULL,'2015-05-19 18:03:23'),(31,'evalgroup supriyo2',16,17,NULL,NULL,NULL,NULL,NULL,NULL,NULL,NULL,'2015-05-19 18:03:47'),(32,'evalgroup supriyo2',16,17,NULL,NULL,NULL,NULL,NULL,NULL,NULL,NULL,'2015-05-19 18:06:19'),(33,'evalgroup supriyo2',16,17,NULL,NULL,NULL,NULL,NULL,NULL,NULL,NULL,'2015-05-19 18:08:28'),(34,'evalgroup supriyo2',16,17,NULL,NULL,NULL,NULL,NULL,NULL,NULL,NULL,'2015-05-19 18:11:50'),(35,'evalgroup supriyo2',16,17,NULL,NULL,NULL,NULL,NULL,NULL,NULL,NULL,'2015-05-19 18:12:35'),(36,'evalgroup supriyo2',16,17,NULL,NULL,NULL,NULL,NULL,NULL,NULL,NULL,'2015-05-19 18:13:36'),(37,'evalgroup supriyo2',16,17,NULL,NULL,NULL,NULL,NULL,NULL,NULL,NULL,'2015-05-19 18:14:32'),(38,'evalgroup supriyo2',16,17,NULL,NULL,NULL,NULL,NULL,NULL,NULL,NULL,'2015-05-19 18:15:32'),(39,'evalgroup supriyo2',16,17,NULL,NULL,NULL,NULL,NULL,NULL,NULL,NULL,'2015-05-19 18:17:04'),(40,'evalgroup supriyo2',16,17,NULL,NULL,NULL,NULL,NULL,NULL,NULL,NULL,'2015-05-19 18:18:10'),(41,'evalgroup supriyo2',16,17,NULL,NULL,NULL,NULL,NULL,NULL,NULL,NULL,'2015-05-19 18:20:32'),(42,'evalgroup supriyo2',16,17,NULL,NULL,NULL,NULL,NULL,NULL,NULL,NULL,'2015-05-19 18:22:03'),(43,'evalgroup supriyo2',16,17,NULL,NULL,NULL,NULL,NULL,NULL,NULL,NULL,'2015-05-19 18:24:44'),(44,'evalgroup supriyo2',16,17,NULL,NULL,NULL,NULL,NULL,NULL,NULL,NULL,'2015-05-19 18:26:29'),(45,'evalgroup supriyo2',16,17,NULL,NULL,NULL,NULL,NULL,NULL,NULL,NULL,'2015-05-19 18:35:31'),(46,'evalgroup supriyo2',16,17,NULL,NULL,NULL,NULL,NULL,NULL,NULL,NULL,'2015-05-19 18:39:05'),(47,'evalgroup supriyo2',16,17,NULL,NULL,NULL,NULL,NULL,NULL,NULL,NULL,'2015-05-19 18:41:13'),(48,'evalgroup supriyo2',16,17,NULL,NULL,NULL,NULL,NULL,NULL,NULL,NULL,'2015-05-19 18:49:09'),(49,'evalgroup supriyo2',16,17,NULL,NULL,NULL,NULL,NULL,NULL,NULL,NULL,'2015-05-19 18:50:53'),(50,'evalgroup supriyo2',16,17,NULL,NULL,NULL,NULL,NULL,NULL,NULL,NULL,'2015-05-19 18:52:25'),(51,'evalgroup supriyo2',16,17,NULL,NULL,NULL,NULL,NULL,NULL,NULL,NULL,'2015-05-19 18:55:00'),(52,'evalgroup supriyo2',16,17,NULL,NULL,NULL,NULL,NULL,NULL,NULL,NULL,'2015-05-19 18:55:41'),(53,'evalgroup supriyo2',16,17,NULL,NULL,NULL,NULL,NULL,NULL,NULL,NULL,'2015-05-19 18:56:59'),(54,'evalgroup supriyo2',16,17,NULL,NULL,NULL,NULL,NULL,NULL,NULL,NULL,'2015-05-19 18:59:15'),(55,'evalgroup supriyo2',16,17,NULL,NULL,NULL,NULL,NULL,NULL,NULL,NULL,'2015-05-19 19:01:36'),(56,'evalgroup supriyo2',16,17,NULL,NULL,NULL,NULL,NULL,NULL,NULL,NULL,'2015-05-19 19:02:33'),(57,'evalgroup supriyo2',16,17,NULL,NULL,NULL,NULL,NULL,NULL,NULL,NULL,'2015-05-19 19:03:55'),(58,'evalgroup supriyo2',16,17,NULL,NULL,NULL,NULL,NULL,NULL,NULL,NULL,'2015-05-19 19:05:25'),(59,'evalgroup supriyo2',16,17,NULL,NULL,NULL,NULL,NULL,NULL,NULL,NULL,'2015-05-19 19:19:59'),(60,'evalgroup supriyo2',16,17,NULL,NULL,NULL,NULL,NULL,NULL,NULL,NULL,'2015-05-19 19:22:15'),(61,'evalgroup supriyo2',16,17,NULL,NULL,NULL,NULL,NULL,NULL,NULL,NULL,'2015-05-19 19:22:59'),(62,'evalgroup supriyo2',16,17,NULL,NULL,NULL,NULL,NULL,NULL,NULL,NULL,'2015-05-19 19:25:18'),(63,'evalgroup supriyo2',16,17,NULL,NULL,NULL,NULL,NULL,NULL,NULL,NULL,'2015-05-19 19:27:54'),(64,'evalgroup supriyo2',16,17,NULL,NULL,NULL,NULL,NULL,NULL,NULL,NULL,'2015-05-19 19:29:11'),(65,'evalgroup supriyo2',16,17,NULL,NULL,NULL,NULL,NULL,NULL,NULL,NULL,'2015-05-19 19:30:24'),(66,'evalgroup supriyo2',16,17,NULL,NULL,NULL,NULL,NULL,NULL,NULL,NULL,'2015-05-19 19:31:16'),(67,'evalgroup supriyo2',16,17,NULL,NULL,NULL,NULL,NULL,NULL,NULL,NULL,'2015-05-19 19:32:55'),(68,'evalgroup supriyo2',16,17,NULL,NULL,NULL,NULL,NULL,NULL,NULL,NULL,'2015-05-19 19:34:24'),(69,'evalgroup supriyo2',16,17,NULL,NULL,NULL,NULL,NULL,NULL,NULL,NULL,'2015-05-19 19:35:54'),(70,'evalgroup supriyo2',16,17,NULL,NULL,NULL,NULL,NULL,NULL,NULL,NULL,'2015-05-19 19:38:38'),(71,'evalgroup supriyo2',16,17,NULL,NULL,NULL,NULL,NULL,NULL,NULL,NULL,'2015-05-19 19:41:05'),(72,'evalgroup supriyo2',16,17,NULL,NULL,NULL,NULL,NULL,NULL,NULL,NULL,'2015-05-19 19:42:37'),(73,'evalgroup supriyo2',16,17,NULL,NULL,NULL,NULL,NULL,NULL,NULL,NULL,'2015-05-19 19:45:20'),(74,'evalgroup supriyo2',16,17,NULL,NULL,NULL,NULL,NULL,NULL,NULL,NULL,'2015-05-19 19:46:56'),(75,'evalgroup supriyo2',16,17,NULL,NULL,NULL,NULL,NULL,NULL,NULL,NULL,'2015-05-19 19:47:54'),(76,'evalgroup supriyo2',16,17,NULL,NULL,NULL,NULL,NULL,NULL,NULL,NULL,'2015-05-19 19:49:36'),(77,'evalgroup supriyo2',16,17,NULL,NULL,NULL,NULL,NULL,NULL,NULL,NULL,'2015-05-19 19:50:40'),(78,'evalgroup supriyo2',16,17,NULL,NULL,NULL,NULL,NULL,NULL,NULL,NULL,'2015-05-19 19:51:28'),(79,'evalgroup supriyo2',16,17,NULL,NULL,NULL,NULL,NULL,NULL,NULL,NULL,'2015-05-19 19:55:30'),(80,'evalgroup supriyo2',16,17,NULL,NULL,NULL,NULL,NULL,NULL,NULL,NULL,'2015-05-19 19:57:07'),(81,'evalgroup supriyo2',16,17,NULL,NULL,NULL,NULL,NULL,NULL,NULL,NULL,'2015-05-19 19:57:07'),(82,'evalgroup supriyo2',16,17,NULL,NULL,NULL,NULL,NULL,NULL,NULL,NULL,'2015-05-19 20:07:44'),(83,'evalgroup supriyo2',16,17,NULL,NULL,NULL,NULL,NULL,NULL,NULL,NULL,'2015-05-19 20:11:02'),(84,'evalgroup supriyo2',16,17,NULL,NULL,NULL,NULL,NULL,NULL,NULL,NULL,'2015-05-19 20:15:01'),(85,'evalgroup supriyo2',16,17,NULL,NULL,NULL,NULL,NULL,NULL,NULL,NULL,'2015-05-19 20:16:30'),(86,'evalgroup supriyo2',16,17,NULL,NULL,NULL,NULL,NULL,NULL,NULL,NULL,'2015-05-19 20:19:49'),(87,'evalgroup supriyo2',16,17,NULL,NULL,NULL,NULL,NULL,NULL,NULL,NULL,'2015-05-19 20:21:06'),(88,'evalgroup supriyo2',16,17,NULL,NULL,NULL,NULL,NULL,NULL,NULL,NULL,'2015-05-19 20:22:18'),(89,'evalgroup supriyo2',16,17,NULL,NULL,NULL,NULL,NULL,NULL,NULL,NULL,'2015-05-19 20:26:14'),(90,'evalgroup supriyo2',16,17,NULL,NULL,NULL,NULL,NULL,NULL,NULL,NULL,'2015-05-19 20:29:17'),(91,'evalgroup supriyo2',16,17,NULL,NULL,NULL,NULL,NULL,NULL,NULL,NULL,'2015-05-19 21:04:34'),(92,'evalgroup supriyo2',16,17,NULL,NULL,NULL,NULL,NULL,NULL,NULL,NULL,'2015-05-19 21:07:46'),(93,'evalgroup supriyo2',16,17,NULL,NULL,NULL,NULL,NULL,NULL,NULL,NULL,'2015-05-19 21:09:46'),(94,'evalgroup supriyo2',16,17,NULL,NULL,NULL,NULL,NULL,NULL,NULL,NULL,'2015-05-19 21:14:38'),(95,'evalgroup supriyo2',16,17,NULL,NULL,NULL,NULL,NULL,NULL,NULL,NULL,'2015-05-19 21:20:43'),(96,'evalgroup__supriyo2',16,17,NULL,NULL,NULL,NULL,NULL,NULL,NULL,NULL,'2015-05-19 21:23:14'),(97,'evalgroup__supriyo2',16,17,NULL,NULL,NULL,NULL,NULL,NULL,NULL,NULL,'2015-05-20 06:00:40'),(98,'evalgroup__supriyo2',16,17,NULL,NULL,NULL,NULL,NULL,NULL,NULL,NULL,'2015-05-20 06:05:48'),(99,'evalgroup__supriyo2',16,17,NULL,NULL,NULL,NULL,NULL,NULL,NULL,NULL,'2015-05-20 06:10:17'),(100,'evalgroup__supriyo2',16,17,NULL,NULL,NULL,NULL,NULL,NULL,NULL,NULL,'2015-05-20 06:49:20'),(101,'evalgroup__supriyo2',16,17,NULL,NULL,NULL,NULL,NULL,NULL,NULL,NULL,'2015-05-20 06:49:58'),(102,'evalgroup__supriyo2',16,17,NULL,NULL,NULL,NULL,NULL,NULL,NULL,NULL,'2015-05-20 18:36:33'),(103,'evalgroup__supriyo2',16,17,NULL,NULL,NULL,NULL,NULL,NULL,NULL,NULL,'2015-05-20 18:37:26'),(104,'evalgroup_supriyo',16,17,NULL,NULL,NULL,NULL,NULL,NULL,NULL,NULL,'2015-05-20 19:06:13'),(105,'evalgroup_supriyo',16,17,NULL,NULL,NULL,NULL,NULL,NULL,NULL,NULL,'2015-05-20 19:09:01'),(106,'evalgroup_supriyo',16,17,NULL,NULL,NULL,NULL,NULL,NULL,NULL,NULL,'2015-05-20 19:11:58'),(107,'evalgroup_supriyo',16,17,NULL,NULL,NULL,NULL,NULL,NULL,NULL,NULL,'2015-05-20 19:16:53'),(108,'evalgroup_supriyo',16,17,NULL,NULL,NULL,NULL,NULL,NULL,NULL,NULL,'2015-05-20 19:19:36'),(109,'evalgroup_supriyo',16,17,NULL,NULL,NULL,NULL,NULL,NULL,NULL,NULL,'2015-05-20 19:21:33'),(110,'evalgroup_supriyo',16,17,NULL,NULL,NULL,NULL,NULL,NULL,NULL,NULL,'2015-05-20 19:23:58'),(111,'evalgroup_supriyo',16,17,NULL,NULL,NULL,NULL,NULL,NULL,NULL,NULL,'2015-05-20 19:27:40'),(112,'evalgroup_supriyo',16,17,NULL,NULL,NULL,NULL,NULL,NULL,NULL,NULL,'2015-05-20 19:29:30'),(113,'evalgroup_supriyo',16,17,NULL,NULL,NULL,NULL,NULL,NULL,NULL,NULL,'2015-05-20 19:31:51'),(114,'evalgroup_supriyo',16,17,NULL,NULL,NULL,NULL,NULL,NULL,NULL,NULL,'2015-05-20 19:39:42'),(115,'evalgroup_supriyo',16,17,NULL,NULL,NULL,NULL,NULL,NULL,NULL,NULL,'2015-05-20 19:41:26'),(116,'evalgroup_supriyo',16,17,NULL,NULL,NULL,NULL,NULL,NULL,NULL,NULL,'2015-05-20 19:44:03'),(117,'evalgroup_supriyo',16,17,NULL,NULL,NULL,NULL,NULL,NULL,NULL,NULL,'2015-05-20 19:45:53'),(118,'evalgroup_supriyo',16,17,NULL,NULL,NULL,NULL,NULL,NULL,NULL,NULL,'2015-05-20 19:49:55'),(119,'evalgroup_supriyo',16,17,NULL,NULL,NULL,NULL,NULL,NULL,NULL,NULL,'2015-05-20 19:56:25'),(120,'evalgroup_supriyo',16,17,NULL,NULL,NULL,NULL,NULL,NULL,NULL,NULL,'2015-05-20 19:58:59'),(121,'evalgroup_supriyo',16,17,NULL,NULL,NULL,NULL,NULL,NULL,NULL,NULL,'2015-05-20 20:01:39'),(122,'evalgroup_supriyo',16,17,NULL,NULL,NULL,NULL,NULL,NULL,NULL,NULL,'2015-05-20 20:33:59'),(123,'evalgroup__supriyo2',16,17,NULL,NULL,NULL,NULL,NULL,NULL,NULL,NULL,'2015-05-20 20:37:29'),(124,'evalgroup__supriyo2',16,17,NULL,NULL,NULL,NULL,NULL,NULL,NULL,NULL,'2015-05-20 20:37:30'),(125,'evalgroup_supriyo',16,17,NULL,NULL,NULL,NULL,NULL,NULL,NULL,NULL,'2015-05-20 20:37:30'),(126,'evalgroup__supriyo2',16,17,NULL,NULL,NULL,NULL,NULL,NULL,NULL,NULL,'2015-05-20 20:42:20'),(127,'evalgroup_supriyo',16,17,NULL,NULL,NULL,NULL,NULL,NULL,NULL,NULL,'2015-05-20 20:42:20'),(128,'evalgroup__supriyo2',16,17,NULL,NULL,NULL,NULL,NULL,NULL,NULL,NULL,'2015-05-20 21:01:07'),(129,'evalgroup_supriyo',16,17,NULL,NULL,NULL,NULL,NULL,NULL,NULL,NULL,'2015-05-20 21:01:07'),(130,'evalgroup__supriyo2',16,17,NULL,NULL,NULL,NULL,NULL,NULL,NULL,NULL,'2015-05-20 21:02:55'),(131,'evalgroup__supriyo2',16,17,NULL,NULL,NULL,NULL,NULL,NULL,NULL,NULL,'2015-05-21 13:35:22'),(132,'evalgroup_supriyo',16,17,NULL,NULL,NULL,NULL,NULL,NULL,NULL,NULL,'2015-05-21 13:35:25'),(133,'evalgroup__supriyo2',16,17,NULL,NULL,NULL,NULL,NULL,NULL,NULL,NULL,'2015-05-22 18:45:44'),(134,'evalgroup_supriyo',16,17,NULL,NULL,NULL,NULL,NULL,NULL,NULL,NULL,'2015-05-22 18:45:44'),(135,'evalgroup__supriyo2',16,17,NULL,NULL,NULL,NULL,NULL,NULL,NULL,NULL,'2015-05-22 18:51:57'),(136,'evalgroup__supriyo2',16,17,NULL,NULL,NULL,NULL,NULL,NULL,NULL,NULL,'2015-05-22 18:51:57'),(137,'vns_smitra1',20,16,NULL,NULL,NULL,NULL,NULL,NULL,NULL,NULL,'2015-08-14 14:31:07'),(138,'supmit3',17,NULL,NULL,NULL,NULL,NULL,NULL,NULL,NULL,NULL,'2015-08-14 17:57:44'),(139,'codexaddict2',18,NULL,NULL,NULL,NULL,NULL,NULL,NULL,NULL,NULL,'2015-08-16 09:04:29'),(140,'eval_032f8b8dc3364a47b9c16e1db2b57a551443974233098',17,NULL,NULL,NULL,NULL,NULL,NULL,NULL,NULL,NULL,'2015-10-04 15:57:13'),(141,'eval2supmit',17,NULL,NULL,NULL,NULL,NULL,NULL,NULL,NULL,NULL,'2015-10-06 09:36:09'),(142,'eval_grp2_vns_smitra',16,NULL,NULL,NULL,NULL,NULL,NULL,NULL,NULL,NULL,'2015-10-08 00:04:15'),(143,'vnsev_smitra',16,NULL,NULL,NULL,NULL,NULL,NULL,NULL,NULL,NULL,'2012-09-01 08:47:42'),(144,'vns_smitra_group_sa',16,NULL,NULL,NULL,NULL,NULL,NULL,NULL,NULL,NULL,'2015-10-15 22:20:26'),(145,'eval_0064eefd0d394646a7cc66a257030e411450546185184',17,NULL,NULL,NULL,NULL,NULL,NULL,NULL,NULL,NULL,'2015-12-19 17:29:45'),(146,'eval_7825fb3bb0c74ec7b002a1b09a9362111450546264976',17,NULL,NULL,NULL,NULL,NULL,NULL,NULL,NULL,NULL,'2015-12-19 17:31:04'),(147,'eval_1b0dd69356384c5184f87b6337145e361450546486013',17,NULL,NULL,NULL,NULL,NULL,NULL,NULL,NULL,NULL,'2015-12-19 17:34:46'),(148,'eval_513e20e69efe445da313a90ae6f342031450739826080',17,NULL,NULL,NULL,NULL,NULL,NULL,NULL,NULL,NULL,'2015-12-21 23:17:06'),(149,'__\"supmit@gmail.com\"',17,NULL,NULL,NULL,NULL,NULL,NULL,NULL,NULL,NULL,'2015-12-21 23:32:27'),(150,'__\"supmit@gmail.com\"',17,NULL,NULL,NULL,NULL,NULL,NULL,NULL,NULL,NULL,'2015-12-21 23:33:46'),(151,'__\"supmit@gmail.com\"',17,NULL,NULL,NULL,NULL,NULL,NULL,NULL,NULL,NULL,'2015-12-21 23:39:39'),(152,'__\"supmit@gmail.com\"',17,NULL,NULL,NULL,NULL,NULL,NULL,NULL,NULL,NULL,'2015-12-21 23:43:09'),(153,'__\"supmit@gmail.com\"',17,NULL,NULL,NULL,NULL,NULL,NULL,NULL,NULL,NULL,'2015-12-21 23:44:43'),(154,'__\"supmit@gmail.com\"',17,NULL,NULL,NULL,NULL,NULL,NULL,NULL,NULL,NULL,'2015-12-21 23:50:53'),(155,'__\"supmit@gmail.com\"',17,NULL,NULL,NULL,NULL,NULL,NULL,NULL,NULL,NULL,'2015-12-21 23:53:41'),(156,'__\"supmit@gmail.com\"',17,NULL,NULL,NULL,NULL,NULL,NULL,NULL,NULL,NULL,'2015-12-21 23:54:27'),(157,'__\"supmit@gmail.com\"',17,NULL,NULL,NULL,NULL,NULL,NULL,NULL,NULL,NULL,'2015-12-21 23:55:00'),(158,'__\"supmit@gmail.com\"',17,NULL,NULL,NULL,NULL,NULL,NULL,NULL,NULL,NULL,'2015-12-21 23:56:42'),(159,'__\"supmit@gmail.com\"',17,NULL,NULL,NULL,NULL,NULL,NULL,NULL,NULL,NULL,'2015-12-22 00:03:10'),(160,'__\"supmit@gmail.com\"',17,NULL,NULL,NULL,NULL,NULL,NULL,NULL,NULL,NULL,'2015-12-22 00:07:17'),(161,'__\"supmit@gmail.com\"',17,NULL,NULL,NULL,NULL,NULL,NULL,NULL,NULL,NULL,'2015-12-22 00:13:33'),(162,'__\"supmit@gmail.com\"',17,NULL,NULL,NULL,NULL,NULL,NULL,NULL,NULL,NULL,'2015-12-22 00:14:36'),(163,'__\"supmit@gmail.com\"',17,NULL,NULL,NULL,NULL,NULL,NULL,NULL,NULL,NULL,'2015-12-22 00:16:54'),(164,'__\"supmit@gmail.com\"',17,NULL,NULL,NULL,NULL,NULL,NULL,NULL,NULL,NULL,'2015-12-22 00:19:50'),(165,'__\"supmit@gmail.com\"',17,NULL,NULL,NULL,NULL,NULL,NULL,NULL,NULL,NULL,'2015-12-22 00:20:36'),(166,'__\"supmit@gmail.com\"',17,NULL,NULL,NULL,NULL,NULL,NULL,NULL,NULL,NULL,'2015-12-22 00:21:58'),(167,'__\"supmit@gmail.com\"',17,NULL,NULL,NULL,NULL,NULL,NULL,NULL,NULL,NULL,'2015-12-22 00:22:54'),(168,'__\"supmit@gmail.com\"',17,NULL,NULL,NULL,NULL,NULL,NULL,NULL,NULL,NULL,'2015-12-22 00:24:33'),(169,'__\"supmit@gmail.com\"',17,NULL,NULL,NULL,NULL,NULL,NULL,NULL,NULL,NULL,'2015-12-22 00:25:39'),(170,'__\"supmit@gmail.com\"',17,NULL,NULL,NULL,NULL,NULL,NULL,NULL,NULL,NULL,'2015-12-22 00:26:22'),(171,'__\"supmit@gmail.com\"',17,NULL,NULL,NULL,NULL,NULL,NULL,NULL,NULL,NULL,'2015-12-22 00:26:51'),(172,'__\"supmit@gmail.com\"',17,NULL,NULL,NULL,NULL,NULL,NULL,NULL,NULL,NULL,'2015-12-22 00:27:22'),(173,'__\"supmit@gmail.com\"',17,NULL,NULL,NULL,NULL,NULL,NULL,NULL,NULL,NULL,'2015-12-22 00:27:53'),(174,'__\"supmit@gmail.com\"',17,NULL,NULL,NULL,NULL,NULL,NULL,NULL,NULL,NULL,'2015-12-22 00:28:49'),(175,'__\"supmit@gmail.com\"',17,NULL,NULL,NULL,NULL,NULL,NULL,NULL,NULL,NULL,'2015-12-22 00:29:44'),(176,'__\"supmit@gmail.com\"',17,NULL,NULL,NULL,NULL,NULL,NULL,NULL,NULL,NULL,'2015-12-22 00:32:06'),(177,'__\"supmit@gmail.com\"',17,NULL,NULL,NULL,NULL,NULL,NULL,NULL,NULL,NULL,'2015-12-22 00:33:59'),(178,'__\"supmit@gmail.com\"',17,NULL,NULL,NULL,NULL,NULL,NULL,NULL,NULL,NULL,'2015-12-22 00:34:48'),(179,'__\"supmit@gmail.com\"',17,NULL,NULL,NULL,NULL,NULL,NULL,NULL,NULL,NULL,'2015-12-22 00:35:34'),(180,'__\"supmit@gmail.com\"',17,NULL,NULL,NULL,NULL,NULL,NULL,NULL,NULL,NULL,'2015-12-22 00:36:08'),(181,'__\"supmit@gmail.com\"',17,NULL,NULL,NULL,NULL,NULL,NULL,NULL,NULL,NULL,'2015-12-22 00:37:18'),(182,'__\"supmit@gmail.com\"',17,NULL,NULL,NULL,NULL,NULL,NULL,NULL,NULL,NULL,'2015-12-22 00:37:41'),(183,'__\"supmit@gmail.com\"',17,NULL,NULL,NULL,NULL,NULL,NULL,NULL,NULL,NULL,'2015-12-22 00:38:30'),(184,'__\"supmit@gmail.com\"',17,NULL,NULL,NULL,NULL,NULL,NULL,NULL,NULL,NULL,'2015-12-22 00:42:13'),(185,'__\"supmit@gmail.com\"',17,NULL,NULL,NULL,NULL,NULL,NULL,NULL,NULL,NULL,'2015-12-22 00:43:42'),(186,'__\"supmit@gmail.com\"',17,NULL,NULL,NULL,NULL,NULL,NULL,NULL,NULL,NULL,'2015-12-22 00:45:03'),(187,'__\"supmit@gmail.com\"',17,NULL,NULL,NULL,NULL,NULL,NULL,NULL,NULL,NULL,'2015-12-22 00:45:37'),(188,'__\"supmit@gmail.com\"',17,NULL,NULL,NULL,NULL,NULL,NULL,NULL,NULL,NULL,'2015-12-22 01:47:25'),(189,'supmit@gmail.com',17,NULL,NULL,NULL,NULL,NULL,NULL,NULL,NULL,NULL,'2015-12-22 01:49:18'),(190,'supmit@gmail.com',17,NULL,NULL,NULL,NULL,NULL,NULL,NULL,NULL,NULL,'2015-12-22 01:52:34'),(191,'__\"supmit@gmail.com\"',17,NULL,NULL,NULL,NULL,NULL,NULL,NULL,NULL,NULL,'2015-12-22 01:53:35'),(192,'supmit@gmail.com',17,NULL,NULL,NULL,NULL,NULL,NULL,NULL,NULL,NULL,'2015-12-22 02:06:59'),(193,'__\"supmit@gmail.com\"',17,NULL,NULL,NULL,NULL,NULL,NULL,NULL,NULL,NULL,'2015-12-22 02:07:41'),(194,'__\"supmit@gmail.com\"',17,NULL,NULL,NULL,NULL,NULL,NULL,NULL,NULL,NULL,'2015-12-22 02:14:36'),(195,'__\"supmit@gmail.com\"',17,NULL,NULL,NULL,NULL,NULL,NULL,NULL,NULL,NULL,'2015-12-22 02:15:55'),(196,'supmit@gmail.com',17,NULL,NULL,NULL,NULL,NULL,NULL,NULL,NULL,NULL,'2015-12-22 02:23:02'),(197,'__\"supmit@gmail.com\"',17,NULL,NULL,NULL,NULL,NULL,NULL,NULL,NULL,NULL,'2015-12-22 02:24:08'),(198,'__\"supmit@gmail.com\"',17,NULL,NULL,NULL,NULL,NULL,NULL,NULL,NULL,NULL,'2015-12-22 03:14:56'),(199,'__\"supmit@gmail.com\"',17,NULL,NULL,NULL,NULL,NULL,NULL,NULL,NULL,NULL,'2015-12-24 00:15:50'),(200,'__\"supmit@gmail.com\"',17,NULL,NULL,NULL,NULL,NULL,NULL,NULL,NULL,NULL,'2015-12-24 00:28:45'),(201,'__supmit@gmail.com',17,NULL,NULL,NULL,NULL,NULL,NULL,NULL,NULL,NULL,'2015-12-24 00:41:36'),(202,'__supmit@gmail.com',17,NULL,NULL,NULL,NULL,NULL,NULL,NULL,NULL,NULL,'2015-12-24 01:00:12'),(203,'__supmit@gmail.com',17,NULL,NULL,NULL,NULL,NULL,NULL,NULL,NULL,NULL,'2015-12-24 01:08:23'),(204,'__supmit@gmail.com',17,NULL,NULL,NULL,NULL,NULL,NULL,NULL,NULL,NULL,'2015-12-24 01:30:02'),(205,'__supmit@gmail.com',17,NULL,NULL,NULL,NULL,NULL,NULL,NULL,NULL,NULL,'2015-12-24 01:30:03'),(206,'__supmit@gmail.com',17,NULL,NULL,NULL,NULL,NULL,NULL,NULL,NULL,NULL,'2015-12-24 01:30:03'),(207,'__supmit@gmail.com',17,NULL,NULL,NULL,NULL,NULL,NULL,NULL,NULL,NULL,'2015-12-24 01:30:04'),(208,'evalgroup__supriyo2',17,NULL,NULL,NULL,NULL,NULL,NULL,NULL,NULL,NULL,'2015-12-24 01:34:06'),(209,'evalgroup_supriyo',17,NULL,NULL,NULL,NULL,NULL,NULL,NULL,NULL,NULL,'2015-12-24 01:43:20'),(210,'__supmit@gmail.com',17,NULL,NULL,NULL,NULL,NULL,NULL,NULL,NULL,NULL,'2015-12-24 07:13:23'),(211,'__supmit@gmail.com',17,NULL,NULL,NULL,NULL,NULL,NULL,NULL,NULL,NULL,'2015-12-24 07:18:33'),(212,'__supmit@gmail.com',17,NULL,NULL,NULL,NULL,NULL,NULL,NULL,NULL,NULL,'2015-12-24 07:23:48'),(213,'__supmit@gmail.com',17,NULL,NULL,NULL,NULL,NULL,NULL,NULL,NULL,NULL,'2015-12-24 07:26:16'),(214,'__supmit@gmail.com',17,NULL,NULL,NULL,NULL,NULL,NULL,NULL,NULL,NULL,'2015-12-24 07:28:47'),(215,'__supmit@gmail.com',17,NULL,NULL,NULL,NULL,NULL,NULL,NULL,NULL,NULL,'2015-12-24 07:29:39'),(216,'__supmit@gmail.com',17,NULL,NULL,NULL,NULL,NULL,NULL,NULL,NULL,NULL,'2015-12-24 07:29:43'),(217,'__supmit@gmail.com',17,NULL,NULL,NULL,NULL,NULL,NULL,NULL,NULL,NULL,'2015-12-24 07:32:15'),(218,'__supmit@gmail.com',17,NULL,NULL,NULL,NULL,NULL,NULL,NULL,NULL,NULL,'2015-12-24 07:32:27'),(219,'__supmit@gmail.com',17,NULL,NULL,NULL,NULL,NULL,NULL,NULL,NULL,NULL,'2015-12-24 07:33:00'),(220,'__supmit@gmail.com',17,NULL,NULL,NULL,NULL,NULL,NULL,NULL,NULL,NULL,'2015-12-24 07:34:18'),(221,'__supmit@gmail.com',17,NULL,NULL,NULL,NULL,NULL,NULL,NULL,NULL,NULL,'2015-12-24 07:34:48'),(222,'__supmit@gmail.com',17,NULL,NULL,NULL,NULL,NULL,NULL,NULL,NULL,NULL,'2015-12-24 07:35:48'),(223,'__supmit@gmail.com',17,NULL,NULL,NULL,NULL,NULL,NULL,NULL,NULL,NULL,'2015-12-24 07:37:26'),(224,'__supmit@gmail.com',17,NULL,NULL,NULL,NULL,NULL,NULL,NULL,NULL,NULL,'2015-12-24 07:44:55'),(225,'evalgroup__supriyo2',17,NULL,NULL,NULL,NULL,NULL,NULL,NULL,NULL,NULL,'2015-12-24 09:16:02'),(226,'__supmit@gmail.com',17,NULL,NULL,NULL,NULL,NULL,NULL,NULL,NULL,NULL,'2015-12-24 09:19:07'),(227,'__supmit@gmail.com',17,NULL,NULL,NULL,NULL,NULL,NULL,NULL,NULL,NULL,'2015-12-24 09:19:29'),(228,'__supmit@gmail.com',17,NULL,NULL,NULL,NULL,NULL,NULL,NULL,NULL,NULL,'2015-12-24 09:20:10'),(229,'__supmit@gmail.com',17,NULL,NULL,NULL,NULL,NULL,NULL,NULL,NULL,NULL,'2015-12-24 09:21:44'),(230,'__supmit@gmail.com',17,NULL,NULL,NULL,NULL,NULL,NULL,NULL,NULL,NULL,'2015-12-24 09:23:52'),(231,'__supmit@gmail.com',17,NULL,NULL,NULL,NULL,NULL,NULL,NULL,NULL,NULL,'2015-12-24 09:23:52'),(232,'__supmit@gmail.com',17,NULL,NULL,NULL,NULL,NULL,NULL,NULL,NULL,NULL,'2015-12-24 09:23:52'),(233,'__supmit@gmail.com',17,NULL,NULL,NULL,NULL,NULL,NULL,NULL,NULL,NULL,'2015-12-24 09:23:53'),(234,'__supmit@gmail.com',17,NULL,NULL,NULL,NULL,NULL,NULL,NULL,NULL,NULL,'2015-12-24 09:27:36'),(235,'__supmit@gmail.com',17,NULL,NULL,NULL,NULL,NULL,NULL,NULL,NULL,NULL,'2015-12-24 09:27:37'),(236,'__supmit@gmail.com',17,NULL,NULL,NULL,NULL,NULL,NULL,NULL,NULL,NULL,'2015-12-24 09:32:06'),(237,'__supmit@gmail.com',17,NULL,NULL,NULL,NULL,NULL,NULL,NULL,NULL,NULL,'2015-12-25 00:09:25'),(238,'__supmit@gmail.com',17,NULL,NULL,NULL,NULL,NULL,NULL,NULL,NULL,NULL,'2015-12-25 00:11:03'),(239,'__supmit@gmail.com',17,NULL,NULL,NULL,NULL,NULL,NULL,NULL,NULL,NULL,'2015-12-25 00:11:42'),(240,'__supmit@gmail.com',17,NULL,NULL,NULL,NULL,NULL,NULL,NULL,NULL,NULL,'2015-12-25 00:12:04'),(241,'__supmit@gmail.com',17,NULL,NULL,NULL,NULL,NULL,NULL,NULL,NULL,NULL,'2015-12-25 00:12:18'),(242,'__supmit@gmail.com',17,NULL,NULL,NULL,NULL,NULL,NULL,NULL,NULL,NULL,'2015-12-25 00:18:08'),(243,'__supmit@gmail.com',17,NULL,NULL,NULL,NULL,NULL,NULL,NULL,NULL,NULL,'2015-12-25 00:21:43'),(244,'__supmit@gmail.com',17,NULL,NULL,NULL,NULL,NULL,NULL,NULL,NULL,NULL,'2015-12-25 00:23:38'),(245,'__supmit@gmail.com',17,NULL,NULL,NULL,NULL,NULL,NULL,NULL,NULL,NULL,'2015-12-25 00:27:19'),(246,'__supmit@gmail.com',17,NULL,NULL,NULL,NULL,NULL,NULL,NULL,NULL,NULL,'2015-12-25 00:41:52'),(247,'__supmit@gmail.com',17,NULL,NULL,NULL,NULL,NULL,NULL,NULL,NULL,NULL,'2015-12-25 00:42:21'),(248,'__supmit@gmail.com',17,NULL,NULL,NULL,NULL,NULL,NULL,NULL,NULL,NULL,'2015-12-25 00:42:21'),(249,'__supmit@gmail.com',17,NULL,NULL,NULL,NULL,NULL,NULL,NULL,NULL,NULL,'2015-12-25 19:41:11'),(250,'__supmit@gmail.com',17,NULL,NULL,NULL,NULL,NULL,NULL,NULL,NULL,NULL,'2015-12-25 19:43:06'),(251,'__supmit@gmail.com',17,NULL,NULL,NULL,NULL,NULL,NULL,NULL,NULL,NULL,'2015-12-25 19:43:07'),(252,'__supmit@gmail.com',17,NULL,NULL,NULL,NULL,NULL,NULL,NULL,NULL,NULL,'2015-12-25 19:43:07'),(253,'__supmit@gmail.com',17,NULL,NULL,NULL,NULL,NULL,NULL,NULL,NULL,NULL,'2015-12-25 19:49:18'),(254,'__supmit@gmail.com',17,NULL,NULL,NULL,NULL,NULL,NULL,NULL,NULL,NULL,'2015-12-25 19:50:16'),(255,'__supmit@gmail.com',17,NULL,NULL,NULL,NULL,NULL,NULL,NULL,NULL,NULL,'2015-12-25 19:50:30'),(256,'__supmit@gmail.com',17,NULL,NULL,NULL,NULL,NULL,NULL,NULL,NULL,NULL,'2015-12-25 19:50:53'),(257,'__supmit@gmail.com',17,NULL,NULL,NULL,NULL,NULL,NULL,NULL,NULL,NULL,'2015-12-25 19:51:39'),(258,'__supmit@gmail.com',17,NULL,NULL,NULL,NULL,NULL,NULL,NULL,NULL,NULL,'2015-12-25 19:51:59'),(259,'__supmit@gmail.com',17,NULL,NULL,NULL,NULL,NULL,NULL,NULL,NULL,NULL,'2015-12-25 19:52:16'),(260,'__supmit@gmail.com',17,NULL,NULL,NULL,NULL,NULL,NULL,NULL,NULL,NULL,'2015-12-25 19:59:42'),(261,'__supmit@gmail.com',17,NULL,NULL,NULL,NULL,NULL,NULL,NULL,NULL,NULL,'2015-12-25 20:00:46'),(262,'__supmit@gmail.com',17,NULL,NULL,NULL,NULL,NULL,NULL,NULL,NULL,NULL,'2015-12-25 20:01:17'),(263,'smitra',21,NULL,NULL,NULL,NULL,NULL,NULL,NULL,NULL,NULL,'2015-12-25 20:04:00'),(264,'__supmit@gmail.com',17,NULL,NULL,NULL,NULL,NULL,NULL,NULL,NULL,NULL,'2015-12-25 20:19:35'),(265,'__supmit@gmail.com',17,NULL,NULL,NULL,NULL,NULL,NULL,NULL,NULL,NULL,'2015-12-25 21:45:09'),(266,'__supmit@gmail.com',17,NULL,NULL,NULL,NULL,NULL,NULL,NULL,NULL,NULL,'2015-12-25 21:53:09'),(267,'__supmit@gmail.com',17,NULL,NULL,NULL,NULL,NULL,NULL,NULL,NULL,NULL,'2015-12-25 21:55:31'),(268,'__supmit@gmail.com',17,NULL,NULL,NULL,NULL,NULL,NULL,NULL,NULL,NULL,'2015-12-25 21:55:48'),(269,'__supmit@gmail.com',17,NULL,NULL,NULL,NULL,NULL,NULL,NULL,NULL,NULL,'2015-12-25 21:56:07'),(270,'evalgroup__supriyo2',17,NULL,NULL,NULL,NULL,NULL,NULL,NULL,NULL,NULL,'2015-12-26 15:35:16'),(271,'__supmit@gmail.com',17,NULL,NULL,NULL,NULL,NULL,NULL,NULL,NULL,NULL,'2015-12-26 16:45:47'),(272,'__supmit@gmail.com',17,NULL,NULL,NULL,NULL,NULL,NULL,NULL,NULL,NULL,'2015-12-26 19:25:36'),(273,'__supmit@gmail.com',17,NULL,NULL,NULL,NULL,NULL,NULL,NULL,NULL,NULL,'2015-12-26 19:25:36'),(274,'__supmit@gmail.com',17,NULL,NULL,NULL,NULL,NULL,NULL,NULL,NULL,NULL,'2015-12-26 19:28:17'),(275,'__supmit@gmail.com',17,NULL,NULL,NULL,NULL,NULL,NULL,NULL,NULL,NULL,'2015-12-26 19:28:18'),(276,'__supmit@gmail.com',17,NULL,NULL,NULL,NULL,NULL,NULL,NULL,NULL,NULL,'2015-12-26 19:31:39'),(277,'__supmit@gmail.com',17,NULL,NULL,NULL,NULL,NULL,NULL,NULL,NULL,NULL,'2015-12-26 19:49:12'),(278,'__supmit@gmail.com',17,NULL,NULL,NULL,NULL,NULL,NULL,NULL,NULL,NULL,'2015-12-26 19:54:50'),(279,'__supmit@gmail.com',17,NULL,NULL,NULL,NULL,NULL,NULL,NULL,NULL,NULL,'2015-12-26 19:58:37'),(280,'__smitra@dcmds.com',21,NULL,NULL,NULL,NULL,NULL,NULL,NULL,NULL,NULL,'2015-12-26 19:59:42'),(281,'__smitra@dcmds.com',21,NULL,NULL,NULL,NULL,NULL,NULL,NULL,NULL,NULL,'2015-12-26 20:01:22'),(282,'__supmit@gmail.com',17,NULL,NULL,NULL,NULL,NULL,NULL,NULL,NULL,NULL,'2015-12-26 20:04:38'),(283,'__supmit@gmail.com',17,NULL,NULL,NULL,NULL,NULL,NULL,NULL,NULL,NULL,'2015-12-26 20:06:35'),(284,'__supmit@gmail.com',17,NULL,NULL,NULL,NULL,NULL,NULL,NULL,NULL,NULL,'2015-12-26 20:07:02'),(285,'__supmit@gmail.com',17,NULL,NULL,NULL,NULL,NULL,NULL,NULL,NULL,NULL,'2015-12-26 20:07:31'),(286,'__supmit@gmail.com',17,NULL,NULL,NULL,NULL,NULL,NULL,NULL,NULL,NULL,'2015-12-26 20:08:32'),(287,'__supmit@gmail.com',17,NULL,NULL,NULL,NULL,NULL,NULL,NULL,NULL,NULL,'2015-12-26 20:29:18'),(288,'__supmit@gmail.com',17,NULL,NULL,NULL,NULL,NULL,NULL,NULL,NULL,NULL,'2015-12-26 20:30:24'),(289,'__smitra@dcmds.com',21,NULL,NULL,NULL,NULL,NULL,NULL,NULL,NULL,NULL,'2015-12-26 20:33:33'),(290,'__supmit@gmail.com',17,NULL,NULL,NULL,NULL,NULL,NULL,NULL,NULL,NULL,'2015-12-26 20:33:33'),(291,'evalgroup__supriyo2',17,NULL,NULL,NULL,NULL,NULL,NULL,NULL,NULL,NULL,'2015-12-26 20:36:08'),(292,'__supmit@gmail.com',17,NULL,NULL,NULL,NULL,NULL,NULL,NULL,NULL,NULL,'2015-12-26 20:36:50'),(293,'__smitra@dcmds.com',21,NULL,NULL,NULL,NULL,NULL,NULL,NULL,NULL,NULL,'2015-12-26 20:36:51'),(294,'__supmit@gmail.com',17,NULL,NULL,NULL,NULL,NULL,NULL,NULL,NULL,NULL,'2015-12-26 20:36:51'),(295,'__supmit@gmail.com',17,NULL,NULL,NULL,NULL,NULL,NULL,NULL,NULL,NULL,'2015-12-26 20:36:52'),(296,'evalgroup_supriyo',17,NULL,NULL,NULL,NULL,NULL,NULL,NULL,NULL,NULL,'2015-12-26 20:36:52'),(297,'eval_13d6bbb4ffda4b8cab1f30ade016c8301451340964585',16,NULL,NULL,NULL,NULL,NULL,NULL,NULL,NULL,NULL,'2015-12-28 22:16:04'),(298,'eval_00a5a38e43fa408bbef5b0a1e80123251453420596979',21,NULL,NULL,NULL,NULL,NULL,NULL,NULL,NULL,NULL,'2016-01-21 23:56:36'),(299,'supmit13%40yahoo.com',20,NULL,NULL,NULL,NULL,NULL,NULL,NULL,NULL,NULL,'2016-04-30 20:16:35'),(300,'supmit13%40yahoo.com',20,NULL,NULL,NULL,NULL,NULL,NULL,NULL,NULL,NULL,'2016-04-30 20:17:20'),(301,'supmit13%40yahoo.com',20,NULL,NULL,NULL,NULL,NULL,NULL,NULL,NULL,NULL,'2016-04-30 20:17:44'),(302,'supmit13%40yahoo.com',20,NULL,NULL,NULL,NULL,NULL,NULL,NULL,NULL,NULL,'2016-04-30 20:18:19'),(303,'supmit13%40yahoo.com',20,NULL,NULL,NULL,NULL,NULL,NULL,NULL,NULL,NULL,'2016-04-30 20:18:37'),(304,'supmit13%40yahoo.com',20,NULL,NULL,NULL,NULL,NULL,NULL,NULL,NULL,NULL,'2016-04-30 20:19:33'),(305,'supmit13%40yahoo.com',20,NULL,NULL,NULL,NULL,NULL,NULL,NULL,NULL,NULL,'2016-04-30 20:22:10'),(306,'supmit13%40yahoo.com',20,NULL,NULL,NULL,NULL,NULL,NULL,NULL,NULL,NULL,'2016-04-30 20:22:47'),(307,'supmit13%40yahoo.com',20,NULL,NULL,NULL,NULL,NULL,NULL,NULL,NULL,NULL,'2016-04-30 20:35:43'),(308,'supmit13%40yahoo.com',20,NULL,NULL,NULL,NULL,NULL,NULL,NULL,NULL,NULL,'2016-04-30 20:36:33'),(309,'supmit13%40yahoo.com',20,NULL,NULL,NULL,NULL,NULL,NULL,NULL,NULL,NULL,'2016-04-30 20:36:52'),(310,'supmit13%40yahoo.com',20,NULL,NULL,NULL,NULL,NULL,NULL,NULL,NULL,NULL,'2016-04-30 20:37:18'),(311,'supmit13%40yahoo.com',20,NULL,NULL,NULL,NULL,NULL,NULL,NULL,NULL,NULL,'2016-04-30 20:37:32'),(312,'supmit13%40yahoo.com',20,NULL,NULL,NULL,NULL,NULL,NULL,NULL,NULL,NULL,'2016-04-30 20:37:59'),(313,'supmit13%40yahoo.com',20,NULL,NULL,NULL,NULL,NULL,NULL,NULL,NULL,NULL,'2016-04-30 20:39:06'),(314,'supmit13%40yahoo.com',20,NULL,NULL,NULL,NULL,NULL,NULL,NULL,NULL,NULL,'2016-04-30 21:11:41'),(315,'supmit13%40yahoo.com',20,NULL,NULL,NULL,NULL,NULL,NULL,NULL,NULL,NULL,'2016-04-30 21:12:14'),(316,'supmit13%40yahoo.com',20,NULL,NULL,NULL,NULL,NULL,NULL,NULL,NULL,NULL,'2016-04-30 21:13:21'),(317,'supmit13%40yahoo.com',20,NULL,NULL,NULL,NULL,NULL,NULL,NULL,NULL,NULL,'2016-04-30 21:14:37'),(318,'supmit13%40yahoo.com',20,NULL,NULL,NULL,NULL,NULL,NULL,NULL,NULL,NULL,'2016-04-30 21:15:19'),(319,'supmit13%40yahoo.com',20,NULL,NULL,NULL,NULL,NULL,NULL,NULL,NULL,NULL,'2016-04-30 21:15:35'),(320,'supmit13%40yahoo.com',20,NULL,NULL,NULL,NULL,NULL,NULL,NULL,NULL,NULL,'2016-04-30 21:16:21'),(321,'supmit13%40yahoo.com',20,NULL,NULL,NULL,NULL,NULL,NULL,NULL,NULL,NULL,'2016-04-30 21:16:43'),(322,'supmit13',20,NULL,NULL,NULL,NULL,NULL,NULL,NULL,NULL,NULL,'2016-04-30 22:03:41'),(323,'supmit13%40yahoo.com',20,NULL,NULL,NULL,NULL,NULL,NULL,NULL,NULL,NULL,'2016-04-30 22:14:50'),(324,'supmit13%40yahoo.com',20,NULL,NULL,NULL,NULL,NULL,NULL,NULL,NULL,NULL,'2016-04-30 22:15:08'),(325,'supmit13%40yahoo.com',20,NULL,NULL,NULL,NULL,NULL,NULL,NULL,NULL,NULL,'2016-04-30 22:16:14'),(326,'supmit13%40yahoo.com',20,NULL,NULL,NULL,NULL,NULL,NULL,NULL,NULL,NULL,'2016-04-30 22:17:34'),(327,'supmit2k3',20,NULL,NULL,NULL,NULL,NULL,NULL,NULL,NULL,NULL,'2016-04-30 22:20:51'),(328,'supmit',17,NULL,NULL,NULL,NULL,NULL,NULL,NULL,NULL,NULL,'2016-04-30 22:38:24'),(329,'supmit13%40yahoo.com',20,NULL,NULL,NULL,NULL,NULL,NULL,NULL,NULL,NULL,'2016-05-01 01:08:44'),(330,'supmit13%40yahoo.com',20,NULL,NULL,NULL,NULL,NULL,NULL,NULL,NULL,NULL,'2016-05-01 01:35:02'),(331,'supmit13%40yahoo.com',20,NULL,NULL,NULL,NULL,NULL,NULL,NULL,NULL,NULL,'2016-05-01 01:54:14'),(332,'supmit13%40yahoo.com',20,NULL,NULL,NULL,NULL,NULL,NULL,NULL,NULL,NULL,'2016-05-01 06:05:00'),(333,'supmit13%40yahoo.com',20,NULL,NULL,NULL,NULL,NULL,NULL,NULL,NULL,NULL,'2016-05-02 18:31:15'),(334,'Lava',20,NULL,NULL,NULL,NULL,NULL,NULL,NULL,NULL,NULL,'2016-05-02 18:43:23'),(335,'Lavagroup',20,NULL,NULL,NULL,NULL,NULL,NULL,NULL,NULL,NULL,'2016-05-02 18:47:56'),(336,'supmit13%40yahoo.com',20,NULL,NULL,NULL,NULL,NULL,NULL,NULL,NULL,NULL,'2016-05-02 19:02:40'),(337,'supmit13',20,NULL,NULL,NULL,NULL,NULL,NULL,NULL,NULL,NULL,'2016-05-02 19:14:37'),(338,'supmit13',20,NULL,NULL,NULL,NULL,NULL,NULL,NULL,NULL,NULL,'2016-05-02 20:00:42'),(339,'supmit13',20,NULL,NULL,NULL,NULL,NULL,NULL,NULL,NULL,NULL,'2016-05-02 20:05:14'),(340,'supmit13',20,NULL,NULL,NULL,NULL,NULL,NULL,NULL,NULL,NULL,'2016-05-02 20:12:06'),(341,'supmit13',20,NULL,NULL,NULL,NULL,NULL,NULL,NULL,NULL,NULL,'2016-05-02 20:30:20'),(342,'supmit13',20,NULL,NULL,NULL,NULL,NULL,NULL,NULL,NULL,NULL,'2016-05-02 20:41:52'),(343,'supmit13',20,NULL,NULL,NULL,NULL,NULL,NULL,NULL,NULL,NULL,'2016-05-02 20:51:01'),(344,'supmit13',20,NULL,NULL,NULL,NULL,NULL,NULL,NULL,NULL,NULL,'2016-05-02 23:02:22'),(345,'supmit13',20,NULL,NULL,NULL,NULL,NULL,NULL,NULL,NULL,NULL,'2016-05-03 00:01:16'),(346,'supmit13',20,NULL,NULL,NULL,NULL,NULL,NULL,NULL,NULL,NULL,'2016-05-03 00:12:25'),(347,'supmit13',20,NULL,NULL,NULL,NULL,NULL,NULL,NULL,NULL,NULL,'2016-05-03 01:47:33'),(348,'supmit13',20,NULL,NULL,NULL,NULL,NULL,NULL,NULL,NULL,NULL,'2016-05-03 02:02:58'),(349,'supmit13',20,NULL,NULL,NULL,NULL,NULL,NULL,NULL,NULL,NULL,'2016-05-03 06:02:24'),(350,'supmit13',20,NULL,NULL,NULL,NULL,NULL,NULL,NULL,NULL,NULL,'2016-05-03 06:06:20'),(351,'supmit13',20,NULL,NULL,NULL,NULL,NULL,NULL,NULL,NULL,NULL,'2016-05-03 07:16:41'),(352,'supmit13',20,NULL,NULL,NULL,NULL,NULL,NULL,NULL,NULL,NULL,'2016-05-03 07:28:24'),(353,'supmit13',20,NULL,NULL,NULL,NULL,NULL,NULL,NULL,NULL,NULL,'2016-05-03 23:18:57'),(354,'supmit13',20,NULL,NULL,NULL,NULL,NULL,NULL,NULL,NULL,NULL,'2016-05-03 23:39:00'),(355,'sup13yahoo',20,NULL,NULL,NULL,NULL,NULL,NULL,NULL,NULL,NULL,'2016-05-05 00:25:23'),(356,'supmits2k3',20,NULL,NULL,NULL,NULL,NULL,NULL,NULL,NULL,NULL,'2016-05-05 02:29:54'),(357,'supmit13',20,NULL,NULL,NULL,NULL,NULL,NULL,NULL,NULL,NULL,'2016-05-05 02:48:47'),(358,'supmit',17,NULL,NULL,NULL,NULL,NULL,NULL,NULL,NULL,NULL,'2016-05-05 02:59:24'),(359,'supmit13',20,NULL,NULL,NULL,NULL,NULL,NULL,NULL,NULL,NULL,'2016-05-06 23:59:57'),(360,'supmit13',20,NULL,NULL,NULL,NULL,NULL,NULL,NULL,NULL,NULL,'2016-05-07 00:30:06'),(361,'supmit13',20,NULL,NULL,NULL,NULL,NULL,NULL,NULL,NULL,NULL,'2016-05-07 01:05:58'),(362,'supmit13',20,NULL,NULL,NULL,NULL,NULL,NULL,NULL,NULL,NULL,'2016-05-07 01:08:28'),(363,'supmit13',20,NULL,NULL,NULL,NULL,NULL,NULL,NULL,NULL,NULL,'2016-05-07 01:08:35'),(364,'supmit13',20,NULL,NULL,NULL,NULL,NULL,NULL,NULL,NULL,NULL,'2016-05-07 04:30:14'),(365,'supmit13',20,NULL,NULL,NULL,NULL,NULL,NULL,NULL,NULL,NULL,'2016-05-07 04:30:39'),(366,'supmit13',20,NULL,NULL,NULL,NULL,NULL,NULL,NULL,NULL,NULL,'2016-05-07 05:03:57'),(367,'supmit13',20,NULL,NULL,NULL,NULL,NULL,NULL,NULL,NULL,NULL,'2016-05-07 05:41:28'),(368,'supmit13',20,NULL,NULL,NULL,NULL,NULL,NULL,NULL,NULL,NULL,'2016-05-07 09:56:54'),(369,'supmit13',20,NULL,NULL,NULL,NULL,NULL,NULL,NULL,NULL,NULL,'2016-05-07 10:07:06'),(370,'supmit13',20,NULL,NULL,NULL,NULL,NULL,NULL,NULL,NULL,NULL,'2016-05-07 10:07:11'),(371,'supmit13',20,NULL,NULL,NULL,NULL,NULL,NULL,NULL,NULL,NULL,'2016-05-07 10:07:55'),(372,'supmit13',20,NULL,NULL,NULL,NULL,NULL,NULL,NULL,NULL,NULL,'2016-05-09 23:16:25'),(373,'supmit13',20,NULL,NULL,NULL,NULL,NULL,NULL,NULL,NULL,NULL,'2016-05-10 05:14:26'),(374,'supmit13',20,NULL,NULL,NULL,NULL,NULL,NULL,NULL,NULL,NULL,'2016-05-10 06:36:00'),(375,'supmit13',20,NULL,NULL,NULL,NULL,NULL,NULL,NULL,NULL,NULL,'2016-05-10 08:25:43'),(376,'supmit13',20,NULL,NULL,NULL,NULL,NULL,NULL,NULL,NULL,NULL,'2016-05-10 08:47:48'),(377,'supmit13',20,NULL,NULL,NULL,NULL,NULL,NULL,NULL,NULL,NULL,'2016-05-10 23:14:02'),(378,'supmit13',20,NULL,NULL,NULL,NULL,NULL,NULL,NULL,NULL,NULL,'2016-05-12 07:24:57'),(379,'supmit13',20,NULL,NULL,NULL,NULL,NULL,NULL,NULL,NULL,NULL,'2016-05-13 03:38:06'),(380,'supmit13',20,NULL,NULL,NULL,NULL,NULL,NULL,NULL,NULL,NULL,'2016-05-13 03:54:57'),(381,'supmit13',20,NULL,NULL,NULL,NULL,NULL,NULL,NULL,NULL,NULL,'2016-05-14 18:29:48'),(382,'supmit13',20,NULL,NULL,NULL,NULL,NULL,NULL,NULL,NULL,NULL,'2016-05-17 00:55:59'),(383,'supmit13',20,NULL,NULL,NULL,NULL,NULL,NULL,NULL,NULL,NULL,'2016-05-17 03:28:16'),(384,'supmit13',20,NULL,NULL,NULL,NULL,NULL,NULL,NULL,NULL,NULL,'2016-05-17 05:24:09'),(385,'supmit13',20,NULL,NULL,NULL,NULL,NULL,NULL,NULL,NULL,NULL,'2016-05-18 23:48:28'),(386,'supmit13',20,NULL,NULL,NULL,NULL,NULL,NULL,NULL,NULL,NULL,'2016-05-18 23:58:05'),(387,'supmit13',20,NULL,NULL,NULL,NULL,NULL,NULL,NULL,NULL,NULL,'2016-05-19 00:19:19'),(388,'supmit13',20,NULL,NULL,NULL,NULL,NULL,NULL,NULL,NULL,NULL,'2016-05-19 00:28:57'),(389,'supmit13',20,NULL,NULL,NULL,NULL,NULL,NULL,NULL,NULL,NULL,'2016-05-19 01:42:09'),(390,'supmit13',20,NULL,NULL,NULL,NULL,NULL,NULL,NULL,NULL,NULL,'2016-05-19 02:14:59'),(391,'supmit13',20,NULL,NULL,NULL,NULL,NULL,NULL,NULL,NULL,NULL,'2016-05-19 02:19:37'),(392,'supmit13',20,NULL,NULL,NULL,NULL,NULL,NULL,NULL,NULL,NULL,'2016-05-19 02:24:52'),(393,'Aaaa',20,NULL,NULL,NULL,NULL,NULL,NULL,NULL,NULL,NULL,'2016-05-30 12:28:16'),(394,'supmit13',20,NULL,NULL,NULL,NULL,NULL,NULL,NULL,NULL,NULL,'2016-05-30 12:32:00'),(395,'supmit13',20,NULL,NULL,NULL,NULL,NULL,NULL,NULL,NULL,NULL,'2016-05-30 12:40:49'),(396,'supmit13',20,NULL,NULL,NULL,NULL,NULL,NULL,NULL,NULL,NULL,'2016-05-30 13:53:13'),(397,'supmit13',20,NULL,NULL,NULL,NULL,NULL,NULL,NULL,NULL,NULL,'2016-05-30 14:02:47'),(398,'supmit13',20,NULL,NULL,NULL,NULL,NULL,NULL,NULL,NULL,NULL,'2016-05-30 16:48:08'),(399,'supmit13',20,NULL,NULL,NULL,NULL,NULL,NULL,NULL,NULL,NULL,'2016-05-30 16:58:16'),(400,'supmit13',20,NULL,NULL,NULL,NULL,NULL,NULL,NULL,NULL,NULL,'2016-05-30 16:59:24'),(401,'supmit13',20,NULL,NULL,NULL,NULL,NULL,NULL,NULL,NULL,NULL,'2016-05-30 17:08:39'),(402,'supmit13',20,NULL,NULL,NULL,NULL,NULL,NULL,NULL,NULL,NULL,'2016-05-30 17:15:33'),(403,'supmit13',20,NULL,NULL,NULL,NULL,NULL,NULL,NULL,NULL,NULL,'2016-05-30 17:20:47'),(404,'supmit13',20,NULL,NULL,NULL,NULL,NULL,NULL,NULL,NULL,NULL,'2016-05-30 17:26:36'),(405,'supmit13',20,NULL,NULL,NULL,NULL,NULL,NULL,NULL,NULL,NULL,'2016-05-30 17:41:11'),(406,'supmit13',20,NULL,NULL,NULL,NULL,NULL,NULL,NULL,NULL,NULL,'2016-05-30 18:29:31'),(407,'supmit13',20,NULL,NULL,NULL,NULL,NULL,NULL,NULL,NULL,NULL,'2016-05-30 18:34:29'),(408,'supmit13',20,NULL,NULL,NULL,NULL,NULL,NULL,NULL,NULL,NULL,'2016-05-30 18:42:23'),(409,'supmit13',20,NULL,NULL,NULL,NULL,NULL,NULL,NULL,NULL,NULL,'2016-05-30 19:02:34'),(410,'supmit13',20,NULL,NULL,NULL,NULL,NULL,NULL,NULL,NULL,NULL,'2016-05-30 19:42:38'),(411,'supmit13',20,NULL,NULL,NULL,NULL,NULL,NULL,NULL,NULL,NULL,'2016-05-30 19:54:32'),(412,'supmit13',20,NULL,NULL,NULL,NULL,NULL,NULL,NULL,NULL,NULL,'2016-05-30 20:19:34'),(413,'supmit13',20,NULL,NULL,NULL,NULL,NULL,NULL,NULL,NULL,NULL,'2016-05-30 21:44:12'),(414,'supmit13',20,NULL,NULL,NULL,NULL,NULL,NULL,NULL,NULL,NULL,'2016-05-30 21:49:09'),(415,'supmit13',20,NULL,NULL,NULL,NULL,NULL,NULL,NULL,NULL,NULL,'2016-05-31 07:45:32'),(416,'supmit13',20,NULL,NULL,NULL,NULL,NULL,NULL,NULL,NULL,NULL,'2016-05-31 08:00:46'),(417,'supmit13',20,NULL,NULL,NULL,NULL,NULL,NULL,NULL,NULL,NULL,'2016-06-01 00:43:49'),(418,'supmit13',20,NULL,NULL,NULL,NULL,NULL,NULL,NULL,NULL,NULL,'2016-06-01 07:12:51'),(419,'supmit13',20,NULL,NULL,NULL,NULL,NULL,NULL,NULL,NULL,NULL,'2016-06-01 07:48:58'),(420,'supmit13',20,NULL,NULL,NULL,NULL,NULL,NULL,NULL,NULL,NULL,'2016-06-03 01:19:09'),(421,'supmit13',20,NULL,NULL,NULL,NULL,NULL,NULL,NULL,NULL,NULL,'2016-06-03 02:08:52'),(422,'supmit13',20,NULL,NULL,NULL,NULL,NULL,NULL,NULL,NULL,NULL,'2016-06-03 03:21:57'),(423,'supmit13',20,NULL,NULL,NULL,NULL,NULL,NULL,NULL,NULL,NULL,'2016-06-03 03:32:09'),(428,'MyEvalGroup',21,NULL,NULL,NULL,NULL,NULL,NULL,NULL,NULL,NULL,'2016-06-03 07:46:26'),(429,'MyFairEvaluator',20,21,NULL,NULL,NULL,NULL,NULL,NULL,NULL,NULL,'2016-06-03 08:02:25'),(430,'supmit',17,NULL,NULL,NULL,NULL,NULL,NULL,NULL,NULL,NULL,'2016-06-05 21:29:39'),(431,'supmit',17,NULL,NULL,NULL,NULL,NULL,NULL,NULL,NULL,NULL,'2016-06-05 21:30:32'),(432,'supmit',17,NULL,NULL,NULL,NULL,NULL,NULL,NULL,NULL,NULL,'2016-06-07 00:10:12'),(433,'supmit',17,NULL,NULL,NULL,NULL,NULL,NULL,NULL,NULL,NULL,'2016-06-07 08:39:46'),(434,'ssss',20,17,NULL,NULL,NULL,NULL,NULL,NULL,NULL,NULL,'2016-06-15 23:50:52'),(435,'supmit',17,NULL,NULL,NULL,NULL,NULL,NULL,NULL,NULL,NULL,'2016-06-29 23:56:50');
/*!40000 ALTER TABLE `Tests_evaluator` ENABLE KEYS */;
UNLOCK TABLES;

--
-- Table structure for table `Tests_interview`
--

DROP TABLE IF EXISTS `Tests_interview`;
/*!40101 SET @saved_cs_client     = @@character_set_client */;
/*!40101 SET character_set_client = utf8 */;
CREATE TABLE `Tests_interview` (
  `id` int(11) NOT NULL AUTO_INCREMENT,
  `title` varchar(200) NOT NULL,
  `challengescount` int(11) DEFAULT '5',
  `maxresponsestarttime` int(11) DEFAULT '300',
  `topic_id` int(11) DEFAULT NULL,
  `topicname` varchar(200) DEFAULT NULL,
  `interviewer_id` int(11) NOT NULL,
  `medium` varchar(15) NOT NULL DEFAULT 'audio',
  `language` varchar(20) NOT NULL DEFAULT 'english',
  `createdate` datetime NOT NULL,
  `publishdate` datetime DEFAULT NULL,
  `status` tinyint(1) DEFAULT '1',
  `maxscore` int(11) DEFAULT '0',
  `maxduration` int(11) DEFAULT '3600',
  `randomsequencing` tinyint(1) DEFAULT '1',
  `interviewlinkid` varchar(200) NOT NULL,
  `scope` varchar(50) NOT NULL DEFAULT 'public',
  `quality` varchar(4) NOT NULL DEFAULT 'INT',
  `challengesfilepath` text NOT NULL,
  `introfilepath` text,
  `filetype` varchar(4) DEFAULT 'wav',
  `realtime` tinyint(1) DEFAULT '1',
  PRIMARY KEY (`id`),
  KEY `topic_id` (`topic_id`),
  KEY `interviewer_id` (`interviewer_id`),
  CONSTRAINT `Tests_interview_ibfk_1` FOREIGN KEY (`topic_id`) REFERENCES `Tests_topic` (`id`),
  CONSTRAINT `Tests_interview_ibfk_2` FOREIGN KEY (`interviewer_id`) REFERENCES `Auth_user` (`id`)
) ENGINE=InnoDB AUTO_INCREMENT=500 DEFAULT CHARSET=latin1;
/*!40101 SET character_set_client = @saved_cs_client */;

--
-- Dumping data for table `Tests_interview`
--

LOCK TABLES `Tests_interview` WRITE;
/*!40000 ALTER TABLE `Tests_interview` DISABLE KEYS */;
INSERT INTO `Tests_interview` VALUES (461,'New Round 1',20,300,NULL,'\"Programming\"',21,'audiovisual','English-US','2016-02-11 00:03:12','2016-02-10 18:30:00',0,100,3600,0,'bfb2aeaf44e54c93aa8ddbfc4fd4fb2a1455148888625','\"public\"','INT','','intro.wav','wav',1),(462,'New Round 2',20,300,NULL,'\"Programming\"',21,'audiovisual','English-US','2016-02-11 00:11:45','2016-02-10 18:30:00',0,100,3600,0,'e6222b607f8a4b18aaacb8bd0b36f4e41455149455738','\"public\"','INT','','intro.wav','wav',1),(463,'New Round 3',20,300,NULL,'\"Programming\"',21,'audiovisual','English-US','2016-02-11 00:15:19','2016-02-10 18:30:00',0,100,3600,0,'5a2ff90d4d3d4653be38f92f9c131f611455149679016','\"protected\"','INT','','intro.wav','wav',1),(464,'New Round 4',20,300,NULL,'\"Database__Management\"',21,'audiovisual','English-US','2016-02-11 00:34:38','2016-02-10 18:30:00',0,100,3600,0,'33fb67ed1f324b2e8686b28a21c94add1455150034949','\"private\"','INT','','intro.wav','wav',1),(465,'DCM DS Round 1',20,300,NULL,'\"Programming\"',21,'audiovisual','English-US','2016-02-11 01:20:27','2016-02-10 18:30:00',0,100,3600,0,'f51312fe3bb14cca964429895ec6b91e1455152849825','\"public\"','INT','','intro.wav','wav',1),(466,'New Interview Available',20,300,NULL,'\"Software__Testing\"',17,'audiovisual','English-US','2016-06-30 23:57:52','2016-06-30 18:30:00',0,100,3600,0,'816c7e2c33364b53b75f3747bcb9521c1467330849670','\"protected\"','INT','','intro.wav','wav',1),(467,'A New Interview 02',20,300,NULL,'\"Programming\"',17,'audiovisual','English-US','2016-07-01 00:08:56','2016-06-30 18:30:00',0,100,3600,0,'7ea7eefb4a794259bee79bc02630fdcb1467331507055','\"public\"','INT','','intro.wav','wav',1),(468,'My Test Interview 01',20,300,NULL,'\"Programming\"',21,'audiovisual','English-US','2016-07-04 18:45:40','2016-07-04 18:30:00',0,100,3600,0,'894256b2b4264abea575c9ec31368af51467655100944','\"public\"','INT','','intro.wav','wav',1),(469,'My Test Interview 02',20,300,NULL,'\"Programming\"',21,'audiovisual','English-US','2016-07-04 18:54:24','2016-07-04 18:30:00',0,100,3600,0,'fe5f84fa3f4d43fca0f2c98646c16a741467658258799','\"private\"','INT','','intro.wav','wav',1),(470,'A New Interview for codexaddict',20,300,NULL,'\"Programming\"',17,'audiovisual','English-US','2016-07-04 19:08:26','2016-07-04 18:30:00',0,100,3600,0,'e6bb81f95791443397d55c79b80c7e1d1467659226701','\"private\"','INT','','intro.wav','wav',1),(471,'A New Interview 03',20,300,NULL,'\"Programming\"',17,'audiovisual','English-US','2016-07-04 19:20:16','2016-07-04 18:30:00',0,100,3600,0,'8d1dad2bca3d4329b5f3611cf5b4724e1467659983472','\"private\"','INT','','intro.wav','wav',1),(472,'A New Interview 03',20,300,NULL,'\"Programming\"',17,'audiovisual','English-US','2016-07-04 19:20:21','2016-07-04 18:30:00',0,100,3600,0,'8d1dad2bca3d4329b5f3611cf5b4724e1467659983472','\"private\"','INT','','intro.wav','wav',1),(473,'A new linkid test',20,300,NULL,'\"Programming\"',18,'audiovisual','English-US','2016-07-04 21:13:07','2016-07-04 18:30:00',0,100,3600,0,'c831b109cfbb4488a8183b08a68bc85c1467666562405','\"private\"','INT','','intro.wav','wav',1),(474,'A second interview',20,300,NULL,'\"Programming\"',18,'audiovisual','English-US','2016-07-04 21:14:12','2016-07-04 18:30:00',0,100,3600,0,'c4b7cade7a054495be65eb493141bd7d1467666816742','\"private\"','INT','','intro.wav','wav',1),(475,'A third interview',20,300,NULL,'\"Programming\"',18,'audiovisual','English-US','2016-07-04 21:16:29','2016-07-04 18:30:00',0,100,3600,0,'ae9e291ae7dc47098dba8ad78d2bbf9c1467666942521','\"private\"','INT','','intro.wav','wav',1),(476,'Fourth Interview',20,300,NULL,'\"Programming\"',18,'audiovisual','English-US','2016-07-04 21:20:15','2016-07-04 18:30:00',0,100,3600,0,'06cc0abd775c4be98d044f75e72160961467667148584','\"private\"','INT','','intro.wav','wav',1),(477,'Fifth interview',20,300,NULL,'\"Programming\"',18,'audiovisual','English-US','2016-07-04 21:29:47','2016-07-04 18:30:00',0,100,3600,0,'398cab7e4ecb479a9a5a38e1b5cdaf991467667622947','\"private\"','INT','','intro.wav','wav',1),(478,'Sixth Interview',20,300,NULL,'\"Programming\"',18,'audiovisual','English-US','2016-07-04 21:36:30','2016-07-04 18:30:00',0,100,3600,0,'75a68ab3ad044ddbb32a059827cf14281467668158768','\"private\"','INT','','intro.wav','wav',1),(479,'Sixth Interview 01',20,300,NULL,'\"Programming\"',18,'audiovisual','English-US','2016-07-04 22:04:07','2016-07-04 18:30:00',0,100,3600,0,'c015438d809e4d11bc760378e5094ba41467669773495','\"private\"','INT','','intro.wav','wav',1),(480,'A New Interview',20,300,NULL,'\"Programming\"',18,'audiovisual','English-US','2016-07-04 22:10:54','2016-07-04 18:30:00',0,100,3600,0,'46b608d8ca7a4ad5aff46663f5881c501467670209162','\"private\"','INT','','intro.wav','wav',1),(481,'Sixth Interview 03',20,300,NULL,'\"Programming\"',18,'audiovisual','English-US','2016-07-04 22:20:16','2016-07-04 18:30:00',0,100,3600,0,'e7a5a0c3df04456eb7d164d6a200cf551467670774660','\"private\"','INT','','intro.wav','wav',1),(482,'Sixth Interview 04',20,300,NULL,'\"Programming\"',18,'audiovisual','English-US','2016-07-04 22:21:55','2016-07-04 18:30:00',0,100,3600,0,'60565341fc0244f49db9c11d2b24ee6d1467670881072','\"private\"','INT','','intro.wav','wav',1),(483,'Sixth Interview 05',20,300,NULL,'\"Programming\"',18,'audiovisual','English-US','2016-07-04 22:25:48','2016-07-04 18:30:00',0,100,3600,0,'3987e1fe0ea940fb830c330c22cec7e81467671089870','\"private\"','INT','','intro.wav','wav',1),(484,'Sixth Interview 06',20,300,NULL,'\"Programming\"',18,'audiovisual','English-US','2016-07-04 22:29:58','2016-07-04 18:30:00',0,100,3600,0,'58754ebc1e424ea8b0c442597433e1241467671347226','\"private\"','INT','','intro.wav','wav',1),(485,'Sixth Interview 07',20,300,NULL,'\"Programming\"',18,'audiovisual','English-US','2016-07-04 22:32:24','2016-07-04 18:30:00',0,100,3600,0,'54dddfb271e34027a0642b0abbc536dd1467671506237','\"private\"','INT','','intro.wav','wav',1),(486,'Napa - Java Interview 01',20,300,NULL,'\"Programming\"',21,'audiovisual','English-US','2016-07-05 07:55:47','2016-07-04 18:30:00',0,100,3600,0,'6469762fc1a045f8b68b82d8c0c349df1467705173709','\"private\"','INT','','intro.wav','wav',1),(487,'Napa Java - 01',20,300,NULL,'\"Programming\"',21,'audiovisual','English-US','2016-07-05 07:59:56','2016-07-04 18:30:00',0,100,3600,0,'b9cba7eda27d4feb816c95b0f51218a51467705378692','\"private\"','INT','','intro.wav','wav',1),(488,'Bittu',20,300,NULL,'\"Programming\"',17,'audiovisual','English-US','2016-07-07 00:21:53','2016-07-06 18:30:00',0,100,3600,0,'07b6107c80674ed2acf99a3452613a411467850819620','\"public\"','INT','','intro.wav','wav',1),(489,'Bittoo2',20,300,NULL,'\"Programming\"',17,'audiovisual','English-US','2016-07-07 00:30:23','2016-07-06 18:30:00',0,100,3600,0,'d35be9005db44ad9847efec029726b4e1467851207732','\"private\"','INT','','intro.wav','wav',1),(490,'Bittoo3',20,300,NULL,'\"Programming\"',17,'audiovisual','English-US','2016-07-07 00:33:23','2016-07-06 18:30:00',0,100,3600,0,'fbbf0f7a1602494b8ec08f0d315c18521467851544447','\"private\"','INT','','intro.wav','wav',1),(491,'Bittoo4 Interview',20,300,NULL,'\"Programming\"',17,'audiovisual','English-US','2016-07-07 00:55:13','2016-07-06 18:30:00',0,100,3600,0,'b5279929fa20459abf6a9e5434258b311467852822765','\"public\"','INT','','intro.wav','wav',1),(492,'Interview Test on Sangeeta laptop',20,300,NULL,'\"Programming\"',17,'audiovisual','English-US','2016-07-07 23:44:57','2016-07-07 18:30:00',0,100,3600,0,'3d2b67cd72ba45d29da0d0983f2b05001467934538670','\"private\"','INT','','intro.wav','wav',1),(493,'New Sangeeta Test',20,300,NULL,'\"Programming\"',17,'audiovisual','English-US','2016-07-08 00:07:14','2016-07-07 18:30:00',0,100,3600,0,'cc79bf7a0f5b4a448d54a062cf5cc9b81467936390185','\"public\"','INT','','intro.wav','wav',1),(494,'School Reunion',20,300,NULL,'\"Programming\"',17,'audiovisual','English-US','2016-07-08 00:29:49','2016-07-07 18:30:00',0,100,3600,0,'d7a3673780a5434f88a7261c0bbf88fa1467937714567','\"public\"','INT','','intro.wav','wav',1),(495,'A Difficult Test',20,300,NULL,'\"Programming\"',17,'audiovisual','English-US','2016-07-08 00:43:20','2016-07-07 18:30:00',0,100,3600,0,'6d60659bf42d45cda3b4d539c7ce11d81467938532586','\"public\"','INT','','intro.wav','wav',1),(496,'A Difficult Test 02',20,300,NULL,'\"Programming\"',17,'audiovisual','English-US','2016-07-08 00:51:53','2016-07-07 18:30:00',0,100,3600,0,'9e4ca4a02dcb4ebea67cf9a4f505bce91467939058783','\"public\"','INT','','intro.wav','wav',1),(497,'A Difficult Test 03',20,300,NULL,'\"Programming\"',17,'audiovisual','English-US','2016-07-08 00:55:25','2016-07-07 18:30:00',0,100,3600,0,'c5842c4a1800460db19dcffa86ed85e01467939276316','\"public\"','INT','','intro.wav','wav',1),(498,'New Secure Interview 01',20,300,NULL,'\"Programming\"',17,'audiovisual','English-US','2016-07-09 17:09:14','2016-07-08 18:30:00',0,100,3600,0,'df76e9434ce14685b09c6dd2aa69fe991468063191230','\"public\"','INT','','intro.wav','wav',1),(499,'New Secure Interview 02',20,300,NULL,'\"Programming\"',17,'audiovisual','English-US','2016-07-09 17:24:53','2016-07-08 18:30:00',0,100,3600,0,'0b0d1465dc394c2c9a77285edb81cf0a1468085013727','\"public\"','INT','','intro.wav','wav',1);
/*!40000 ALTER TABLE `Tests_interview` ENABLE KEYS */;
UNLOCK TABLES;

--
-- Table structure for table `Tests_interviewcandidates`
--

DROP TABLE IF EXISTS `Tests_interviewcandidates`;
/*!40101 SET @saved_cs_client     = @@character_set_client */;
/*!40101 SET character_set_client = utf8 */;
CREATE TABLE `Tests_interviewcandidates` (
  `id` int(11) NOT NULL AUTO_INCREMENT,
  `interview_id` int(11) NOT NULL,
  `emailaddr` varchar(200) NOT NULL,
  `scheduledtime` datetime DEFAULT NULL,
  `actualstarttime` datetime DEFAULT NULL,
  `interviewlinkid` varchar(200) NOT NULL,
  `totaltimetaken` int(11) DEFAULT NULL,
  `interviewurl` text,
  PRIMARY KEY (`id`),
  KEY `interview_id` (`interview_id`),
  CONSTRAINT `Tests_interviewcandidates_ibfk_1` FOREIGN KEY (`interview_id`) REFERENCES `Tests_interview` (`id`)
) ENGINE=InnoDB AUTO_INCREMENT=76 DEFAULT CHARSET=latin1;
/*!40101 SET character_set_client = @saved_cs_client */;

--
-- Dumping data for table `Tests_interviewcandidates`
--

LOCK TABLES `Tests_interviewcandidates` WRITE;
/*!40000 ALTER TABLE `Tests_interviewcandidates` DISABLE KEYS */;
INSERT INTO `Tests_interviewcandidates` VALUES (37,461,'supmit@gmail.com','2016-02-11 00:03:06',NULL,'bfb2aeaf44e54c93aa8ddbfc4fd4fb2a1455148888625',0,'http://192.168.1.3:8080skillstest/test/interview/attend/bfb2aeaf44e54c93aa8ddbfc4fd4fb2a1455148888625/'),(38,462,'supmit@gmail.com','2016-02-11 00:11:40',NULL,'e6222b607f8a4b18aaacb8bd0b36f4e41455149455738',0,'http://192.168.1.3:8080skillstest/test/interview/attend/e6222b607f8a4b18aaacb8bd0b36f4e41455149455738/'),(39,463,'supmit@gmail.com','2016-02-11 00:15:13',NULL,'5a2ff90d4d3d4653be38f92f9c131f611455149679016',0,'http://192.168.1.3:8080skillstest/test/interview/attend/5a2ff90d4d3d4653be38f92f9c131f611455149679016/'),(40,464,'supmit@gmail.com','2016-02-11 00:34:32',NULL,'33fb67ed1f324b2e8686b28a21c94add1455150034949',0,'http://192.168.1.3:8080skillstest/test/interview/attend/33fb67ed1f324b2e8686b28a21c94add1455150034949/'),(41,465,'supmit13@yahoo.com','2016-02-11 01:20:20',NULL,'f51312fe3bb14cca964429895ec6b91e1455152849825',0,'http://192.168.1.3:8080skillstest/test/interview/attend/f51312fe3bb14cca964429895ec6b91e1455152849825/'),(42,466,'supmit@gmail.com','2016-06-30 23:57:47',NULL,'816c7e2c33364b53b75f3747bcb9521c1467330849670',0,'http://192.168.1.2:8000skillstest/test/interview/attend/816c7e2c33364b53b75f3747bcb9521c1467330849670/'),(43,467,'supmit@gmail.com','2016-07-01 00:12:00',NULL,'7ea7eefb4a794259bee79bc02630fdcb1467331507055',0,'http://192.168.1.2:8000skillstest/test/interview/attend/7ea7eefb4a794259bee79bc02630fdcb1467331507055/'),(44,468,'codexaddict@gmail.com','2016-07-04 18:45:32',NULL,'894256b2b4264abea575c9ec31368af51467655100944',0,'http://192.168.1.3:8000skillstest/test/interview/attend/894256b2b4264abea575c9ec31368af51467655100944/'),(45,469,'codexaddict@gmail.com','2016-07-04 18:54:19',NULL,'fe5f84fa3f4d43fca0f2c98646c16a741467658258799',0,'http://192.168.1.3:8000skillstest/test/interview/attend/fe5f84fa3f4d43fca0f2c98646c16a741467658258799/'),(46,470,'codexaddict@gmail.com','2016-07-04 19:08:21',NULL,'e6bb81f95791443397d55c79b80c7e1d1467659226701',0,'http://192.168.1.3:8080/skillstest/test/interview/attend/e6bb81f95791443397d55c79b80c7e1d1467659226701/'),(47,471,'codexaddict@gmail.com','2016-07-04 19:20:11','2016-07-04 21:15:15','8d1dad2bca3d4329b5f3611cf5b4724e1467659983472',0,'http://192.168.1.3:8080/skillstest/test/interview/attend/8d1dad2bca3d4329b5f3611cf5b4724e1467659983472/?lid=8d1dad2bca3d4329b5f3611cf5b4724e1467659983472'),(48,472,'codexaddict@gmail.com','2016-07-04 19:20:15',NULL,'8d1dad2bca3d4329b5f3611cf5b4724e1467659983472',0,'http://192.168.1.3:8080/skillstest/test/interview/attend/8d1dad2bca3d4329b5f3611cf5b4724e1467659983472/?lid=8d1dad2bca3d4329b5f3611cf5b4724e1467659983472'),(49,473,'codexaddict@gmail.com','2016-07-04 21:13:01','2016-07-04 21:17:27','c831b109cfbb4488a8183b08a68bc85c1467666562405',0,'http://192.168.1.3:8000/skillstest/test/interview/attend/c831b109cfbb4488a8183b08a68bc85c1467666562405/?lid=c831b109cfbb4488a8183b08a68bc85c1467666562405'),(50,474,'supmit@gmail.com','2016-07-04 21:14:06','2016-07-04 21:14:51','c4b7cade7a054495be65eb493141bd7d1467666816742',0,'http://192.168.1.3:8000/skillstest/test/interview/attend/c4b7cade7a054495be65eb493141bd7d1467666816742/?lid=c4b7cade7a054495be65eb493141bd7d1467666816742'),(51,475,'supmit@gmail.com','2016-07-04 21:16:23',NULL,'ae9e291ae7dc47098dba8ad78d2bbf9c1467666942521',0,'http://192.168.1.3:8000/skillstest/test/interview/attend/ae9e291ae7dc47098dba8ad78d2bbf9c1467666942521/?lid=ae9e291ae7dc47098dba8ad78d2bbf9c1467666942521'),(52,476,'supmit@gmail.com','2016-07-04 21:20:09',NULL,'06cc0abd775c4be98d044f75e72160961467667148584',0,'http://192.168.1.3:8080/skillstest/test/interview/attend/06cc0abd775c4be98d044f75e72160961467667148584/?lid=06cc0abd775c4be98d044f75e72160961467667148584'),(53,477,'supmit@gmail.com','2016-07-04 21:29:43','2016-07-06 08:58:24','398cab7e4ecb479a9a5a38e1b5cdaf991467667622947',0,'http://192.168.1.3:8000/skillstest/test/interview/attend/398cab7e4ecb479a9a5a38e1b5cdaf991467667622947/?lid=398cab7e4ecb479a9a5a38e1b5cdaf991467667622947'),(54,478,'supmit@gmail.com','2016-07-04 21:36:25','2016-07-05 07:48:12','75a68ab3ad044ddbb32a059827cf14281467668158768',0,'http://192.168.1.3:8080/skillstest/test/interview/attend/75a68ab3ad044ddbb32a059827cf14281467668158768/?lid=75a68ab3ad044ddbb32a059827cf14281467668158768'),(55,479,'supmit@gmail.com','2016-07-04 22:03:59','2016-07-06 00:57:23','c015438d809e4d11bc760378e5094ba41467669773495',0,'http://192.168.1.3:8080/skillstest/test/interview/attend/c015438d809e4d11bc760378e5094ba41467669773495/?lid=c015438d809e4d11bc760378e5094ba41467669773495'),(56,480,'sssss@dddd.ccc','2016-07-04 22:10:47','2016-07-04 22:10:55','46b608d8ca7a4ad5aff46663f5881c501467670209162',0,'http://192.168.1.3:8080/skillstest/test/interview/attend/46b608d8ca7a4ad5aff46663f5881c501467670209162/?lid=46b608d8ca7a4ad5aff46663f5881c501467670209162'),(57,481,'supmit2k3@yahoo.com','2016-07-04 22:20:10','2016-07-04 22:20:16','e7a5a0c3df04456eb7d164d6a200cf551467670774660',0,'http://192.168.1.3:8080/skillstest/test/interview/attend/e7a5a0c3df04456eb7d164d6a200cf551467670774660/?lid=e7a5a0c3df04456eb7d164d6a200cf551467670774660'),(58,482,'supmit2k3@yahoo.com','2016-07-04 22:21:50','2016-07-04 22:21:55','60565341fc0244f49db9c11d2b24ee6d1467670881072',0,'http://192.168.1.3:8080/skillstest/test/interview/attend/60565341fc0244f49db9c11d2b24ee6d1467670881072/?lid=60565341fc0244f49db9c11d2b24ee6d1467670881072'),(59,483,'supmit@rediffmail.com','2016-07-04 22:25:42','2016-07-04 22:25:51','3987e1fe0ea940fb830c330c22cec7e81467671089870',0,'http://192.168.1.3:8080/skillstest/test/interview/attend/3987e1fe0ea940fb830c330c22cec7e81467671089870/?lid=3987e1fe0ea940fb830c330c22cec7e81467671089870'),(60,484,'supmit2k3@yahoo.com','2016-07-04 22:29:52','2016-07-04 22:30:19','58754ebc1e424ea8b0c442597433e1241467671347226',0,'http://192.168.1.3:8080/skillstest/test/interview/attend/58754ebc1e424ea8b0c442597433e1241467671347226/?lid=58754ebc1e424ea8b0c442597433e1241467671347226'),(61,485,'supmit2k3@yahoo.com','2016-07-04 22:32:18','2016-07-04 22:32:25','54dddfb271e34027a0642b0abbc536dd1467671506237',0,'http://192.168.1.3:8080/skillstest/test/interview/attend/54dddfb271e34027a0642b0abbc536dd1467671506237/?lid=54dddfb271e34027a0642b0abbc536dd1467671506237'),(62,486,'dubeym980@gmail.com,bikashdadhich@gmail.com','2016-07-05 07:55:39',NULL,'6469762fc1a045f8b68b82d8c0c349df1467705173709',0,'http://192.168.1.2:8000/skillstest/test/interview/attend/6469762fc1a045f8b68b82d8c0c349df1467705173709/?lid=6469762fc1a045f8b68b82d8c0c349df1467705173709'),(63,487,'dubeym980@gmail.com, bikashdadhich@gmail.com','2016-07-05 07:59:49','2016-07-05 08:00:15','b9cba7eda27d4feb816c95b0f51218a51467705378692',0,'http://192.168.1.2:8000/skillstest/test/interview/attend/b9cba7eda27d4feb816c95b0f51218a51467705378692/?lid=b9cba7eda27d4feb816c95b0f51218a51467705378692'),(64,488,'supmit@gmail.com,codexaddict@gmail.com','2016-07-07 00:21:47','2016-07-07 00:22:13','07b6107c80674ed2acf99a3452613a411467850819620',0,'http://192.168.1.3:8000/skillstest/test/interview/attend/07b6107c80674ed2acf99a3452613a411467850819620/?lid=07b6107c80674ed2acf99a3452613a411467850819620'),(65,489,'codexaddict@gmail.com, supmit@rediffmail.com, supmit@gmail.com','2016-07-07 00:30:18','2016-07-07 00:30:55','d35be9005db44ad9847efec029726b4e1467851207732',0,'http://192.168.1.3:8000/skillstest/test/interview/attend/d35be9005db44ad9847efec029726b4e1467851207732/?lid=d35be9005db44ad9847efec029726b4e1467851207732'),(66,490,'supmit@gmail.com,supmit13@yahoo.com','2016-07-07 00:33:18','2016-07-07 00:33:47','fbbf0f7a1602494b8ec08f0d315c18521467851544447',0,'http://192.168.1.3:8000/skillstest/test/interview/attend/fbbf0f7a1602494b8ec08f0d315c18521467851544447/?lid=fbbf0f7a1602494b8ec08f0d315c18521467851544447'),(67,491,'supmit@gmail.com, supmit2k3@yahoo.com','2016-07-07 00:55:08','2016-07-07 00:56:47','b5279929fa20459abf6a9e5434258b311467852822765',0,'http://192.168.1.3:8000/skillstest/test/interview/attend/b5279929fa20459abf6a9e5434258b311467852822765/?lid=b5279929fa20459abf6a9e5434258b311467852822765'),(68,492,'codexaddict@gmail.com','2016-07-07 23:44:52','2016-07-07 23:46:17','3d2b67cd72ba45d29da0d0983f2b05001467934538670',0,'http://192.168.1.2:8000/skillstest/test/interview/attend/3d2b67cd72ba45d29da0d0983f2b05001467934538670/?lid=3d2b67cd72ba45d29da0d0983f2b05001467934538670'),(69,493,'codexaddict@gmail.com','2016-07-08 00:07:09','2016-07-08 00:10:33','cc79bf7a0f5b4a448d54a062cf5cc9b81467936390185',0,'http://192.168.1.2:8000/skillstest/test/interview/attend/cc79bf7a0f5b4a448d54a062cf5cc9b81467936390185/?lid=cc79bf7a0f5b4a448d54a062cf5cc9b81467936390185'),(70,494,'codexaddict@gmail.com','2016-07-08 00:29:44','2016-07-08 00:31:59','d7a3673780a5434f88a7261c0bbf88fa1467937714567',0,'http://192.168.1.2:8000/skillstest/test/interview/attend/d7a3673780a5434f88a7261c0bbf88fa1467937714567/?lid=d7a3673780a5434f88a7261c0bbf88fa1467937714567'),(71,495,'codexaddict@gmail.com','2016-07-08 00:43:15',NULL,'6d60659bf42d45cda3b4d539c7ce11d81467938532586',0,'https://192.168.1.2:8000/skillstest/test/interview/attend/6d60659bf42d45cda3b4d539c7ce11d81467938532586/?lid=6d60659bf42d45cda3b4d539c7ce11d81467938532586'),(72,496,'codexaddict@gmail.com','2016-07-08 00:51:47',NULL,'9e4ca4a02dcb4ebea67cf9a4f505bce91467939058783',0,'https://192.168.1.2:8000/skillstest/test/interview/attend/9e4ca4a02dcb4ebea67cf9a4f505bce91467939058783/?lid=9e4ca4a02dcb4ebea67cf9a4f505bce91467939058783'),(73,497,'codexaddict@gmail.com','2016-07-08 00:55:21','2016-07-08 01:01:48','c5842c4a1800460db19dcffa86ed85e01467939276316',0,'http://192.168.1.2:8000/skillstest/test/interview/attend/c5842c4a1800460db19dcffa86ed85e01467939276316/?lid=c5842c4a1800460db19dcffa86ed85e01467939276316'),(74,498,'codexaddict@gmail.com, supmit2k3@yahoo.com','2016-07-09 17:09:08','2016-07-09 17:13:06','df76e9434ce14685b09c6dd2aa69fe991468063191230',0,'https://192.168.1.2/skillstest/test/interview/attend/df76e9434ce14685b09c6dd2aa69fe991468063191230/?lid=df76e9434ce14685b09c6dd2aa69fe991468063191230'),(75,499,'supmit@gmail.com, codexaddict@gmail.com, supmit2k3@yahoo.com','2016-07-09 17:24:48','2016-07-09 17:26:07','0b0d1465dc394c2c9a77285edb81cf0a1468085013727',0,'https://192.168.1.2/skillstest/test/interview/attend/0b0d1465dc394c2c9a77285edb81cf0a1468085013727/?lid=0b0d1465dc394c2c9a77285edb81cf0a1468085013727');
/*!40000 ALTER TABLE `Tests_interviewcandidates` ENABLE KEYS */;
UNLOCK TABLES;

--
-- Table structure for table `Tests_interviewquestions`
--

DROP TABLE IF EXISTS `Tests_interviewquestions`;
/*!40101 SET @saved_cs_client     = @@character_set_client */;
/*!40101 SET character_set_client = utf8 */;
CREATE TABLE `Tests_interviewquestions` (
  `id` int(11) NOT NULL AUTO_INCREMENT,
  `interview_id` int(11) NOT NULL,
  `questionfilename` varchar(255) NOT NULL,
  `questionnumber` int(11) NOT NULL,
  `deleted` tinyint(1) DEFAULT '0',
  `maxscore` int(11) DEFAULT '0',
  `interviewlinkid` varchar(200) NOT NULL,
  `timelimit` int(11) DEFAULT '600',
  `status` tinyint(1) DEFAULT '0',
  PRIMARY KEY (`id`),
  KEY `interview_id` (`interview_id`),
  CONSTRAINT `Tests_interviewquestions_ibfk_1` FOREIGN KEY (`interview_id`) REFERENCES `Tests_interview` (`id`)
) ENGINE=InnoDB DEFAULT CHARSET=latin1;
/*!40101 SET character_set_client = @saved_cs_client */;

--
-- Dumping data for table `Tests_interviewquestions`
--

LOCK TABLES `Tests_interviewquestions` WRITE;
/*!40000 ALTER TABLE `Tests_interviewquestions` DISABLE KEYS */;
/*!40000 ALTER TABLE `Tests_interviewquestions` ENABLE KEYS */;
UNLOCK TABLES;

--
-- Table structure for table `Tests_interviewresponses`
--

DROP TABLE IF EXISTS `Tests_interviewresponses`;
/*!40101 SET @saved_cs_client     = @@character_set_client */;
/*!40101 SET character_set_client = utf8 */;
CREATE TABLE `Tests_interviewresponses` (
  `id` int(11) NOT NULL AUTO_INCREMENT,
  `interview_id` int(11) NOT NULL,
  `question_id` int(11) NOT NULL,
  `interviewlinkid` varchar(200) NOT NULL,
  `responsefilename` varchar(200) DEFAULT '',
  PRIMARY KEY (`id`),
  KEY `interview_id` (`interview_id`),
  KEY `question_id` (`question_id`),
  CONSTRAINT `Tests_interviewresponses_ibfk_1` FOREIGN KEY (`interview_id`) REFERENCES `Tests_interview` (`id`),
  CONSTRAINT `Tests_interviewresponses_ibfk_2` FOREIGN KEY (`question_id`) REFERENCES `Tests_interviewquestions` (`id`)
) ENGINE=InnoDB DEFAULT CHARSET=latin1;
/*!40101 SET character_set_client = @saved_cs_client */;

--
-- Dumping data for table `Tests_interviewresponses`
--

LOCK TABLES `Tests_interviewresponses` WRITE;
/*!40000 ALTER TABLE `Tests_interviewresponses` DISABLE KEYS */;
/*!40000 ALTER TABLE `Tests_interviewresponses` ENABLE KEYS */;
UNLOCK TABLES;

--
-- Table structure for table `Tests_schedule`
--

DROP TABLE IF EXISTS `Tests_schedule`;
/*!40101 SET @saved_cs_client     = @@character_set_client */;
/*!40101 SET character_set_client = utf8 */;
CREATE TABLE `Tests_schedule` (
  `id` int(11) NOT NULL AUTO_INCREMENT,
  `test_id` int(11) NOT NULL,
  `slot` varchar(100) NOT NULL,
  `createdon` datetime NOT NULL,
  PRIMARY KEY (`id`),
  KEY `test_id` (`test_id`),
  CONSTRAINT `Tests_schedule_ibfk_1` FOREIGN KEY (`test_id`) REFERENCES `Tests_test` (`id`)
) ENGINE=InnoDB AUTO_INCREMENT=280 DEFAULT CHARSET=latin1;
/*!40101 SET character_set_client = @saved_cs_client */;

--
-- Dumping data for table `Tests_schedule`
--

LOCK TABLES `Tests_schedule` WRITE;
/*!40000 ALTER TABLE `Tests_schedule` DISABLE KEYS */;
INSERT INTO `Tests_schedule` VALUES (8,8,'2015-10-13 09:30:00#||#2015-10-13 12:30:00','2015-10-27 01:16:15'),(9,8,'2015-10-13 14:30:00#||#2015-10-13 12:30:00','2015-10-27 01:16:15'),(10,8,'2015-10-13 14:30:00#||#2015-10-13 17:30:00','2015-10-27 01:16:14'),(11,8,'2015-10-13 14:30:00#||#2015-10-13 17:30:00','2015-10-27 01:16:14'),(12,8,'2015-10-13 14:30:00#||#2015-10-13 17:30:00','2015-10-27 01:16:14'),(13,8,'2015-10-13 14:30:00#||#2015-10-13 17:30:00','2015-10-27 01:16:14'),(14,8,'2015-10-13 14:30:00#||#2015-10-13 17:30:00','2015-10-27 01:16:15'),(15,8,'2015-10-13 14:30:00#||#2015-10-13 17:30:00','2015-10-27 01:16:14'),(16,8,'2015-10-14 14:30:00#||#2015-10-14 17:30:00','2015-10-27 01:16:15'),(17,7,'2015-10-14 09:30:00#||#2015-10-14 12:30:00','2015-10-27 22:55:35'),(18,6,'2015-10-15 10:30:00#||#2015-10-15 13:30:00','2015-10-13 01:23:44'),(19,6,'2015-10-15 09:30:00#||#2015-10-15 12:30:00','2015-10-13 01:21:46'),(20,6,'2015-10-15 09:30:00#||#2015-10-15 12:30:00','2015-10-13 01:22:40'),(21,6,'2015-10-15 09:30:00#||#2015-10-15 12:30:00','2015-10-13 01:23:06'),(22,6,'2015-10-16 09:30:00#||#2015-10-16 12:30:00','2015-10-13 01:25:29'),(23,6,'2015-10-16 09:30:00#||#2015-10-16 12:30:00','2015-10-13 01:26:00'),(24,6,'2015-10-16 09:30:00#||#2015-10-16 12:30:00','2015-10-13 01:26:10'),(25,6,'2015-10-16 07:01:00#||#2015-10-16 10:01:00','2015-10-13 01:32:07'),(26,4,'2015-10-16 07:05:00#||#2015-10-16 10:05:00','2015-10-19 21:08:08'),(27,4,'2015-10-16 07:05:00#||#2015-10-16 10:05:00','2015-10-19 21:08:08'),(28,4,'2015-10-16 07:05:00#||#2015-10-16 10:05:00','2015-10-19 21:08:09'),(29,4,'2015-10-16 07:05:00#||#2015-10-16 10:05:00','2015-10-19 21:08:09'),(30,4,'2015-10-16 07:05:00#||#2015-10-16 10:05:00','2015-10-19 21:08:09'),(31,4,'2015-10-16 07:05:00#||#2015-10-16 10:05:00','2015-10-19 21:08:09'),(32,4,'2015-10-16 07:07:00#||#2015-10-16 10:07:00','2015-10-19 21:08:08'),(33,4,'2015-10-16 07:07:00#||#2015-10-16 10:07:00','2015-10-19 21:08:08'),(34,4,'2015-10-16 07:11:00#||#2015-10-16 10:11:00','2015-10-19 21:08:09'),(35,7,'2015-10-15 13:30:00#||#2015-10-15 16:30:00','2015-10-27 22:55:35'),(36,1,'2015-10-15 09:30:00#||#2015-10-15 12:30:00','2015-10-19 18:41:42'),(37,1,'2015-10-15 13:30:00#||#2015-10-15 16:30:00','2015-10-19 18:41:41'),(38,11,'2015-10-15 13:00:00#||#2015-10-15 14:00:00','2015-12-13 19:31:07'),(39,11,'2015-10-16 13:30:00#||#2015-10-16 15:00:00','2015-12-13 19:31:07'),(44,3,'2015-10-15 06:35:00#||#2015-10-15 06:45:00','2015-10-15 01:04:37'),(55,3,'2015-10-15 08:30:00#||#2015-10-15 08:40:00','2015-10-15 03:05:46'),(56,3,'2015-10-15 08:30:00#||#2015-10-15 08:40:00','2016-07-09 01:21:07'),(57,3,'2015-10-15 08:46:00#||#2015-10-15 08:50:00','2016-07-09 01:21:07'),(58,3,'2015-10-15 09:10:00#||#2015-10-15 09:20:00','2016-07-09 01:21:06'),(59,3,'2015-10-15 09:40:00#||#2015-10-15 09:50:00','2016-07-09 01:21:06'),(60,3,'2015-10-15 09:40:00#||#2015-10-15 09:50:00','2016-07-09 01:21:07'),(61,3,'2015-10-15 09:40:00#||#2015-10-15 09:50:00','2016-07-09 01:21:07'),(62,3,'2015-10-15 11:15:00#||#2015-10-15 11:25:00','2016-07-09 01:21:08'),(63,11,'2015-10-15 12:15:00#||#2015-10-15 12:25:00','2015-12-13 19:31:07'),(64,3,'2015-10-15 14:15:00#||#2015-10-15 14:20:00','2016-07-09 01:21:08'),(65,3,'2015-10-15 14:25:00#||#2015-10-15 14:30:00','2016-07-09 01:21:08'),(66,3,'2015-10-15 14:25:00#||#2015-10-15 14:30:00','2016-07-09 01:21:08'),(67,3,'2015-10-15 14:25:00#||#2015-10-15 14:30:00','2016-07-09 01:21:08'),(68,2,'2015-10-17 12:02:00#||#2015-10-17 12:12:00','2015-12-28 22:06:48'),(69,18,'2015-10-17 06:55:00#||#2015-10-17 07:05:00','2015-10-22 02:39:23'),(70,18,'2015-10-17 06:57:00#||#2015-10-17 10:07:00','2015-10-22 02:39:22'),(71,18,'2015-10-17 06:57:00#||#2015-10-17 07:07:00','2015-10-22 02:39:22'),(72,18,'2015-10-17 07:05:00#||#2015-10-17 07:15:00','2015-10-22 02:39:23'),(73,18,'2015-10-17 08:05:00#||#2015-10-17 08:25:00','2015-10-22 02:39:23'),(74,2,'2015-10-17 12:00:00#||#2015-10-17 12:10:00','2015-12-28 22:06:47'),(75,2,'2015-10-17 12:30:00#||#2015-10-17 12:35:00','2015-12-28 22:06:47'),(76,2,'2015-10-17 12:35:00#||#2015-10-17 12:40:00','2015-12-28 22:06:46'),(77,2,'2015-10-17 15:15:00#||#2015-10-17 15:25:00','2015-12-28 22:06:46'),(78,1,'2015-10-17 15:45:00#||#2015-10-17 15:50:00','2015-10-19 18:41:42'),(79,1,'2015-10-17 16:00:00#||#2015-10-17 16:10:00','2015-10-19 18:41:42'),(80,1,'2015-10-19 20:20:00#||#2015-10-19 20:30:00','2015-10-19 18:41:42'),(81,1,'2015-10-19 22:35:00#||#2015-10-19 22:40:00','2015-10-19 18:41:41'),(82,1,'2015-10-19 22:40:00#||#2015-10-19 22:45:00','2015-10-19 18:41:42'),(83,1,'2015-10-19 22:45:00#||#2015-10-19 22:50:00','2015-10-19 18:41:42'),(84,1,'2015-10-19 23:15:00#||#2015-10-19 23:20:00','2015-10-19 18:41:43'),(85,1,'2015-10-19 23:30:00#||#2015-10-19 23:35:00','2015-10-19 18:41:43'),(86,1,'2015-10-19 23:40:00#||#2015-10-19 23:45:00','2015-10-19 18:41:43'),(87,1,'2015-10-19 23:45:00#||#2015-10-19 23:50:00','2015-10-19 18:41:43'),(88,4,'2015-10-19 23:50:00#||#2015-10-19 23:55:00','2015-10-19 21:08:09'),(89,1,'2015-10-20 00:15:00#||#2015-10-20 00:20:00','2015-10-19 18:41:33'),(90,4,'2015-10-20 02:40:00#||#2015-10-20 02:45:00','2015-10-19 21:08:01'),(91,2,'2015-10-20 02:45:00#||#2015-10-20 02:55:00','2015-12-28 22:06:46'),(92,13,'2015-10-20 05:42:00#||#2015-10-20 05:47:00','2015-12-29 08:41:41'),(93,13,'2015-10-20 10:50:00#||#2015-10-20 10:55:00','2015-12-29 08:41:41'),(94,13,'2015-10-20 11:13:00#||#2015-10-20 11:18:00','2015-12-29 08:41:41'),(95,13,'2015-10-20 11:20:00#||#2015-10-20 11:25:00','2015-12-29 08:41:40'),(96,13,'2015-10-20 11:25:00#||#2015-10-20 11:30:00','2015-12-29 08:41:41'),(97,13,'2015-10-20 11:30:00#||#2015-10-20 11:35:00','2015-12-29 08:41:41'),(98,13,'2015-10-20 11:38:00#||#2015-10-20 11:43:00','2015-12-29 08:41:40'),(99,13,'2015-10-20 11:43:00#||#2015-10-20 11:48:00','2015-12-29 08:41:40'),(100,13,'2015-10-20 11:53:00#||#2015-10-20 11:58:00','2015-12-29 08:41:41'),(101,13,'2015-10-20 12:52:00#||#2015-10-20 12:57:00','2015-12-29 08:41:40'),(102,13,'2015-10-20 13:15:00#||#2015-10-20 13:20:00','2015-12-29 08:41:40'),(103,13,'2015-10-20 13:29:00#||#2015-10-20 13:34:00','2015-12-29 08:41:41'),(104,13,'2015-10-21 05:37:00#||#2015-10-21 05:42:00','2015-12-29 08:41:40'),(105,13,'2015-10-22 05:22:00#||#2015-10-22 05:27:00','2015-12-29 08:41:40'),(106,13,'2015-10-22 05:32:00#||#2015-10-22 05:37:00','2015-12-29 08:41:41'),(107,18,'2015-10-22 05:37:00#||#2015-10-22 05:42:00','2015-10-22 02:39:24'),(108,18,'2015-10-22 05:45:00#||#2015-10-22 05:50:00','2015-10-22 02:39:22'),(109,18,'2015-10-22 05:55:00#||#2015-10-22 06:00:00','2015-10-22 02:39:23'),(110,18,'2015-10-22 07:25:00#||#2015-10-22 07:30:00','2015-10-22 02:39:24'),(111,18,'2015-10-22 07:33:00#||#2015-10-22 07:45:00','2015-10-22 02:39:23'),(112,18,'2015-10-22 09:36:00#||#2015-10-22 10:46:00','2015-10-22 02:39:23'),(113,18,'2015-10-22 07:55:00#||#2015-10-22 08:12:00','2015-10-22 02:39:23'),(114,7,'2015-10-24 06:42:00#||#2015-10-24 06:47:00','2015-10-27 22:55:35'),(115,7,'2015-10-24 06:52:00#||#2015-10-24 07:52:00','2015-10-27 22:55:35'),(116,7,'2015-10-24 07:55:00#||#2015-10-24 08:55:00','2015-10-27 22:55:36'),(117,7,'2015-10-24 10:10:00#||#2015-10-24 13:10:00','2015-10-27 22:55:35'),(118,7,'2015-10-24 14:30:00#||#2015-10-24 20:30:00','2015-10-27 22:55:36'),(119,7,'2015-10-24 22:30:00#||#2015-10-24 22:32:00','2015-10-27 22:55:36'),(120,8,'2015-10-27 04:45:00#||#2015-10-27 07:45:00','2015-10-27 01:16:15'),(121,8,'2015-10-27 05:35:00#||#2015-10-27 06:40:00','2015-10-27 01:16:15'),(122,8,'2015-10-27 06:47:00#||#2015-10-27 08:47:00','2015-10-27 01:15:53'),(123,7,'2015-10-28 04:30:00#||#2015-10-28 07:30:00','2015-10-27 22:55:27'),(124,2,'2015-10-28 06:30:00#||#2015-10-28 09:30:00','2015-12-28 22:06:47'),(125,2,'2015-10-28 06:36:00#||#2015-10-28 06:36:00','2015-12-28 22:06:47'),(126,2,'2015-10-28 06:36:00#||#2015-10-28 06:36:00','2015-12-28 22:06:47'),(127,3,'2015-10-28 07:50:00#||#2015-10-28 08:00:00','2016-07-09 01:21:07'),(128,11,'2015-10-28 13:32:00#||#2015-10-28 15:32:00','2015-12-13 19:31:08'),(129,11,'2015-10-28 14:20:00#||#2015-10-28 16:20:00','2015-12-13 19:31:08'),(130,11,'2015-10-30 05:35:00#||#2015-10-30 07:35:00','2015-12-13 19:31:07'),(131,11,'2015-10-30 06:00:00#||#2015-10-30 07:00:00','2015-12-13 19:31:07'),(132,11,'2015-10-30 06:25:00#||#2015-10-30 08:25:00','2015-12-13 19:31:07'),(133,11,'2015-10-30 07:20:00#||#2015-10-30 09:20:00','2015-12-13 19:31:07'),(134,11,'2015-10-30 08:22:00#||#2015-10-30 10:22:00','2015-12-13 19:31:08'),(135,14,'2015-10-30 12:25:00#||#2015-10-30 14:30:00','2015-12-12 01:24:52'),(136,14,'2015-10-30 15:25:00#||#2015-10-30 18:25:00','2015-12-12 01:24:52'),(137,14,'2015-10-30 19:05:00#||#2015-10-30 21:05:00','2015-12-12 01:24:52'),(138,14,'2015-10-30 21:40:00#||#2015-11-30 02:40:00','2015-12-12 01:24:53'),(139,14,'2015-10-30 23:50:00#||#2015-10-31 01:50:00','2015-12-12 01:24:53'),(140,14,'2015-10-31 21:45:00#||#2015-10-31 22:45:00','2015-12-12 01:24:52'),(141,14,'2015-11-03 04:25:00#||#2015-11-03 05:20:00','2015-12-12 01:24:52'),(142,14,'2015-11-05 04:42:00#||#2015-11-05 05:42:00','2015-12-12 01:24:53'),(143,14,'2015-11-05 06:17#||#2015-11-05 09:17','2015-11-05 00:45:36'),(144,14,'2015-11-05 06:30#||#2015-11-05 09:30','2015-11-05 00:59:11'),(145,14,'2015-11-05 06:40#||#2015-11-05 09:40','2015-11-05 01:09:15'),(146,14,'2015-11-05 06:45#||#2015-11-05 09:45','2015-11-05 01:12:54'),(147,14,'2015-11-05 06:45#||#2015-11-05 09:45','2015-11-05 01:15:26'),(148,14,'2015-11-05 06:45#||#2015-11-05 09:45','2015-11-05 01:15:59'),(149,14,'2015-11-05 06:48#||#2015-11-05 09:48','2015-11-05 01:17:12'),(150,14,'2015-11-05 06:50#||#2015-11-05 09:50','2015-11-05 01:19:09'),(151,14,'2015-11-05 06:55#||#2015-11-05 09:55','2015-11-05 01:24:59'),(152,14,'2015-11-05 07:01#||#2015-11-05 10:01','2015-11-05 01:30:00'),(153,14,'2015-11-05 07:01#||#2015-11-05 10:01','2015-11-05 01:32:08'),(154,14,'2015-11-05 07:02:00#||#2015-11-05 10:02:00','2015-12-12 01:24:51'),(155,14,'2015-11-05 07:35:00#||#2015-11-05 10:35:00','2015-12-12 01:24:51'),(156,14,'2015-11-05 11:00:00#||#2015-11-05 12:00:00','2015-12-12 01:24:52'),(157,14,'2015-11-05 13:22:00#||#2015-11-05 15:22','2015-12-12 01:24:51'),(158,14,'2015-11-05 13:22:00#||#2015-11-05 15:22:00','2015-12-12 01:24:52'),(159,14,'2015-11-06 05:35:00#||#2015-11-06 08:35:00','2015-12-12 01:24:52'),(160,14,'2015-11-10 05:00:00#||#2015-11-10 06:00:00','2015-12-12 01:24:53'),(161,14,'2015-11-10 10:55:00#||#2015-11-10 11:55:00','2015-12-12 01:24:53'),(162,14,'2015-11-10 13:00:00#||#2015-11-10 15:00:00','2015-12-12 01:24:53'),(163,14,'2015-11-10 14:00:00#||#2015-11-10 15:00:00','2015-12-12 01:24:54'),(164,3,'2015-11-12 01:10:00#||#2015-11-12 03:10:00','2016-07-09 01:21:08'),(165,3,'2015-11-12 01:15:00#||#2015-11-12 04:15:00','2016-07-09 01:21:08'),(166,3,'2015-11-13 05:15:00#||#2015-11-13 09:15:00','2016-07-09 01:21:09'),(167,17,'2015-11-13 06:45:00#||#2015-11-13 09:45:00','2015-12-14 23:38:23'),(168,17,'2015-11-14 23:15:00#||#2015-11-15 04:15:00','2015-12-14 23:38:25'),(169,16,'2015-11-15 02:20:00#||#2015-11-15 06:20:00','2015-12-05 08:12:31'),(170,16,'2015-11-15 06:55:00#||#2015-11-15 10:55:00','2015-12-05 08:12:32'),(171,16,'2015-11-15 12:43:00#||#2015-11-15 16:43:00','2015-12-05 08:12:32'),(172,16,'2015-11-15 20:32:00#||#2015-11-17 20:32:00','2015-12-05 08:12:32'),(173,17,'2015-11-19 06:00:00#||#2015-11-19 07:00:00','2015-12-14 23:38:26'),(174,17,'2015-11-19 12:35:00#||#2015-11-21 22:35:00','2015-12-14 23:38:26'),(175,17,'2015-11-21 04:55:00#||#2015-11-25 04:55:00','2015-12-14 23:38:26'),(176,17,'2015-11-22 01:25:00#||#2015-11-24 01:25:00','2015-12-14 23:38:26'),(177,17,'2015-11-24 04:25:00#||#2015-11-26 04:25:00','2015-12-14 23:38:26'),(178,17,'2015-11-24 10:00:00#||#2015-11-26 10:00:00','2015-12-14 23:38:25'),(179,16,'2015-11-25 04:55:00#||#2015-11-27 04:55:00','2015-12-05 08:12:31'),(180,20,'2015-11-26 07:05:00#||#2015-11-28 07:05:00','2015-12-05 10:20:41'),(181,17,'2015-11-26 12:25:00#||#2015-11-29 12:25:00','2015-12-14 23:38:25'),(182,20,'2015-11-27 01:00#||#2015-11-29 01:00:00','2015-11-26 19:31:47'),(183,20,'2015-11-27 01:02:00#||#2015-11-29 01:02:00','2015-12-05 10:20:41'),(184,17,'2015-11-27 01:16:00#||#2015-11-29 01:17:00','2015-12-14 23:38:25'),(185,16,'2015-12-01 04:45:00#||#2015-12-03 04:45:00','2015-12-05 08:12:31'),(186,16,'2015-12-03 04:48:00#||#2015-12-05 04:50:00','2015-12-05 08:12:31'),(187,16,'2015-12-03 05:07:00#||#2015-12-05 05:07:00','2015-12-05 08:12:31'),(188,16,'2015-12-03 05:07:00#||#2015-12-05 05:07:00','2015-12-05 08:12:31'),(189,20,'2015-12-05 05:05:00#||#2015-12-08 05:05:00','2015-12-05 10:20:41'),(190,17,'2015-12-10 06:00:00#||#2015-12-08 06:00:00','2015-12-14 23:38:25'),(191,17,'2015-12-05 07:10:00#||#2015-12-08 07:10:00','2015-12-14 23:38:24'),(192,17,'2015-12-05 10:45:00#||#2015-12-08 10:45:00','2015-12-14 23:38:25'),(193,16,'2015-12-05 13:45:00#||#2015-12-08 13:45:00','2015-12-05 08:12:15'),(194,20,'2015-12-05 15:50:00#||#2015-12-08 15:50:00','2015-12-05 10:20:20'),(195,17,'2015-12-08 05:30:00#||#2015-12-10 05:30:00','2015-12-14 23:38:24'),(196,17,'2015-12-10 05:40:00#||#2015-12-13 05:40:00','2015-12-14 23:38:24'),(197,17,'2015-12-10 11:15:00#||#2015-12-13 11:15:00','2015-12-14 23:38:24'),(198,17,'2015-12-10 11:25:00#||#2015-12-13 11:25:00','2015-12-14 23:38:24'),(199,17,'2015-12-12 04:10:00#||#2015-12-15 04:10:00','2015-12-14 23:38:24'),(200,17,'2015-12-12 05:50:00#||#2015-12-15 05:50:00','2015-12-14 23:38:23'),(201,11,'2015-12-12 06:10:00#||#2015-12-15 06:10:00','2015-12-13 19:31:06'),(202,14,'2015-12-12 06:55:00#||#2015-12-15 06:55:00','2015-12-12 01:24:37'),(203,11,'2015-12-12 10:06:00#||#2015-12-22 10:06:00','2015-12-13 19:31:06'),(204,11,'2015-12-14 01:00:00#||#2015-12-16 01:00:00','2015-12-13 19:30:59'),(205,17,'2015-12-15 05:10:00#||#2015-12-17 05:10:00','2015-12-14 23:38:15'),(206,2,'2015-12-29 03:35:00#||#2015-12-30 03:35:00','2015-12-28 22:06:46'),(207,2,'2015-12-29 03:35:00#||#2015-12-30 03:35:00','2015-12-28 22:06:46'),(208,2,'2015-12-29 03:35:00#||#2015-12-30 03:35:00','2015-12-28 22:06:46'),(209,2,'2015-12-29 03:40:00#||#2015-12-30 03:40:00','2015-12-28 22:06:35'),(210,105,'2015-12-29 14:10:00#||#2015-12-30 14:10:00','2015-12-29 08:39:10'),(211,13,'2015-12-29 14:10:00#||#2015-12-30 14:10:00','2015-12-29 08:41:14'),(212,177,'2016-06-27 09:30:00#||#2016-07-01 17:30:00','2016-06-25 16:08:05'),(213,17,'2016-06-30 01:16:00#||#2016-07-03 01:16:00','2016-06-25 19:47:00'),(214,17,'2016-06-28 01:18:00#||#2016-07-01 01:18:00','2016-06-25 19:48:51'),(215,17,'2016-06-29 01:20:00#||#2016-07-02 01:20:00','2016-06-25 19:50:20'),(216,17,'2016-07-07 13:30:00#||#2016-07-10 13:30:00','2016-06-25 19:53:33'),(217,17,'2016-07-06 13:30:00#||#2016-07-09 13:30:00','2016-06-25 19:57:14'),(218,17,'2016-07-02 13:30:00#||#2016-07-05 13:30:00','2016-06-25 20:02:21'),(219,21,'2016-06-28 17:00:00#||#2016-07-01 17:00:00','2016-06-25 20:08:32'),(220,3,'2016-07-01 14:00:00#||#2016-07-04 14:00:00','2016-07-09 01:21:09'),(221,87,'2016-07-02 14:30:00#||#2016-07-05 14:30:00','2016-06-25 21:01:10'),(222,87,'2016-07-03 14:30:00#||#2016-07-06 14:30:00','2016-06-25 21:02:42'),(223,176,'2016-07-02 15:00:00#||#2016-07-05 15:00:00','2016-06-25 21:34:05'),(224,176,'2016-07-02 15:30:00#||#2016-07-05 15:30:00','2016-06-25 21:52:48'),(225,78,'2016-07-03 15:45:00#||#2016-07-06 15:45:00','2016-06-25 22:15:20'),(226,164,'2016-07-02 10:30:00#||#2016-07-05 10:30:00','2016-06-28 00:08:22'),(227,164,'2016-06-29 10:00:00#||#2016-07-02 10:00:00','2016-06-28 00:14:49'),(228,106,'2016-07-01 10:00:00#||#2016-07-04 10:00:00','2016-06-28 00:33:33'),(229,90,'2016-07-01 06:10:00#||#2016-07-04 06:10:00','2016-06-28 00:39:25'),(230,177,'2016-07-01 06:10:00#||#2016-07-04 06:10:00','2016-06-28 00:39:59'),(231,226,'2016-07-01 06:10:00#||#2016-07-04 06:10:00','2016-06-28 00:40:39'),(232,88,'2016-07-01 08:30:00#||#2016-07-04 08:30:00','2016-06-28 00:46:35'),(233,78,'2016-07-01 06:25:00#||#2016-07-04 06:25:00','2016-06-28 00:53:47'),(234,23,'2016-07-02 06:27:00#||#2016-07-05 06:27:00','2016-06-28 00:57:15'),(235,176,'2016-07-02 06:27:00#||#2016-07-05 06:27:00','2016-06-28 00:57:49'),(236,155,'2016-06-29 06:31:00#||#2016-07-02 06:31:00','2016-06-28 01:01:20'),(237,89,'2016-07-01 06:30:00#||#2016-07-04 06:30:00','2016-06-28 01:02:12'),(238,87,'2016-07-02 06:34:00#||#2016-07-05 06:34:00','2016-06-28 01:03:11'),(239,77,'2016-07-01 06:37:00#||#2016-07-04 06:37:00','2016-06-28 01:05:31'),(240,21,'2016-07-01 06:39:00#||#2016-07-04 06:39:00','2016-06-28 01:06:19'),(241,78,'2016-06-30 06:42:00#||#2016-07-03 06:42:00','2016-06-28 01:07:02'),(242,24,'2016-07-02 06:40:00#||#2016-07-05 06:40:00','2016-06-28 01:07:47'),(243,176,'2016-07-02 06:42:00#||#2016-07-05 06:42:00','2016-06-28 01:08:59'),(244,3,'2016-07-03 06:44:00#||#2016-07-06 06:44:00','2016-07-09 01:21:07'),(245,155,'2016-07-03 06:45:00#||#2016-07-06 06:45:00','2016-06-28 01:10:31'),(246,87,'2016-07-02 06:45:00#||#2016-07-05 06:45:00','2016-06-28 01:12:27'),(247,17,'2016-07-02 06:46:00#||#2016-07-05 06:46:00','2016-06-28 01:13:20'),(248,17,'2016-07-04 06:50:00#||#2016-07-07 06:50:00','2016-06-28 01:14:15'),(249,88,'2016-07-02 06:55:00#||#2016-07-05 06:55:00','2016-06-28 01:22:49'),(250,169,'2016-07-02 07:16:00#||#2016-07-05 07:16:00','2016-06-28 01:41:13'),(251,169,'2016-07-02 10:50:00#||#2016-07-05 10:50:00','2016-06-28 04:13:16'),(252,163,'2016-07-02 10:30:00#||#2016-07-05 10:30:00','2016-06-28 08:01:19'),(253,163,'2016-07-03 14:00:00#||#2016-07-06 14:00:00','2016-06-28 08:07:55'),(254,163,'2016-07-02 13:30:00#||#2016-07-05 13:30:00','2016-06-28 08:12:04'),(255,109,'2016-07-02 13:49:00#||#2016-07-05 13:49:00','2016-06-28 08:13:17'),(256,91,'2016-07-02 13:50:00#||#2016-07-05 13:50:00','2016-06-28 08:14:13'),(257,169,'2016-07-03 13:47:00#||#2016-07-06 13:47:00','2016-06-28 08:15:25'),(258,170,'2016-07-03 13:49:00#||#2016-07-06 13:49:00','2016-06-28 08:16:20'),(259,104,'2016-07-03 13:53:00#||#2016-07-06 13:53:00','2016-06-28 08:17:51'),(260,106,'2016-07-02 13:52:00#||#2016-07-05 13:52:00','2016-06-28 08:18:42'),(261,106,'2016-07-03 13:55:00#||#2016-07-06 13:55:00','2016-06-28 08:20:03'),(262,106,'2016-07-02 13:55:00#||#2016-07-05 13:55:00','2016-06-28 08:22:26'),(263,108,'2016-07-03 14:00:00#||#2016-07-06 14:00:00','2016-06-28 08:23:53'),(264,169,'2016-07-01 10:30:00#||#2016-07-04 10:30:00','2016-06-29 01:27:56'),(265,78,'2016-06-30 07:19:00#||#2016-07-03 07:19:00','2016-06-29 01:47:48'),(266,16,'2016-07-01 10:00:00#||#2016-07-04 10:00:00','2016-06-29 23:28:07'),(267,177,'2016-07-01 10:00:00#||#2016-07-04 10:00:00','2016-06-29 23:29:44'),(268,78,'2016-07-01 10:00:00#||#2016-07-04 10:00:00','2016-06-29 23:31:53'),(269,88,'2016-07-01 10:01:00#||#2016-07-04 10:01:00','2016-06-29 23:39:38'),(270,154,'2016-07-01 10:00:00#||#2016-07-04 10:00:00','2016-06-29 23:46:20'),(271,88,'2016-07-01 10:00:00#||#2016-07-04 10:00:00','2016-06-29 23:52:47'),(272,17,'2016-07-01 09:30:00#||#2016-07-04 09:30:00','2016-06-29 23:59:19'),(273,154,'2016-07-01 06:45:00#||#2016-07-04 06:45:00','2016-06-30 00:14:35'),(274,104,'2016-07-01 10:30:00#||#2016-07-04 10:30:00','2016-06-30 00:17:32'),(275,154,'2016-07-01 06:00:00#||#2016-07-04 06:00:00','2016-06-30 00:24:00'),(276,104,'2016-07-01 06:00:00#||#2016-07-04 06:00:00','2016-06-30 00:29:24'),(277,75,'2016-07-09 06:30:25#||#2016-07-09 07:30:37','2016-07-09 01:13:28'),(278,75,'2016-07-09 06:45:03#||#2016-07-09 07:45:26','2016-07-09 01:13:18'),(279,3,'2016-07-09 06:50:17#||#2016-07-09 07:50:22','2016-07-09 01:20:56');
/*!40000 ALTER TABLE `Tests_schedule` ENABLE KEYS */;
UNLOCK TABLES;

--
-- Table structure for table `Tests_sharetest`
--

DROP TABLE IF EXISTS `Tests_sharetest`;
/*!40101 SET @saved_cs_client     = @@character_set_client */;
/*!40101 SET character_set_client = utf8 */;
CREATE TABLE `Tests_sharetest` (
  `id` int(11) NOT NULL AUTO_INCREMENT,
  `testcreator_id` int(11) NOT NULL,
  `sharedwith_id` int(11) NOT NULL,
  `sharedatetime` datetime NOT NULL,
  `test_id` int(11) NOT NULL,
  PRIMARY KEY (`id`),
  KEY `Tests_sharetest_c967e5f7` (`testcreator_id`),
  KEY `Tests_sharetest_e4aa393d` (`sharedwith_id`),
  KEY `Tests_sharetest_a88de8dc` (`test_id`),
  CONSTRAINT `sharedwith_id_refs_id_8687dad0` FOREIGN KEY (`sharedwith_id`) REFERENCES `Auth_user` (`id`),
  CONSTRAINT `testcreator_id_refs_id_8687dad0` FOREIGN KEY (`testcreator_id`) REFERENCES `Auth_user` (`id`),
  CONSTRAINT `test_id_refs_id_31f72e13` FOREIGN KEY (`test_id`) REFERENCES `Tests_test` (`id`)
) ENGINE=InnoDB DEFAULT CHARSET=latin1;
/*!40101 SET character_set_client = @saved_cs_client */;

--
-- Dumping data for table `Tests_sharetest`
--

LOCK TABLES `Tests_sharetest` WRITE;
/*!40000 ALTER TABLE `Tests_sharetest` DISABLE KEYS */;
/*!40000 ALTER TABLE `Tests_sharetest` ENABLE KEYS */;
UNLOCK TABLES;

--
-- Table structure for table `Tests_subtopic`
--

DROP TABLE IF EXISTS `Tests_subtopic`;
/*!40101 SET @saved_cs_client     = @@character_set_client */;
/*!40101 SET character_set_client = utf8 */;
CREATE TABLE `Tests_subtopic` (
  `id` int(11) NOT NULL AUTO_INCREMENT,
  `subtopicname` varchar(150) NOT NULL,
  `subtopicshortname` varchar(50) NOT NULL,
  `topic_id` int(11) NOT NULL,
  `createdate` date NOT NULL,
  `isactive` tinyint(1) NOT NULL,
  PRIMARY KEY (`id`),
  KEY `Tests_subtopic_57732028` (`topic_id`),
  CONSTRAINT `topic_id_refs_id_bf3a8054` FOREIGN KEY (`topic_id`) REFERENCES `Tests_topic` (`id`)
) ENGINE=InnoDB DEFAULT CHARSET=latin1;
/*!40101 SET character_set_client = @saved_cs_client */;

--
-- Dumping data for table `Tests_subtopic`
--

LOCK TABLES `Tests_subtopic` WRITE;
/*!40000 ALTER TABLE `Tests_subtopic` DISABLE KEYS */;
/*!40000 ALTER TABLE `Tests_subtopic` ENABLE KEYS */;
UNLOCK TABLES;

--
-- Table structure for table `Tests_test`
--

DROP TABLE IF EXISTS `Tests_test`;
/*!40101 SET @saved_cs_client     = @@character_set_client */;
/*!40101 SET character_set_client = utf8 */;
CREATE TABLE `Tests_test` (
  `id` int(11) NOT NULL AUTO_INCREMENT,
  `testname` varchar(150) NOT NULL,
  `subtopic_id` int(11) DEFAULT NULL,
  `creator_id` int(11) NOT NULL,
  `creatorisevaluator` tinyint(1) NOT NULL,
  `evaluator_id` int(11) DEFAULT NULL,
  `testtype` varchar(4) NOT NULL,
  `createdate` datetime NOT NULL,
  `maxscore` int(11) NOT NULL,
  `passscore` int(11) DEFAULT NULL,
  `ruleset` varchar(200) NOT NULL DEFAULT '',
  `duration` int(11) NOT NULL,
  `allowedlanguages` varchar(200) NOT NULL DEFAULT 'enus',
  `challengecount` int(11) NOT NULL,
  `activationdate` datetime DEFAULT NULL,
  `status` tinyint(1) NOT NULL,
  `quality` varchar(4) NOT NULL,
  `publishdate` datetime DEFAULT NULL,
  `testlinkid` varchar(200) NOT NULL,
  `topic_id` int(11) NOT NULL,
  `topicname` varchar(200) DEFAULT '',
  `allowmultiattempts` tinyint(1) DEFAULT '0',
  `maxattemptscount` int(11) NOT NULL DEFAULT '1',
  `attemptsinterval` int(11) DEFAULT NULL,
  `attemptsintervalunit` char(1) DEFAULT NULL,
  `randomsequencing` tinyint(1) NOT NULL DEFAULT '1',
  `multimediareqd` tinyint(1) NOT NULL DEFAULT '0',
  `progenv` varchar(100) DEFAULT NULL,
  `scope` varchar(50) NOT NULL DEFAULT 'public',
  `negativescoreallowed` tinyint(1) DEFAULT '0',
  PRIMARY KEY (`id`),
  KEY `Tests_test_d50c7adf` (`subtopic_id`),
  KEY `Tests_test_f97a5119` (`creator_id`),
  KEY `Tests_test_170dea88` (`evaluator_id`),
  CONSTRAINT `creator_id_refs_id_d29f6b50` FOREIGN KEY (`creator_id`) REFERENCES `Auth_user` (`id`),
  CONSTRAINT `evaluator_id_refs_id_c4cea575` FOREIGN KEY (`evaluator_id`) REFERENCES `Tests_evaluator` (`id`),
  CONSTRAINT `subtopic_id_refs_id_ae9af74e` FOREIGN KEY (`subtopic_id`) REFERENCES `Tests_subtopic` (`id`)
) ENGINE=InnoDB AUTO_INCREMENT=229 DEFAULT CHARSET=latin1;
/*!40101 SET character_set_client = @saved_cs_client */;

--
-- Dumping data for table `Tests_test`
--

LOCK TABLES `Tests_test` WRITE;
/*!40000 ALTER TABLE `Tests_test` DISABLE KEYS */;
INSERT INTO `Tests_test` VALUES (1,'new testtt',NULL,16,1,2,'COMP','2015-03-25 12:20:12',40,NULL,'showonebyone',2400,'enus',5,'2015-03-29 05:00:00',1,'PRO','2015-03-29 05:00:00','c2908158e4784847a9f9fd1c70bdb9d61427270842395',-1,'Software Testing',0,1,NULL,NULL,1,1,'Fortran','private',0),(2,'ANew Test test',NULL,16,1,5,'COMP','2015-03-29 21:46:10',40,NULL,'showonebyone',5400,'enuk#||#enus',7,'2015-04-02 05:00:00',1,'PRO','2015-04-02 05:00:00','89bac256d3694aa985a16f09e2c6237c1427665454789',-1,'Programming',0,1,NULL,NULL,1,1,'Perl','public',1),(3,'New Test Testing Testyard',NULL,17,1,10,'COMP','2015-03-30 16:59:50',40,10,'showonebyone',300,'enuk#||#enus',6,'2015-05-10 05:00:00',1,'PRO','2015-05-10 05:00:00','997b02f9722c461a8bba309d25d9e6801427734681800',-1,'Application Development',0,1,NULL,NULL,1,1,'Python','public',0),(4,'One More Python Test',NULL,16,1,6,'COMP','2015-04-05 07:33:30',100,35,'showonebyone',600,'enuk#||#enus',9,'2015-04-06 05:00:00',1,'PRO','2015-04-06 05:00:00','f6bc58a6be6a45f3985b3f34e9a172841428165228437',-1,'Software Architecture',0,1,NULL,NULL,1,1,'Python','private',0),(5,'Another Test to test TestYard',NULL,16,1,7,'COMP','2015-04-07 18:16:05',40,NULL,'showonebyone',300,'enuk#||#enus',4,'2015-04-08 05:00:00',1,'PRO','2015-04-08 05:00:00','6dbf794cefcb4ebe84918091311b84311428423096861',-1,'software development',1,3,1,'M',1,1,'C#','private',0),(6,'technopink',NULL,18,1,8,'COMP','2015-04-10 16:56:54',40,15,'showonebyone',2400,'enuk#||#enus',4,'2015-04-11 05:00:00',1,'PRO','2015-04-11 05:00:00','d3b6196a19034014a14ff81a042c2a341428684800695',-1,'Application Development',1,5,1,'d',1,1,'C#','private',0),(7,'New Test',NULL,16,1,9,'ALGO','2015-04-11 13:37:29',40,10,'showonebyone',2400,'enuk#||#enus',5,'2015-04-12 05:00:00',1,'INT','2015-04-12 05:00:00','4abf3f7254f0491ca6615cbb419f0a4f1428759387116',-1,'something',0,1,NULL,NULL,1,1,NULL,'public',0),(8,'New Test Dad',NULL,16,1,11,'COMP','2015-05-10 09:51:20',20,10,'showonebyone',300,'enuk#||#enus',4,'2015-05-11 05:00:00',1,'INT','2015-05-11 05:00:00','df5e7233c5694d43823fa6699a26727f1431250891837',-1,'software development',0,1,NULL,NULL,1,1,'C','public',0),(11,'A Sample Test',NULL,17,1,133,'COMP','2015-05-22 18:45:44',50,10,'showatonce',2400,'enus',5,'2015-05-22 18:45:44',1,'INT','2015-05-22 18:45:44','',-1,'Programming',1,5,1,'M',1,1,'0.0','public',0),(13,'A Test After a Long Time',NULL,16,1,137,'COMP','2015-08-14 14:31:07',40,10,'showatonce',3600,'enuk#||#enus#||#hndi',8,'2015-08-15 05:00:00',1,'INT','2015-08-15 05:00:00','d64860e7b2964f4484b7f8ede02aa1f81439562514212',-1,'software development',1,10,1,'d',1,1,'C  ','public',0),(14,'Post Network Test',NULL,17,1,138,'COMP','2015-08-14 17:57:44',50,12,'showonebyone',7200,'fr#||#enuk#||#bngw#||#enus#||#bnge#||#hndi',10,'2015-10-28 18:30:00',1,'INT','2015-10-28 18:30:00','b3820feefd4b44fd83f98b5aec72a9d91439574901645',-1,'Software Architecture',1,10,30,'d',1,1,'Perl','protected',0),(15,'New test to test tinymce',NULL,18,1,139,'COMP','2015-08-16 09:04:29',50,10,'showonebyone',7200,'enuk#||#enus',10,'2015-08-18 05:00:00',0,'PRO','2015-08-18 05:00:00','a79b81d2470d495ab5818b4f123e2fc41439715751521',-1,'Product Development',1,100,1,'m',1,1,NULL,'protected',0),(16,'Copy of Post Network Test',NULL,17,1,140,'COMP','2015-10-04 15:57:13',50,12,'showonebyone',7200,'fr#||#enuk#||#bngw#||#enus#||#bnge#||#hndi',10,'2015-10-14 15:57:13',1,'INT','2015-10-14 15:57:13','d604ccf629b149958a8c5bf2cd6d42a21443974233169',-1,'',1,10,30,'d',1,1,'Perl','protected',0),(17,'New Test Home Computer',NULL,17,1,141,'COMP','2015-10-06 09:36:09',40,15,'showonebyone',1200,'enuk#||#enus',9,'2015-10-15 05:00:00',1,'INT','2015-10-15 05:00:00','39229992c1ae4e7faeea38b3a81228bf1444123456865',-1,'Software Architecture',0,1,NULL,NULL,1,1,'Python','public',0),(18,'A Python Test',NULL,16,1,142,'COMP','2015-10-08 00:04:15',30,10,'showonebyone',2400,'enuk#||#enus',7,'2015-10-09 05:00:00',1,'INT','2015-10-09 05:00:00','523b9c876d634ea6b8a72ffc76edc4e21444262132747',-1,'Software Architecture',0,1,NULL,NULL,1,1,'Python','public',0),(19,'Testie test',NULL,16,1,143,'MULT','2012-09-01 08:47:43',40,NULL,'showonebyone',3600,'enuk#||#enus',-1,'2012-09-07 05:00:00',0,'INT','2012-09-07 05:00:00','119458e7b86c461680afca508f30364e1346465359022',-1,'System Administration',0,1,NULL,NULL,1,1,'Perl','public',0),(20,'A New Test After Scheduling',NULL,16,1,144,'COMP','2015-10-15 22:20:26',20,10,'showonebyone',1800,'enuk#||#enus',4,'2015-10-16 18:30:00',1,'PRO','2015-10-16 18:30:00','e2db452cc2d24b32bd6d4eddf65652b71444947530505',-1,'Software Architecture',0,1,NULL,NULL,1,1,NULL,'protected',0),(21,'Copy of new testtt',NULL,17,1,145,'COMP','2015-12-19 17:29:45',40,NULL,'showonebyone',2400,'enus',5,'2015-12-29 17:29:45',0,'PRO','2015-12-29 17:29:45','2c5297bbbbb548bfb4e2dd0f16f820601450546185243',-1,'',0,1,NULL,NULL,1,1,'Fortran','private',0),(22,'A New Test After Scheduling II',NULL,17,1,146,'COMP','2015-12-19 17:31:05',20,10,'',1800,'enuk#||#enus',4,'2015-12-28 18:30:00',0,'PRO','2015-12-28 18:30:00','3c317a702e2d43cb8e2d081d3288fbab1450546265028',-1,'Programming',0,1,NULL,NULL,1,1,NULL,'protected',0),(23,'Post Network Test III',NULL,17,1,147,'COMP','2015-12-19 17:34:46',50,12,'',7200,'fr#||#enuk#||#bngw#||#enus#||#bnge#||#hndi',10,'2015-12-28 18:30:00',0,'INT','2015-12-28 18:30:00','f750f9c6998b4b0f9b5b3d06d51aaeb71450546486050',-1,'Programming',1,10,30,'d',1,1,'Perl','protected',0),(24,'Copy of New Test Home Computer',NULL,17,1,148,'COMP','2015-12-21 23:17:06',40,15,'showonebyone',1200,'enuk#||#enus',9,'2015-12-31 23:17:06',1,'INT','2015-12-31 23:17:06','c1d7cd5ce16a4c9e8ac3f9771d4fa29d1450739826178',-1,'',0,1,NULL,NULL,1,1,'Python','public',0),(73,'A Brand New Test to Test Bulk Upload',NULL,17,1,204,'COMP','2015-12-24 01:30:03',50,10,'showatonce',5,'enus',5,'2015-12-24 01:30:03',0,'INT','2015-12-24 01:30:03','c3718556d5f644bc8f5818e48c6e9bc71450920538788',-1,'Database Management',1,5,1,'M',1,1,'False','private',1),(74,'A Brand New Test',NULL,17,1,205,'COMP','2015-12-24 01:30:03',50,10,'showatonce',5,'enus',5,'2015-12-24 01:30:03',0,'INT','2015-12-24 01:30:03','c3718556d5f644bc8f5818e48c6e9bc71450920538788',-1,'Database Management',1,5,1,'M',1,1,'False','private',1),(75,'A New Test to Test Bulk Upload',NULL,17,1,206,'COMP','2015-12-24 01:30:03',50,10,'showatonce',5,'enus',5,'2015-12-24 01:30:03',1,'INT','2015-12-24 01:30:03','c3718556d5f644bc8f5818e48c6e9bc71450920538788',-1,'Database Management',1,5,1,'M',1,1,'False','private',1),(76,'A Brand New Test to Test Bulk Upload2',NULL,17,1,207,'COMP','2015-12-24 01:30:04',50,10,'showatonce',5,'enus',5,'2015-12-24 01:30:04',0,'INT','2015-12-24 01:30:04','c3718556d5f644bc8f5818e48c6e9bc71450920538788',-1,'Database Management',1,5,1,'M',1,1,'False','private',1),(77,'A Sample Test',NULL,17,1,208,'COMP','2015-12-24 01:34:06',50,10,'breaknotallowed#||#responsenoreturn#||#norevisit#||#showatonce',300,'enus',5,'2015-12-24 01:34:06',0,'INT','2015-12-24 01:34:06','',-1,'Programming',1,5,1,'M',1,1,'0.0','private',0),(78,'A Sample XML Formatted Test for Testing Bulk Upload',NULL,17,1,209,'COMP','2015-12-24 01:43:21',50,10,'breaknotallowed#||#responsenoreturn#||#norevisit',300,'enus',5,'2015-12-24 01:43:20',0,'INT','2015-12-24 01:43:20','',-1,'Database Management',1,5,1,'M',1,0,'False','private',1),(87,'A Brand New Test to Test Bulk Upload2',NULL,17,1,249,'COMP','2015-12-25 19:41:11',50,10,'showatonce',5,'enus',5,'2015-12-25 19:41:11',0,'INT','2015-12-25 19:41:11','89750d96d5c64713a3c4724f98aaddbc1451072432986',-1,'Database Management',1,5,1,'M',1,1,'False','private',1),(88,'A Brand New Test to Test Bulk Upload',NULL,17,1,250,'COMP','2015-12-25 19:43:06',50,10,'showatonce',5,'enus',5,'2015-12-25 19:43:06',0,'INT','2015-12-25 19:43:06','3b4bb42623ce4e3483b3a06b9eb92d601451072554486',-1,'Database Management',1,5,1,'M',1,1,'False','private',1),(89,'A Brand New Test',NULL,17,1,251,'COMP','2015-12-25 19:43:07',50,10,'showatonce',5,'enus',5,'2015-12-25 19:43:07',0,'INT','2015-12-25 19:43:07','3b4bb42623ce4e3483b3a06b9eb92d601451072554486',-1,'Database Management',1,5,1,'M',1,1,'False','private',1),(90,'A New Test to Test Bulk Upload',NULL,17,1,252,'COMP','2015-12-25 19:43:07',50,10,'showatonce',5,'enus',5,'2015-12-25 19:43:07',0,'INT','2015-12-25 19:43:07','3b4bb42623ce4e3483b3a06b9eb92d601451072554486',-1,'Database Management',1,5,1,'M',1,1,'False','private',1),(91,'A new Test',NULL,21,1,263,'COMP','2015-12-25 20:04:00',40,15,'showatonce',5400,'enuk#||#enus',8,'2015-12-26 18:30:00',1,'INT','2015-12-26 18:30:00','f0604b223377491a8f01f261d76385d01451073666011',-1,'Software Architecture',0,1,NULL,NULL,1,1,NULL,'public',0),(103,'A Sample MS Excel formatted Test',NULL,21,0,291,'COMP','2015-12-26 20:36:08',50,10,'breaknotallowed#||#responsenoreturn#||#norevisit#||#showatonce',300,'enus',5,'2015-12-26 20:36:08',0,'INT','2015-12-26 20:36:08','',-1,'Programming',1,5,1,'M',1,1,'0.0','private',0),(104,'A Brand New Test to Test Bulk Upload',NULL,21,0,292,'COMP','2015-12-26 20:36:50',50,10,'showatonce',5,'enus',5,'2015-12-26 20:36:50',1,'INT','2015-12-26 20:36:50','55fb7c9051e24a93b12c62c31d714cef1451162171492',-1,'Database Management',1,5,1,'M',1,1,'False','private',1),(105,'A Brand New Test',NULL,21,1,293,'COMP','2015-12-26 20:36:51',50,10,'showatonce',5,'enus',5,'2015-12-26 20:36:51',1,'INT','2015-12-26 20:36:51','55fb7c9051e24a93b12c62c31d714cef1451162171492',-1,'Database Management',1,5,1,'M',1,1,'False','private',1),(106,'A New Test to Test Bulk Upload',NULL,21,0,294,'COMP','2015-12-26 20:36:51',50,10,'showatonce',5,'enus',5,'2015-12-26 20:36:51',0,'INT','2015-12-26 20:36:51','55fb7c9051e24a93b12c62c31d714cef1451162171492',-1,'Database Management',1,5,1,'M',1,1,'False','public',1),(107,'A Brand New Test to Test Bulk Upload2',NULL,21,0,295,'COMP','2015-12-26 20:36:52',50,10,'showatonce',5,'enus',5,'2015-12-26 20:36:52',0,'INT','2015-12-26 20:36:52','55fb7c9051e24a93b12c62c31d714cef1451162171492',-1,'Database Management',1,5,1,'M',1,1,'False','private',1),(108,'A Sample XML Formatted Test for Testing Bulk Upload',NULL,21,1,296,'COMP','2015-12-26 20:36:52',50,10,'breaknotallowed#||#responsenoreturn#||#norevisit',300,'enus',5,'2015-12-26 20:36:52',0,'INT','2015-12-26 20:36:52','',-1,'Database Management',1,5,1,'M',1,0,'False','private',1),(109,'Copy of A Sample MS Excel formatted Test',NULL,21,0,298,'COMP','2016-01-21 23:56:37',50,10,'breaknotallowed#||#responsenoreturn#||#norevisit#||#showatonce',300,'enus',5,'2016-01-31 23:56:37',0,'INT','2016-01-31 23:56:37','2513d0bac67a48f6bf86618afc97255b1453420597124',-1,'',1,5,1,'M',1,1,'0.0','private',0),(135,'A new mobile test',NULL,21,1,337,'COMP','2016-05-02 19:14:37',50,20,'showatonce',6000,'enus',13,'2016-05-05 18:30:00',0,'PRO','2016-05-04 18:30:00','',31,'Software Architecture',0,1,NULL,NULL,1,1,'None','public',0),(144,'A New Mobile Test',NULL,21,1,347,'COMP','2016-05-03 01:47:33',50,20,'showatonce',5400,'enus',14,'2016-05-05 18:30:00',0,'INT','2016-05-05 18:30:00','63925d3f14a247169852e7e2ea2c3c531462240053968',40,'Product Development',0,1,NULL,NULL,1,1,'None','public',0),(145,'A new mobile test 2',NULL,21,1,348,'COMP','2016-05-03 02:02:59',50,20,'showatonce',5400,'enus',10,'2016-05-05 18:30:00',0,'INT','2016-05-05 18:30:00','7e75079b420d4be88c4b5fe721df03d61462240979008',41,'Programming',0,1,NULL,NULL,1,1,'None','public',0),(147,'A Supmit Test case',NULL,21,1,350,'COMP','2016-05-03 06:06:21',50,20,'showatonce',5400,'enus',13,'2016-05-04 18:30:00',0,'PRO','2016-05-05 18:30:00','cdd175b5209c4aa998c81e10db1a6d9b1462255581005',43,'Programming',0,1,NULL,NULL,1,1,'None','public',0),(151,'A Mobile phone test',NULL,21,1,354,'COMP','2016-05-03 23:39:01',50,20,'showatonce',5400,'enus',13,'2016-05-05 18:30:00',0,'INT','2016-05-05 18:30:00','8c35490273f642cb9987b8e4cde2878e1462318741068',47,'Programming',0,1,NULL,NULL,1,1,'None','public',0),(153,'A Test with a Name',NULL,21,1,356,'COMP','2016-05-05 02:29:54',50,20,'showatonce',5400,'enuk',13,'2016-05-09 18:30:00',0,'PRO','2016-05-08 18:30:00','02a2c73405364754989a92efd96a220e1462415394519',49,'Programming',0,1,NULL,NULL,1,1,'Perl','public',0),(154,'Some Mobile Testing in progress',NULL,21,1,357,'COMP','2016-05-05 02:48:47',60,25,'showatonce',6000,'lat',15,'2016-05-30 18:30:00',0,'INT','2016-05-29 18:30:00','e2a9ce38cd4546ba94a1866d254ca6901462416527233',50,'Quality Assurance',0,1,NULL,NULL,1,1,'Python','public',0),(155,'Some Other Test Here',NULL,17,1,358,'COMP','2016-05-05 02:59:24',60,25,'showatonce',5400,'enus',15,'2016-05-30 18:30:00',0,'PRO','2016-05-28 18:30:00','d7e816432c434392b57b5a734deeb08d1462417164232',51,'Software Architecture',0,1,NULL,NULL,1,1,'None','public',0),(163,'Insanity Testing',NULL,21,1,368,'COMP','2016-05-07 09:56:54',50,20,'showatonce',5400,'enus',13,'2016-05-08 18:30:00',0,'INT','2016-05-08 18:30:00','972d2b7a28624611ae2051f8c9d9b0ef1462615014366',59,'Programming',0,1,NULL,NULL,1,1,'None','public',0),(164,'Rrrrrr Test6',NULL,21,1,371,'COMP','2016-05-07 10:07:56',50,20,'showatonce',5400,'enus',13,'2016-05-08 18:30:00',0,'PRO','2016-05-08 18:30:00','3258e65d10ae4e1184356433a52954cb1462615676132',62,'Programming',0,1,NULL,NULL,1,1,'None','public',0),(169,'Smitra Test on Mobile',NULL,21,1,376,'COMP','2016-05-10 08:47:48',50,20,'showatonce',5400,'enus',13,'2016-05-31 18:30:00',0,'INT','2016-05-31 18:30:00','5a57a499beae48c295b3d9e04744654c1462870068975',67,'Programming',0,1,NULL,NULL,1,1,'None','public',0),(170,'Real Marshmallow Test',NULL,21,1,377,'COMP','2016-05-10 23:14:02',60,25,'showatonce',5400,'enus',15,'2016-05-12 18:30:00',0,'INT','2016-05-11 18:30:00','ba50a9ecd43c485d831e4d5aa82e7d1e1462922042724',68,'Programming',0,1,NULL,NULL,1,1,'None','public',0),(175,'New Test for iOS Phone',NULL,21,1,382,'COMP','2016-05-17 00:55:59',50,20,'showatonce',5400,'enus',13,'2016-05-30 18:30:00',0,'PRO','2016-05-30 18:30:00','cd387d16cd0f48b095814343054db9921463446559813',73,'Programming',0,1,NULL,NULL,1,1,'None','public',0),(176,'A config Test To Test Challenge Creation',NULL,17,1,383,'COMP','2016-05-17 03:28:16',50,20,'showatonce',5400,'enus',13,'2016-05-30 18:30:00',0,'PRO','2016-05-30 18:30:00','5ab302c346764e58ba4596939ca223c21463455696296',74,'Programming',0,1,NULL,NULL,1,1,'None','public',0),(177,'A New Test to Test TestYard Android App.',NULL,17,1,384,'COMP','2016-05-17 05:24:09',50,20,'showatonce',5400,'enus',13,'2016-05-30 18:30:00',1,'PRO','2016-05-30 18:30:00','c87a757600ea4cb5ad2efa710cb9d32a1463462649766',75,'Programming',0,1,NULL,NULL,1,1,'None','public',0),(226,'A New Test 001',NULL,17,1,433,'COMP','2016-06-07 08:39:46',50,20,'showatonce',5400,'enuk',13,'2016-06-07 18:30:00',0,'PRO','2016-06-07 18:30:00','d7f153736baf402084c9fdc384fd0fd31465288786887',124,'Programming',0,1,NULL,NULL,1,1,'Javascript','public',0),(227,'A New Test To Test Testyard',NULL,17,1,434,'COMP','2016-06-15 23:50:53',50,20,'showatonce',5400,'enus',13,'2016-06-16 18:30:00',0,'INT','2016-06-16 18:30:00','0c63d953286f47f9bcbc1ecc99dc74081466034653198',125,'Programming',0,1,NULL,NULL,1,1,'Javascript','public',0),(228,'Andrew test',NULL,17,1,435,'ALGO','2016-06-29 23:56:51',45,15,'showatonce',3600,'enus',12,'2016-06-29 18:30:00',0,'PRO','2016-06-29 18:30:00','30bedd095fb748319adf596acc881a721467244611522',126,'Programming',0,1,NULL,NULL,1,1,'Javascript','public',0);
/*!40000 ALTER TABLE `Tests_test` ENABLE KEYS */;
UNLOCK TABLES;

--
-- Table structure for table `Tests_topic`
--

DROP TABLE IF EXISTS `Tests_topic`;
/*!40101 SET @saved_cs_client     = @@character_set_client */;
/*!40101 SET character_set_client = utf8 */;
CREATE TABLE `Tests_topic` (
  `id` int(11) NOT NULL AUTO_INCREMENT,
  `topicname` varchar(150) NOT NULL,
  `createdate` date NOT NULL,
  `isactive` tinyint(1) NOT NULL,
  `user_id` int(11) NOT NULL,
  PRIMARY KEY (`id`)
) ENGINE=InnoDB AUTO_INCREMENT=127 DEFAULT CHARSET=latin1;
/*!40101 SET character_set_client = @saved_cs_client */;

--
-- Dumping data for table `Tests_topic`
--

LOCK TABLES `Tests_topic` WRITE;
/*!40000 ALTER TABLE `Tests_topic` DISABLE KEYS */;
INSERT INTO `Tests_topic` VALUES (-1,'Software Testing','0000-00-00',1,0),(1,'software development','2015-03-25',1,16),(2,'Crime','2015-03-29',1,16),(3,'something','2015-04-11',1,16),(4,'Database+Management','2016-05-01',1,17),(5,'Database+Management','2016-05-01',1,17),(6,'Database+Management','2016-05-01',1,17),(7,'Database+Management','2016-05-01',1,17),(8,'Programming','2016-05-01',1,21),(9,'Software+Architecture','2016-05-01',1,21),(10,'Software+Architecture','2016-05-01',1,21),(11,'Software+Architecture','2016-05-01',1,21),(12,'Software+Architecture','2016-05-01',1,21),(13,'Software+Testing','2016-05-01',1,21),(14,'Project+Management','2016-05-01',1,17),(15,'Project+Management','2016-05-01',1,17),(16,'Project+Management','2016-05-01',1,17),(17,'Project+Management','2016-05-01',1,17),(18,'Project+Management','2016-05-01',1,17),(19,'Project+Management','2016-05-01',1,17),(20,'Project Management','2016-05-01',1,17),(21,'Project Management','2016-05-01',1,17),(22,'Project Management','2016-05-01',1,17),(23,'Programming','2016-05-01',1,21),(24,'Programming','2016-05-01',1,17),(25,'Programming','2016-05-01',1,17),(26,'Product Development','2016-05-01',1,17),(27,'Software Architecture','2016-05-03',1,17),(28,'Software Architecture','2016-05-03',1,21),(29,'Product Development','2016-05-03',1,21),(30,'Database Management','2016-05-03',1,21),(31,'Software Architecture','2016-05-03',1,21),(32,'Programming','2016-05-03',1,21),(33,'Programming','2016-05-03',1,21),(34,'Programming','2016-05-03',1,21),(35,'Programming','2016-05-03',1,17),(36,'Product Development','2016-05-03',1,17),(37,'Programming','2016-05-03',1,17),(38,'Programming','2016-05-03',1,17),(39,'Quality Assurance','2016-05-03',1,17),(40,'Product Development','2016-05-03',1,21),(41,'Programming','2016-05-03',1,21),(42,'Programming','2016-05-03',1,21),(43,'Programming','2016-05-03',1,21),(44,'Programming','2016-05-03',1,17),(45,'Programming','2016-05-03',1,21),(46,'Programming','2016-05-04',1,17),(47,'Programming','2016-05-04',1,21),(48,'Programming','2016-05-05',1,21),(49,'Programming','2016-05-05',1,21),(50,'Quality Assurance','2016-05-05',1,21),(51,'Software Architecture','2016-05-05',1,17),(52,'Programming','2016-05-07',1,21),(53,'Programming','2016-05-07',1,21),(54,'Programming','2016-05-07',1,21),(55,'Programming','2016-05-07',1,21),(56,'Programming','2016-05-07',1,21),(57,'Programming','2016-05-07',1,17),(58,'Programming','2016-05-07',1,17),(59,'Programming','2016-05-07',1,21),(60,'Programming','2016-05-07',1,21),(61,'Programming','2016-05-07',1,21),(62,'Programming','2016-05-07',1,21),(63,'Programming','2016-05-10',1,17),(64,'Quality Assurance','2016-05-10',1,21),(65,'Programming','2016-05-10',1,21),(66,'Programming','2016-05-10',1,17),(67,'Programming','2016-05-10',1,21),(68,'Programming','2016-05-11',1,21),(69,'Programming','2016-05-12',1,21),(70,'Product Development','2016-05-13',1,17),(71,'Programming','2016-05-13',1,17),(72,'Programming','2016-05-14',1,21),(73,'Programming','2016-05-17',1,21),(74,'Programming','2016-05-17',1,17),(75,'Programming','2016-05-17',1,17),(76,'Programming','2016-05-19',1,17),(77,'Programming','2016-05-19',1,17),(78,'Programming','2016-05-19',1,17),(79,'Programming','2016-05-19',1,17),(80,'Programming','2016-05-19',1,17),(81,'Programming','2016-05-19',1,17),(82,'Programming','2016-05-19',1,17),(83,'Programming','2016-05-19',1,17),(84,'Software Architecture','2016-05-30',1,21),(85,'Programming','2016-05-30',1,21),(86,'Programming','2016-05-30',1,21),(87,'Programming','2016-05-30',1,21),(88,'Programming','2016-05-30',1,21),(89,'Database Management','2016-05-30',1,17),(90,'Programming','2016-05-30',1,17),(91,'Programming','2016-05-30',1,17),(92,'Programming','2016-05-30',1,17),(93,'Programming','2016-05-30',1,17),(94,'Programming','2016-05-30',1,17),(95,'Programming','2016-05-30',1,17),(96,'Programming','2016-05-30',1,17),(97,'Programming','2016-05-30',1,17),(98,'Programming','2016-05-31',1,17),(99,'Programming','2016-05-31',1,17),(100,'Programming','2016-05-31',1,17),(101,'Programming','2016-05-31',1,17),(102,'Programming','2016-05-31',1,17),(103,'Programming','2016-05-31',1,17),(104,'Programming','2016-05-31',1,17),(105,'Programming','2016-05-31',1,17),(106,'Software Architecture','2016-05-31',1,17),(107,'Programming','2016-05-31',1,17),(108,'Software Testing','2016-06-01',1,17),(109,'Application Development','2016-06-01',1,17),(110,'UI Design','2016-06-01',1,17),(111,'Programming','2016-06-03',1,21),(112,'Programming','2016-06-03',1,21),(113,'Programming','2016-06-03',1,21),(114,'Programming','2016-06-03',1,21),(115,'Programming','2016-06-03',1,21),(116,'Programming','2016-06-03',1,21),(117,'Programming','2016-06-03',1,21),(118,'Programming','2016-06-03',1,21),(119,'Programming','2016-06-03',1,21),(120,'Programming','2016-06-03',1,21),(121,'Application Development','2016-06-06',1,17),(122,'Application Development','2016-06-06',1,17),(123,'Programming','2016-06-07',1,17),(124,'Programming','2016-06-07',1,17),(125,'Programming','2016-06-16',1,17),(126,'Programming','2016-06-30',1,17);
/*!40000 ALTER TABLE `Tests_topic` ENABLE KEYS */;
UNLOCK TABLES;

--
-- Table structure for table `Tests_userresponse`
--

DROP TABLE IF EXISTS `Tests_userresponse`;
/*!40101 SET @saved_cs_client     = @@character_set_client */;
/*!40101 SET character_set_client = utf8 */;
CREATE TABLE `Tests_userresponse` (
  `id` int(11) NOT NULL AUTO_INCREMENT,
  `test_id` int(11) NOT NULL,
  `challenge_id` int(11) NOT NULL,
  `answer` longtext,
  `responsedatetime` datetime DEFAULT NULL,
  `attachments` varchar(100) DEFAULT NULL,
  `evaluation` double DEFAULT NULL,
  `evaluator_remarks` longtext,
  `evaluated_by_id` int(11) DEFAULT NULL,
  `candidate_comment` longtext,
  `response_quality` varchar(3) NOT NULL,
  `emailaddr` varchar(255) NOT NULL,
  `tabref` varchar(40) NOT NULL,
  `tabid` int(11) NOT NULL,
  PRIMARY KEY (`id`),
  KEY `Tests_userresponse_a88de8dc` (`test_id`),
  KEY `Tests_userresponse_dd8bebce` (`challenge_id`),
  KEY `Tests_userresponse_d20e438b` (`evaluated_by_id`),
  CONSTRAINT `challenge_id_refs_id_5cfa8871` FOREIGN KEY (`challenge_id`) REFERENCES `Tests_challenge` (`id`),
  CONSTRAINT `evaluated_by_id_refs_id_dfa3cedc` FOREIGN KEY (`evaluated_by_id`) REFERENCES `Auth_user` (`id`),
  CONSTRAINT `test_id_refs_id_4ce9e81f` FOREIGN KEY (`test_id`) REFERENCES `Tests_test` (`id`)
) ENGINE=InnoDB AUTO_INCREMENT=1554 DEFAULT CHARSET=latin1;
/*!40101 SET character_set_client = @saved_cs_client */;

--
-- Dumping data for table `Tests_userresponse`
--

LOCK TABLES `Tests_userresponse` WRITE;
/*!40000 ALTER TABLE `Tests_userresponse` DISABLE KEYS */;
INSERT INTO `Tests_userresponse` VALUES (4,5,28,'hello world!!!!','2015-04-14 20:24:18','',-1,'',NULL,'','','c3VwbWl0QHJlZGlmZm1haWwuY29t','wouldbeusers',73),(5,5,27,'dddddddddd','2015-04-14 20:24:40','',-1,'',NULL,'','','c3VwbWl0QHJlZGlmZm1haWwuY29t','wouldbeusers',73),(6,5,26,'next()','2015-04-14 20:25:16','',-1,'',NULL,'','','c3VwbWl0QHJlZGlmZm1haWwuY29t','wouldbeusers',73),(7,5,25,'','2015-04-14 20:25:18','',-1,'',NULL,'','','c3VwbWl0QHJlZGlmZm1haWwuY29t','wouldbeusers',73),(8,5,26,'','2015-04-14 20:25:40','',-1,'',NULL,'','','c3VwbWl0QHJlZGlmZm1haWwuY29t','wouldbeusers',73),(9,5,25,'yield()','2015-04-14 20:25:55','',-1,'',NULL,'','','c3VwbWl0QHJlZGlmZm1haWwuY29t','wouldbeusers',73),(82,5,25,'yield()','2015-05-22 17:41:25','',3,'',NULL,'','','codexaddict@gmail.com','usertest',64),(83,5,28,'sssssssssssssssssssssssssssssssssssssssssssssss','2015-05-22 17:41:31','',5,'',NULL,'','','codexaddict@gmail.com','usertest',64),(84,5,26,'next()','2015-05-22 17:41:36','',7,'fffffffffff',NULL,'','','codexaddict@gmail.com','usertest',64),(97,1,2,'option #4','2015-05-22 21:06:13','',4.5,'rrrrrrrrrrrrrrrrrrrrrrrrr',NULL,'','','supmit13@yahoo.com','wouldbeusers',92),(98,1,1,'option #4','2015-05-22 21:06:16','',4.5,'ddddddddddddddddddddddddddddddddddddddddddddddddddddddddddddddd',NULL,'','','supmit13@yahoo.com','wouldbeusers',92),(99,1,13,'xxxxxxxxxxxxxxxxxxxxxxxxxxxxxxx','2015-05-22 21:06:19','',7.5,'yyyyyyyyyyyyyyyyyyyyyyyyyyyyyyyyyyyyyyyy%0A%0A%0A%0Ayyyyyyyyyyyyyyyyyyyyyy',NULL,'','','supmit13@yahoo.com','wouldbeusers',92),(100,1,12,'yield()','2015-05-22 21:07:08','',4.5,'xxxxxxxxxxxxxxxxxxxxxxxxxxxxxxxxxxxxxxxxxxxxxxxxxxxxxxxxxxxxxxxxxxxxxxxxxxxxxxxxxxxxxxxxxxxxxxxxxxxxxxxxxxxxxxxxxxxxxxxxxxxxxxxxxxxxxxxxxxxxxxxxxxxxxxxxxxxxxxxxxxxxxxxxxxxxxxxxxxxxxxxxxxxxxxxxxxxxxxxxxxxxxxxxxxxxxxxxxxxxxxxxxxxxxxxxxxxxxxxxxxxx%0A%0Acccccccccccccccccccccccccccccccccccccccccccccccccccccccccccccccccccccccccccccccccccccccccccccccccccccccccccccccccccccccccccccccccccccccccccccc',NULL,'','','supmit13@yahoo.com','wouldbeusers',92),(101,1,11,'','2015-05-22 21:07:10','',8.5,'fffffffffffffffffffffffffffffffffff',NULL,'','','supmit13@yahoo.com','wouldbeusers',92),(102,8,39,'hello wold\n\n\n\n\n','2015-05-28 16:28:20','',4.5,'fffffffffffffffffffffffffffffffffffffffffffffffffffffffff',NULL,'','','supmit13@yahoo.com','wouldbeusers',96),(103,8,73,'Option #4#||#Option #5','2015-05-28 16:28:24','',3.5,'gggggggggggggggggggggggggggggggggggggggg',NULL,'','','supmit13@yahoo.com','wouldbeusers',96),(104,8,75,'Option #4','2015-05-28 16:28:30','',3.5,'ttttttttttttttttttttttttttttttt',NULL,'','','supmit13@yahoo.com','wouldbeusers',96),(105,8,74,'Option #2','2015-05-28 16:28:36','',3.5,'fvvvvvvvvvvvvvvvvvvvvvvvvvvvvv%0A%0Asupriyo%0A%0Ass',NULL,'','','supmit13@yahoo.com','wouldbeusers',96),(106,1,2,'option #4','2015-05-29 17:53:11','',7,'xxxxxxxxxxxxxxxxxxxxxxx%0A%0A%0A%0Axxxxxxxxxxxxxxxxxxxxxxxxxxxxxxxxxxxxxxxxxxxxxxxxxxxxxxxxxxxxxxxxxxxxxxxxxxxxxxxxxxxxxxxxxxxxxxxxxxxxxxxxxxxxxxxxxxxxxxxxxxx',NULL,'','','supmit@gmail.com','usertest',59),(107,1,13,'dddddddddddddddddddddddddddddddddd\n\n\ndddddddddddddddddddddddddddddddddddddddddddddddd','2015-05-29 17:53:19','',8.5,'ggffffffffffffffffffffx%0A%0Axxxxxxxxxxxxxxxxxxxxxxxxxxxxxx',NULL,'','','supmit@gmail.com','usertest',59),(108,1,11,'cccccccccccccccccccccccccc\\\\\\\n\n\nY*','2015-05-29 17:53:30','',9.5,'sssssssAAAAAAAAAAA',NULL,'','','supmit@gmail.com','usertest',59),(109,1,1,'option #4#||#option #1','2015-05-29 17:53:38','',4,'ssssssssssssssssssssssssss',NULL,'','','supmit@gmail.com','usertest',59),(110,1,12,'iter()','2015-05-29 17:53:49','',4.5,'sssssssssssssssssssssssssssssssssssss',NULL,'','','supmit@gmail.com','usertest',59),(111,4,17,'iter() and next()','2015-06-01 16:20:19','',1,'jjjjjjjjjjjjjjjjjjjjjjjjjjjjjjjjjDDDDDDDDDDDDDDhhhhhhhhhhhhhhh',NULL,'','','supmit@rediffmail.com','wouldbeusers',70),(112,4,21,'Using a private heap which only the python interpreter has access to.','2015-06-01 16:20:24','',10,'nnnnnnnnnnnnnnnnnnnnnnnnnnnnnnnnn%0A%0AHHHHHHHHHHHHHHH',NULL,'','','supmit@rediffmail.com','wouldbeusers',70),(113,4,20,'xrange() is faster than range()#||#range() returns a list, xrange() returns an iterator object.','2015-06-01 16:20:31','',10,'xxxxxxxxxxxxxxxxxxxxxxxxxxxxx',NULL,'','','supmit@rediffmail.com','wouldbeusers',70),(114,4,22,'Django#||#Pylons','2015-06-01 16:20:39','',10,'ddddddddddddddddddddddddd',NULL,'','','supmit@rediffmail.com','wouldbeusers',70),(115,4,24,'dddddddddddddddddddddddddddddddddddddddddddddddddddd\n\ndddddddddddddddddddddddddddddddddddddddddddddddddddddddddddddddddd ddddddddddddddd ffffffffffffffffff','2015-06-01 16:20:53','',8,'vvvvvvvvvvvvvvvvvvvvvvvvvvvvvvvv',NULL,'','','supmit@rediffmail.com','wouldbeusers',70),(116,4,16,'vvvvvvvvvvvvvvvvvvv ffffffffffffffffff gggggggggggggggggg hhhhhhhhhhhhhhhhhh','2015-06-01 16:21:03','',7,'cccccccccccccccccccccccc',NULL,'','','supmit@rediffmail.com','wouldbeusers',70),(117,4,23,'Left to right as entered in class definition','2015-06-01 16:21:10','',10,'bbbbbbbbbbbbbbbbbbbbbbbbbbbbbbbb',NULL,'','','supmit@rediffmail.com','wouldbeusers',70),(118,4,19,'yield()','2015-06-01 16:21:15','',10,'sddddddddddddddddddddd',NULL,'','','supmit@rediffmail.com','wouldbeusers',70),(119,1,12,'iter()','2015-06-02 20:34:04','',-1,'',NULL,'','','supmit@rediffmail.com','wouldbeusers',85),(120,1,1,'option #4#||#option #1','2015-06-02 20:34:11','',-1,'',NULL,'','','supmit@rediffmail.com','wouldbeusers',85),(121,1,2,'option #4','2015-06-02 20:34:17','',-1,'',NULL,'','','supmit@rediffmail.com','wouldbeusers',85),(122,1,13,'sssssssssssssssssssssssssssssssssssssssssssssssssssssssssssss\n\n dddddddddddddddd dddddddddddddddddd','2015-06-02 20:34:28','',-1,'',NULL,'','','supmit@rediffmail.com','wouldbeusers',85),(123,1,11,'is thee anybody in thee... not just if you can hea me... is thee anyone home!','2015-06-02 20:35:27','',-1,'',NULL,'','','supmit@rediffmail.com','wouldbeusers',85),(124,2,15,'fffffffffffffffffff','2015-06-03 18:55:44','',4,'44444444444444444444444444444444444444',NULL,'','','supmit@rediffmail.com','wouldbeusers',86),(125,2,38,'what...#||#hello#||#where...','2015-06-03 18:55:49','',4,'rrrrrrrrrrrrrrrrrrrrrrrrrrrrr',NULL,'','','supmit@rediffmail.com','wouldbeusers',86),(126,2,5,'values(d)','2015-06-03 18:55:53','',6,'dddddddddddddddddddddddddddddddddddddddddddd',NULL,'','','supmit@rediffmail.com','wouldbeusers',86),(127,2,4,'LWP::UserAgent','2015-06-03 18:55:59','',6,'77777777777777777777777777777',NULL,'','','supmit@rediffmail.com','wouldbeusers',86),(128,2,3,'nnnnnnnnnnnnnnnnnnnnnnnnnnnnnnnnnnnnnnnnnn','2015-06-03 18:56:04','',6,'jjjjjjjjjjjjjjjjjjjjjj',NULL,'','','supmit@rediffmail.com','wouldbeusers',86),(129,2,6,'$var','2015-06-03 18:56:10','',5,'666666666666666666666666666666666666666666666666',NULL,'','','supmit@rediffmail.com','wouldbeusers',86),(130,2,14,'a function#||#a class#||#a closure','2015-06-03 18:56:18','',8,'yyyyyyyyyyyyyyyyyyyyyyyyyyyyyyyyyyyyyyyyyyyyyyyy',NULL,'','','supmit@rediffmail.com','wouldbeusers',86),(131,8,73,'','2015-09-06 02:48:22','',-1,'',NULL,'','','supmit13@yahoo.com','usertest',78),(132,8,39,'','2015-09-06 02:48:22','',-1,'',NULL,'','','supmit13@yahoo.com','usertest',78),(133,8,74,'','2015-09-06 02:48:22','',-1,'',NULL,'','','supmit13@yahoo.com','usertest',78),(134,8,75,'','2015-09-06 02:48:22','',-1,'',NULL,'','','supmit13@yahoo.com','usertest',78),(135,8,74,'','2015-09-07 11:05:02','',-1,'',NULL,'','','codexaddict@gmail.com','usertest',77),(136,8,39,'','2015-09-07 11:05:02','',-1,'',NULL,'','','codexaddict@gmail.com','usertest',77),(137,8,75,'','2015-09-07 11:05:03','',-1,'',NULL,'','','codexaddict@gmail.com','usertest',77),(138,8,73,'','2015-09-07 11:05:03','',-1,'',NULL,'','','codexaddict@gmail.com','usertest',77),(139,8,73,'','2015-09-07 12:10:03','',-1,'',NULL,'','','codexaddict@gmail.com','usertest',98),(140,8,75,'','2015-09-07 12:10:31','',-1,'',NULL,'','','codexaddict@gmail.com','usertest',98),(141,8,39,'','2015-09-07 12:10:31','',-1,'',NULL,'','','codexaddict@gmail.com','usertest',98),(142,8,74,'','2015-09-07 12:10:31','',-1,'',NULL,'','','codexaddict@gmail.com','usertest',98),(143,8,75,'','2015-09-07 12:11:15','',-1,'',NULL,'','','supmit13@yahoo.com','usertest',99),(144,8,73,'','2015-09-07 12:11:31','',-1,'',NULL,'','','supmit13@yahoo.com','usertest',99),(145,8,39,'','2015-09-07 12:11:32','',-1,'',NULL,'','','supmit13@yahoo.com','usertest',99),(146,8,74,'','2015-09-07 12:11:32','',-1,'',NULL,'','','supmit13@yahoo.com','usertest',99),(147,8,74,'Option #2','2015-09-07 12:13:09','',0,'',NULL,'','','supmit13@gmail.com','wouldbeusers',105),(148,8,39,'','2015-09-07 12:13:17','',0,'',NULL,'','','supmit13@gmail.com','wouldbeusers',105),(149,8,75,'all of the above','2015-09-07 12:13:22','',5,'',NULL,'','','supmit13@gmail.com','wouldbeusers',105),(150,8,73,'','2015-09-07 12:13:28','',0,'',NULL,'','','supmit13@gmail.com','wouldbeusers',105),(151,7,34,'','2015-09-07 14:19:18','',0,'',NULL,'','','codexaddict@gmail.com','usertest',69),(152,7,36,'','2015-09-07 14:19:23','',0,'',NULL,'','','codexaddict@gmail.com','usertest',69),(153,7,33,'','2015-09-07 14:19:27','',0,'',NULL,'','','codexaddict@gmail.com','usertest',69),(154,7,35,'','2015-09-07 14:19:28','',0,'',NULL,'','','codexaddict@gmail.com','usertest',69),(155,7,37,'','2015-09-07 14:19:31','',0,'',NULL,'','','codexaddict@gmail.com','usertest',69),(156,11,52,'It is a #||#It is just a zzzzzzzz test.','2015-09-07 14:20:03','',-1,'',NULL,'','','supmit2k3@gmail.com','wouldbeusers',107),(157,11,53,'Because a TestYard test can be used as a skills filtering layer#||#Because a TestYard test id difficult','2015-09-07 14:20:07','',-1,'',NULL,'','','supmit2k3@gmail.com','wouldbeusers',107),(158,11,56,'A fifth option','2015-09-07 14:20:10','',-1,'',NULL,'','','supmit2k3@gmail.com','wouldbeusers',107),(159,11,54,'','2015-09-07 14:20:11','',-1,'',NULL,'','','supmit2k3@gmail.com','wouldbeusers',107),(160,11,55,'','2015-09-07 14:20:15','',-1,'',NULL,'','','supmit2k3@gmail.com','wouldbeusers',107),(161,11,54,'','2015-09-07 16:15:05','',-1,'',NULL,'','','supmit13@yahoo.com','usertest',112),(162,11,56,'','2015-09-07 16:15:07','',-1,'',NULL,'','','supmit13@yahoo.com','usertest',112),(163,11,53,'','2015-09-07 16:15:09','',-1,'',NULL,'','','supmit13@yahoo.com','usertest',112),(164,11,52,'','2015-09-07 16:15:11','',-1,'',NULL,'','','supmit13@yahoo.com','usertest',112),(165,11,55,'','2015-09-07 16:15:12','',-1,'',NULL,'','','supmit13@yahoo.com','usertest',112),(166,7,34,'','2015-09-07 16:20:59','',0,'',NULL,'','','a@b.c','wouldbeusers',115),(167,7,35,'','2015-09-07 16:22:23','',0,'',NULL,'','','a@b.c','wouldbeusers',115),(168,7,36,'','2015-09-07 16:22:24','',0,'',NULL,'','','a@b.c','wouldbeusers',115),(169,7,33,'','2015-09-07 16:22:25','',0,'',NULL,'','','a@b.c','wouldbeusers',115),(170,7,37,'','2015-09-07 16:22:25','',0,'',NULL,'','','a@b.c','wouldbeusers',115),(171,7,36,'','2015-09-07 17:43:22','',-1,'',NULL,'','','c@d.e','wouldbeusers',114),(172,7,34,'','2015-09-07 17:43:24','',-1,'',NULL,'','','c@d.e','wouldbeusers',114),(173,7,35,'','2015-09-07 17:43:24','',-1,'',NULL,'','','c@d.e','wouldbeusers',114),(174,7,37,'','2015-09-07 17:43:25','',-1,'',NULL,'','','c@d.e','wouldbeusers',114),(175,7,33,'','2015-09-07 17:43:25','',-1,'',NULL,'','','c@d.e','wouldbeusers',114),(176,8,73,'Option #6','2015-09-07 17:46:27','',5,'',NULL,'','','a@b.d','wouldbeusers',117),(177,8,39,'','2015-09-07 17:48:27','',3,'',NULL,'','','a@b.d','wouldbeusers',117),(178,8,74,'','2015-09-07 17:50:27','',5,'',NULL,'','','a@b.d','wouldbeusers',117),(179,4,21,'None of the above','2015-09-07 18:46:04','',-1,'',NULL,'','','a@b.c','wouldbeusers',120),(180,4,19,'yield()','2015-09-07 18:46:10','',-1,'',NULL,'','','a@b.c','wouldbeusers',120),(181,4,24,'cxcvvvvvvvvvvvvvvvvvv ffffffffffffff','2015-09-07 18:46:19','',-1,'',NULL,'','','a@b.c','wouldbeusers',120),(182,4,16,'ghghghghg','2015-09-07 18:46:25','',-1,'',NULL,'','','a@b.c','wouldbeusers',120),(183,4,23,'Left to right as entered in class definition','2015-09-07 18:46:33','',-1,'',NULL,'','','a@b.c','wouldbeusers',120),(184,4,20,'range() returns a list, xrange() returns an iterator object.','2015-09-07 18:46:48','',-1,'',NULL,'','','a@b.c','wouldbeusers',120),(185,4,22,'Django#||#Pylons','2015-09-07 18:47:05','',-1,'',NULL,'','','a@b.c','wouldbeusers',120),(186,4,17,'__iter__() and next()','2015-09-07 18:47:20','',-1,'',NULL,'','','a@b.c','wouldbeusers',120),(187,3,9,'range returns a list, xrange returns an object on demand','2015-10-15 05:46:34','',-1,'',NULL,'','','eee@eee.eee','wouldbeusers',144),(188,3,7,'Using a heap which is handled by the python interpreter garbage collector component.','2015-10-15 05:47:23','',-1,'',NULL,'','','eee@eee.eee','wouldbeusers',144),(189,3,40,'A decorator is a concept as well as a technique to modify existing callable entities in python without ','2015-10-15 05:48:27','',-1,'',NULL,'','','eee@eee.eee','wouldbeusers',144),(190,3,8,'__iter__()#||#iter()','2015-10-15 05:48:49','',-1,'',NULL,'','','eee@eee.eee','wouldbeusers',144),(191,3,41,'A factory pattern is an object creation mechanism .','2015-10-15 05:49:49','',-1,'',NULL,'','','eee@eee.eee','wouldbeusers',144),(192,3,10,'A construct to modify a function or class','2015-10-15 05:50:03','',-1,'',NULL,'','','eee@eee.eee','wouldbeusers',144),(193,5,25,'yield()','2015-10-17 00:43:45','',-1,'',NULL,'','','abcd@abcd.com','wouldbeusers',156),(194,5,26,'next()','2015-10-17 00:44:45','',-1,'',NULL,'','','abcd@abcd.com','wouldbeusers',156),(195,5,27,'','2015-10-17 00:45:01','',-1,'',NULL,'','','abcd@abcd.com','wouldbeusers',156),(196,5,28,'using heap','2015-10-17 00:45:14','',-1,'',NULL,'','','abcd@abcd.com','wouldbeusers',156),(197,4,22,'Django#||#Pylons','2015-10-17 00:52:07','',-1,'',NULL,'','','dddd@dddd.com','wouldbeusers',157),(198,4,24,'','2015-10-17 00:52:18','',-1,'',NULL,'','','dddd@dddd.com','wouldbeusers',157),(199,4,17,'iter() and next()#||#__iter__() and next()','2015-10-17 00:52:45','',-1,'',NULL,'','','dddd@dddd.com','wouldbeusers',157),(200,4,16,'','2015-10-17 00:52:55','',-1,'',NULL,'','','dddd@dddd.com','wouldbeusers',157),(201,4,19,'yield()','2015-10-17 00:53:03','',-1,'',NULL,'','','dddd@dddd.com','wouldbeusers',157),(202,4,21,'Using a private heap which only the python interpreter has access to.','2015-10-17 00:53:10','',-1,'',NULL,'','','dddd@dddd.com','wouldbeusers',157),(203,4,20,'xrange() is faster than range()#||#range() returns a list, xrange() returns an iterator object.','2015-10-17 00:53:35','',-1,'',NULL,'','','dddd@dddd.com','wouldbeusers',157),(204,4,23,'Left to right as entered in class definition','2015-10-17 00:53:47','',-1,'',NULL,'','','dddd@dddd.com','wouldbeusers',157),(205,18,98,'type ','2015-10-17 01:30:07','',-1,'',NULL,'','','eeee@eeee.com','wouldbeusers',161),(206,18,100,'[','2015-10-17 01:30:50','',-1,'',NULL,'','','eeee@eeee.com','wouldbeusers',161),(207,18,99,'[None, None]','2015-10-17 01:30:56','',-1,'',NULL,'','','eeee@eeee.com','wouldbeusers',161),(208,18,101,'5','2015-10-17 01:31:08','',-1,'',NULL,'','','eeee@eeee.com','wouldbeusers',161),(209,18,102,'error','2015-10-17 01:31:15','',-1,'',NULL,'','','eeee@eeee.com','wouldbeusers',161),(210,18,103,'type ','2015-10-17 01:31:39','',-1,'',NULL,'','','eeee@eeee.com','wouldbeusers',161),(211,18,104,'1 2 3 4 5 6 7','2015-10-17 01:31:50','',-1,'',NULL,'','','eeee@eeee.com','wouldbeusers',161),(212,18,101,'6','2015-10-17 02:11:03','',-1,'',NULL,'','','gggg@gggg.co.in','wouldbeusers',164),(213,18,103,'type ','2015-10-17 02:11:29','',-1,'',NULL,'','','gggg@gggg.co.in','wouldbeusers',164),(214,18,102,'1 2 3','2015-10-17 02:12:09','',-1,'',NULL,'','','gggg@gggg.co.in','wouldbeusers',164),(215,18,100,'','2015-10-17 02:22:14','',-1,'',NULL,'','','gggg@gggg.co.in','wouldbeusers',164),(216,18,104,'1 2 3 4 5 6','2015-10-17 02:23:00','',-1,'',NULL,'','','gggg@gggg.co.in','wouldbeusers',164),(217,18,99,'[','2015-10-17 02:36:00','',-1,'',NULL,'','','ffff@ffff.ffff','wouldbeusers',165),(218,18,103,'type ','2015-10-17 02:36:10','',-1,'',NULL,'','','ffff@ffff.ffff','wouldbeusers',165),(219,18,101,'5','2015-10-17 02:41:31','',-1,'',NULL,'','','ffff@ffff.ffff','wouldbeusers',165),(220,18,102,'1 2 3','2015-10-17 02:43:39','',-1,'',NULL,'','','rrrr@rrrr.rrr','wouldbeusers',166),(221,18,103,'type ','2015-10-17 02:43:57','',-1,'',NULL,'','','rrrr@rrrr.rrr','wouldbeusers',166),(222,2,38,'what...#||#Hi','2015-10-17 02:51:43','',-1,'',NULL,'','','kkkk@kkkk.kkk','wouldbeusers',168),(223,2,38,'','2015-10-17 02:54:36','',-1,'',NULL,'','','llll@llll.lll','wouldbeusers',167),(224,2,5,'','2015-10-17 02:56:08','',-1,'',NULL,'','','llll@llll.lll','wouldbeusers',167),(225,2,15,'zzzzzzzzzzzzzz','2015-10-17 02:58:09','',-1,'',NULL,'','','www@www.www','wouldbeusers',169),(226,2,4,'LWP::UserAgent','2015-10-17 02:58:44','',-1,'',NULL,'','','www@www.www','wouldbeusers',169),(227,2,5,'d.keys()','2015-10-17 02:59:39','',-1,'',NULL,'','','www@www.www','wouldbeusers',169),(228,2,3,'','2015-10-17 03:02:42','',-1,'',NULL,'','','www@www.www','wouldbeusers',169),(229,2,6,'$var','2015-10-17 03:03:54','',-1,'',NULL,'','','www@www.www','wouldbeusers',169),(230,2,38,'what...#||#where...','2015-10-17 03:04:11','',-1,'',NULL,'','','www@www.www','wouldbeusers',169),(231,2,14,'a function#||#a class#||#a closure','2015-10-17 03:04:27','',-1,'',NULL,'','','www@www.www','wouldbeusers',169),(232,18,99,'[','2015-10-17 03:09:28','',-1,'',NULL,'','','tttt@tttt.com','wouldbeusers',170),(233,18,99,'[','2015-10-17 03:12:40','',-1,'',NULL,'','','yyyy@yyyy.yyyy','wouldbeusers',171),(234,18,101,'6','2015-10-17 03:12:50','',-1,'',NULL,'','','yyyy@yyyy.yyyy','wouldbeusers',171),(235,18,104,'','2015-10-17 03:13:56','',-1,'',NULL,'','','yyyy@yyyy.yyyy','wouldbeusers',171),(236,18,100,'','2015-10-17 03:14:01','',-1,'',NULL,'','','yyyy@yyyy.yyyy','wouldbeusers',171),(237,18,103,'type ','2015-10-17 03:14:08','',-1,'',NULL,'','','yyyy@yyyy.yyyy','wouldbeusers',171),(238,18,102,'1 2','2015-10-17 03:14:14','',-1,'',NULL,'','','yyyy@yyyy.yyyy','wouldbeusers',171),(239,18,98,'type ','2015-10-17 03:14:22','',-1,'',NULL,'','','yyyy@yyyy.yyyy','wouldbeusers',171),(240,18,99,'[None, None]','2015-10-17 03:15:23','',-1,'',NULL,'','','xxxx@xxxx.xxx','wouldbeusers',172),(241,18,102,'1 2 3','2015-10-17 03:15:28','',-1,'',NULL,'','','xxxx@xxxx.xxx','wouldbeusers',172),(242,18,99,'[','2015-10-17 03:19:45','',-1,'',NULL,'','','zzzz@zzzz.zzzz','wouldbeusers',173),(243,18,103,'type ','2015-10-17 03:19:55','',-1,'',NULL,'','','zzzz@zzzz.zzzz','wouldbeusers',173),(244,18,102,'1 2 3','2015-10-17 03:22:15','',-1,'',NULL,'','','uuuu@uuuu.uuu','wouldbeusers',174),(245,18,100,'[','2015-10-17 03:22:20','',-1,'',NULL,'','','uuuu@uuuu.uuu','wouldbeusers',174),(246,18,103,'type ','2015-10-17 03:23:34','',-1,'',NULL,'','','uuuu@uuuu.uuu','wouldbeusers',174),(247,18,102,'1 2 3','2015-10-17 03:24:36','',-1,'',NULL,'','','vvvv@vvvv.vvv','wouldbeusers',175),(248,18,104,'1 2 3 4 5 6 7','2015-10-17 03:24:40','',-1,'',NULL,'','','vvvv@vvvv.vvv','wouldbeusers',175),(249,2,3,'sadcx','2015-10-17 06:10:22','',-1,'',NULL,'','','xxxx@xxxx.xxxx','wouldbeusers',176),(250,2,38,'','2015-10-17 06:11:24','',-1,'',NULL,'','','xxxx@xxxx.xxxx','wouldbeusers',176),(251,2,5,'keys(d)','2015-10-17 06:13:13','',-1,'',NULL,'','','xxxx@xxxx.xxxx','wouldbeusers',176),(252,2,6,'$var','2015-10-17 06:13:37','',-1,'',NULL,'','','xxxx@xxxx.xxxx','wouldbeusers',176),(253,2,5,'keys(d)','2015-10-17 06:17:19','',-1,'',NULL,'','','xxxx@xxxx.xxxx','wouldbeusers',176),(254,2,4,'LWP::UserAgent','2015-10-17 06:17:49','',-1,'',NULL,'','','xxxx@xxxx.xxxx','wouldbeusers',176),(255,2,4,'','2015-10-17 06:18:22','',-1,'',NULL,'','','xxxx@xxxx.xxxx','wouldbeusers',176),(256,2,4,'','2015-10-17 06:18:50','',-1,'',NULL,'','','xxxx@xxxx.xxxx','wouldbeusers',176),(257,2,4,'','2015-10-17 06:19:03','',-1,'',NULL,'','','xxxx@xxxx.xxxx','wouldbeusers',176),(258,2,5,'keys(d)','2015-10-17 06:35:22','',-1,'',NULL,'','','zzzz@zzzz.zzzz','wouldbeusers',178),(259,2,38,'Hi#||#hello','2015-10-17 06:36:02','',-1,'',NULL,'','','zzzz@zzzz.zzzz','wouldbeusers',178),(260,2,5,'keys(d)','2015-10-17 06:37:43','',-1,'',NULL,'','','zzzz@zzzz.zzzz','wouldbeusers',178),(261,2,6,'$var','2015-10-17 06:38:03','',-1,'',NULL,'','','zzzz@zzzz.zzzz','wouldbeusers',178),(262,2,38,'','2015-10-17 06:40:08','',-1,'',NULL,'','','zzzz@zzzz.zzzz','wouldbeusers',178),(263,2,15,'','2015-10-17 07:06:21','',-1,'',NULL,'','','aaaa@aaaa.aaa','wouldbeusers',180),(264,2,4,'LWP::UserAgent','2015-10-17 07:06:45','',-1,'',NULL,'','','aaaa@aaaa.aaa','wouldbeusers',180),(265,2,38,'Hi#||#hello','2015-10-17 09:48:41','',-1,'',NULL,'','','iiii@iiii.iiii','wouldbeusers',183),(266,2,6,'$var','2015-10-17 09:54:02','',-1,'',NULL,'','','iiii@iiii.iiii','wouldbeusers',183),(267,2,38,'Hi#||#hello','2015-10-17 09:54:22','',-1,'',NULL,'','','iiii@iiii.iiii','wouldbeusers',183),(268,1,1,'option #4','2015-10-17 10:16:01','',-1,'',NULL,'','','aaaa@aaaa.aaa','wouldbeusers',184),(269,1,2,'option #1','2015-10-17 10:16:06','',-1,'',NULL,'','','aaaa@aaaa.aaa','wouldbeusers',184),(270,1,11,'','2015-10-17 10:31:10','',-1,'',NULL,'','','cccc@cccc.cccc','wouldbeusers',186),(271,1,13,'','2015-10-17 10:31:13','',-1,'',NULL,'','','cccc@cccc.cccc','wouldbeusers',186),(272,1,12,'iter()','2015-10-17 10:31:28','',-1,'',NULL,'','','cccc@cccc.cccc','wouldbeusers',186),(273,1,11,'','2015-10-17 10:37:20','',-1,'',NULL,'','','cccc@cccc.cccc','wouldbeusers',186),(274,1,1,'option #5#||#option #3','2015-10-17 15:47:56','',-1,'',NULL,'','','dddd@dddd.dddd','wouldbeusers',187),(275,1,12,'iter()','2015-10-17 15:48:28','',-1,'',NULL,'','','dddd@dddd.dddd','wouldbeusers',187),(276,1,12,'iter()','2015-10-17 15:53:33','',-1,'',NULL,'','','dddd@dddd.dddd','wouldbeusers',187),(277,1,2,'','2015-10-17 15:53:42','',-1,'',NULL,'','','dddd@dddd.dddd','wouldbeusers',187),(278,1,2,'','2015-10-17 15:57:41','',-1,'',NULL,'','','dddd@dddd.dddd','wouldbeusers',187),(279,1,13,'','2015-10-17 15:57:43','',-1,'',NULL,'','','dddd@dddd.dddd','wouldbeusers',187),(280,1,12,'','2015-10-17 15:57:45','',-1,'',NULL,'','','dddd@dddd.dddd','wouldbeusers',187),(281,1,12,'','2015-10-17 15:57:45','',-1,'',NULL,'','','dddd@dddd.dddd','wouldbeusers',187),(282,1,12,'','2015-10-17 15:57:46','',-1,'',NULL,'','','dddd@dddd.dddd','wouldbeusers',187),(283,1,1,'','2015-10-17 15:57:47','',-1,'',NULL,'','','dddd@dddd.dddd','wouldbeusers',187),(284,1,13,'','2015-10-17 15:57:49','',-1,'',NULL,'','','dddd@dddd.dddd','wouldbeusers',187),(285,1,13,'','2015-10-17 15:57:51','',-1,'',NULL,'','','dddd@dddd.dddd','wouldbeusers',187),(286,1,2,'','2015-10-17 15:57:51','',-1,'',NULL,'','','dddd@dddd.dddd','wouldbeusers',187),(287,1,12,'','2015-10-17 15:57:52','',-1,'',NULL,'','','dddd@dddd.dddd','wouldbeusers',187),(288,1,12,'','2015-10-17 15:57:53','',-1,'',NULL,'','','dddd@dddd.dddd','wouldbeusers',187),(289,1,12,'','2015-10-17 15:57:55','',-1,'',NULL,'','','dddd@dddd.dddd','wouldbeusers',187),(290,1,12,'','2015-10-17 15:57:59','',-1,'',NULL,'','','dddd@dddd.dddd','wouldbeusers',187),(291,1,11,'','2015-10-17 16:12:18','',-1,'',NULL,'','','eeee@eeee.eeee','wouldbeusers',188),(292,1,13,'','2015-10-17 16:12:26','',-1,'',NULL,'','','eeee@eeee.eeee','wouldbeusers',188),(293,1,12,'iter()','2015-10-17 16:18:11','',-1,'',NULL,'','','ffff@ffff.fff','wouldbeusers',189),(294,1,2,'option #4','2015-10-17 16:18:18','',-1,'',NULL,'','','ffff@ffff.fff','wouldbeusers',189),(295,1,2,'option #6','2015-10-17 16:22:31','',-1,'',NULL,'','','ffff@ffff.fff','wouldbeusers',189),(296,1,13,'','2015-10-17 16:22:36','',-1,'',NULL,'','','ffff@ffff.fff','wouldbeusers',189),(297,1,1,'','2015-10-17 16:34:24','',-1,'',NULL,'','','ffff@ffff.fff','wouldbeusers',189),(298,1,12,'','2015-10-17 16:34:26','',-1,'',NULL,'','','ffff@ffff.fff','wouldbeusers',189),(299,1,13,'','2015-10-17 16:34:28','',-1,'',NULL,'','','ffff@ffff.fff','wouldbeusers',189),(300,1,2,'option #2','2015-10-17 16:38:07','',-1,'',NULL,'','','gggg@gggg.ggg','wouldbeusers',190),(301,1,1,'option #4#||#option #1','2015-10-17 16:38:11','',-1,'',NULL,'','','gggg@gggg.ggg','wouldbeusers',190),(302,1,2,'option #4','2015-10-17 16:42:17','',-1,'',NULL,'','','gggg@gggg.ggg','wouldbeusers',190),(303,1,13,'','2015-10-17 16:43:50','',-1,'',NULL,'','','gggg@gggg.ggg','wouldbeusers',190),(304,1,11,'','2015-10-17 16:43:51','',-1,'',NULL,'','','gggg@gggg.ggg','wouldbeusers',190),(305,1,1,'','2015-10-17 16:43:54','',-1,'',NULL,'','','gggg@gggg.ggg','wouldbeusers',190),(306,1,1,'','2015-10-17 16:43:55','',-1,'',NULL,'','','gggg@gggg.ggg','wouldbeusers',190),(307,1,1,'','2015-10-17 16:43:56','',-1,'',NULL,'','','gggg@gggg.ggg','wouldbeusers',190),(308,1,1,'','2015-10-17 16:43:56','',-1,'',NULL,'','','gggg@gggg.ggg','wouldbeusers',190),(309,1,1,'','2015-10-17 16:43:57','',-1,'',NULL,'','','gggg@gggg.ggg','wouldbeusers',190),(310,1,1,'','2015-10-17 16:43:57','',-1,'',NULL,'','','gggg@gggg.ggg','wouldbeusers',190),(311,1,1,'','2015-10-17 16:43:59','',-1,'',NULL,'','','gggg@gggg.ggg','wouldbeusers',190),(312,1,1,'','2015-10-17 16:43:59','',-1,'',NULL,'','','gggg@gggg.ggg','wouldbeusers',190),(313,1,1,'','2015-10-17 16:44:01','',-1,'',NULL,'','','gggg@gggg.ggg','wouldbeusers',190),(314,1,1,'','2015-10-17 16:44:02','',-1,'',NULL,'','','gggg@gggg.ggg','wouldbeusers',190),(315,1,2,'option #4','2015-10-17 16:49:40','',-1,'',NULL,'','','hhhh@hhhh.hh.hh','wouldbeusers',191),(316,1,1,'option #4#||#option #1','2015-10-17 16:50:05','',-1,'',NULL,'','','hhhh@hhhh.hh.hh','wouldbeusers',191),(317,1,1,'option #4#||#option #5','2015-10-17 16:54:10','',-1,'',NULL,'','','hhhh@hhhh.hh.hh','wouldbeusers',191),(318,1,11,'','2015-10-17 16:55:12','',-1,'',NULL,'','','hhhh@hhhh.hh.hh','wouldbeusers',191),(319,1,13,'','2015-10-17 16:59:18','',-1,'',NULL,'','','hhhh@hhhh.hh.hh','wouldbeusers',191),(320,1,1,'','2015-10-17 16:59:21','',-1,'',NULL,'','','hhhh@hhhh.hh.hh','wouldbeusers',191),(321,1,2,'','2015-10-17 16:59:23','',-1,'',NULL,'','','hhhh@hhhh.hh.hh','wouldbeusers',191),(322,1,1,'','2015-10-17 16:59:25','',-1,'',NULL,'','','hhhh@hhhh.hh.hh','wouldbeusers',191),(323,1,13,'','2015-10-17 16:59:27','',-1,'',NULL,'','','hhhh@hhhh.hh.hh','wouldbeusers',191),(324,1,1,'','2015-10-17 16:59:30','',-1,'',NULL,'','','hhhh@hhhh.hh.hh','wouldbeusers',191),(325,1,1,'','2015-10-17 16:59:32','',-1,'',NULL,'','','hhhh@hhhh.hh.hh','wouldbeusers',191),(326,1,2,'option #6','2015-10-17 17:20:01','',-1,'',NULL,'','','iiii@iiii.tttt','wouldbeusers',193),(327,1,1,'','2015-10-17 17:25:01','',-1,'',NULL,'','','iiii@iiii.tttt','wouldbeusers',193),(328,1,12,'','2015-10-17 17:30:01','',-1,'',NULL,'','','iiii@iiii.tttt','wouldbeusers',193),(329,1,13,'','2015-10-17 17:40:01','',-1,'',NULL,'','','iiii@iiii.tttt','wouldbeusers',193),(330,1,1,'option #4#||#option #1','2015-10-17 18:16:41','',-1,'',NULL,'','','iiii@iiii.tttt','wouldbeusers',193),(331,1,1,'option #4#||#option #3','2015-10-17 18:49:48','',-1,'',NULL,'','','kkk@kkk.kkk','wouldbeusers',194),(332,1,2,'option #4','2015-10-17 18:49:53','',-1,'',NULL,'','','kkk@kkk.kkk','wouldbeusers',194),(333,1,2,'option #4','2015-10-17 18:54:17','',-1,'',NULL,'','','kkk@kkk.kkk','wouldbeusers',194),(334,1,11,'','2015-10-17 18:54:34','',-1,'',NULL,'','','kkk@kkk.kkk','wouldbeusers',194),(335,1,11,'','2015-10-17 18:59:23','',-1,'',NULL,'','','kkk@kkk.kkk','wouldbeusers',194),(336,1,12,'','2015-10-17 18:59:25','',-1,'',NULL,'','','kkk@kkk.kkk','wouldbeusers',194),(337,1,12,'','2015-10-17 18:59:26','',-1,'',NULL,'','','kkk@kkk.kkk','wouldbeusers',194),(338,1,12,'','2015-10-17 18:59:27','',-1,'',NULL,'','','kkk@kkk.kkk','wouldbeusers',194),(339,1,12,'','2015-10-17 18:59:28','',-1,'',NULL,'','','kkk@kkk.kkk','wouldbeusers',194),(340,1,12,'','2015-10-17 18:59:29','',-1,'',NULL,'','','kkk@kkk.kkk','wouldbeusers',194),(341,1,12,'','2015-10-17 18:59:31','',-1,'',NULL,'','','kkk@kkk.kkk','wouldbeusers',194),(342,1,12,'','2015-10-17 18:59:32','',-1,'',NULL,'','','kkk@kkk.kkk','wouldbeusers',194),(343,1,12,'','2015-10-17 18:59:33','',-1,'',NULL,'','','kkk@kkk.kkk','wouldbeusers',194),(344,1,12,'','2015-10-17 18:59:34','',-1,'',NULL,'','','kkk@kkk.kkk','wouldbeusers',194),(345,1,12,'','2015-10-17 18:59:34','',-1,'',NULL,'','','kkk@kkk.kkk','wouldbeusers',194),(346,1,12,'','2015-10-17 18:59:37','',-1,'',NULL,'','','kkk@kkk.kkk','wouldbeusers',194),(347,1,11,'','2015-10-17 18:59:47','',-1,'',NULL,'','','kkk@kkk.kkk','wouldbeusers',194),(348,1,12,'','2015-10-17 19:00:00','',-1,'',NULL,'','','kkk@kkk.kkk','wouldbeusers',194),(349,1,2,'','2015-10-17 19:01:23','',-1,'',NULL,'','','kkk@kkk.kkk','wouldbeusers',194),(350,1,2,'','2015-10-17 19:02:04','',-1,'',NULL,'','','kkk@kkk.kkk','wouldbeusers',194),(351,1,12,'','2015-10-17 19:02:41','',-1,'',NULL,'','','kkk@kkk.kkk','wouldbeusers',194),(352,1,13,'','2015-10-17 19:46:56','',-1,'',NULL,'','','mmmm@mmmm.mmmm','wouldbeusers',195),(353,1,1,'option #4#||#option #3','2015-10-17 19:47:02','',-1,'',NULL,'','','mmmm@mmmm.mmmm','wouldbeusers',195),(354,1,13,'','2015-10-17 19:52:17','',-1,'',NULL,'','','mmmm@mmmm.mmmm','wouldbeusers',195),(355,1,12,'','2015-10-17 19:57:18','',-1,'',NULL,'','','mmmm@mmmm.mmmm','wouldbeusers',195),(356,2,4,'LWP::UserAgent','2015-10-17 20:04:07','',-1,'',NULL,'','','nnnn@nnnn.nnnn','wouldbeusers',196),(357,2,6,'$var','2015-10-17 20:04:11','',-1,'',NULL,'','','nnnn@nnnn.nnnn','wouldbeusers',196),(358,2,5,'keys(d)','2015-10-17 20:05:33','',-1,'',NULL,'','','nnnn@nnnn.nnnn','wouldbeusers',196),(359,2,15,'','2015-10-17 20:05:33','',-1,'',NULL,'','','nnnn@nnnn.nnnn','wouldbeusers',196),(360,2,3,'','2015-10-17 20:05:33','',-1,'',NULL,'','','nnnn@nnnn.nnnn','wouldbeusers',196),(361,2,14,'','2015-10-17 20:05:33','',-1,'',NULL,'','','nnnn@nnnn.nnnn','wouldbeusers',196),(362,2,15,'','2015-10-17 20:22:44','',-1,'',NULL,'','','nnnn@nnnn.nnnn','wouldbeusers',196),(363,2,5,'','2015-10-17 20:22:47','',-1,'',NULL,'','','nnnn@nnnn.nnnn','wouldbeusers',196),(364,2,38,'','2015-10-17 20:22:49','',-1,'',NULL,'','','nnnn@nnnn.nnnn','wouldbeusers',196),(365,2,15,'','2015-10-17 20:22:58','',-1,'',NULL,'','','nnnn@nnnn.nnnn','wouldbeusers',196),(366,2,5,'','2015-10-17 20:23:01','',-1,'',NULL,'','','nnnn@nnnn.nnnn','wouldbeusers',196),(367,2,14,'','2015-10-17 20:23:06','',-1,'',NULL,'','','nnnn@nnnn.nnnn','wouldbeusers',196),(368,2,14,'','2015-10-17 20:23:17','',-1,'',NULL,'','','nnnn@nnnn.nnnn','wouldbeusers',196),(369,4,21,'Using a private heap which only the python interpreter has access to.','2015-10-19 21:10:28','',-1,'',NULL,'','','aaaaaaa@aaaaa.aaaa','wouldbeusers',210),(370,4,20,'range() returns a list, xrange() returns an iterator object.','2015-10-19 21:10:36','',-1,'',NULL,'','','aaaaaaa@aaaaa.aaaa','wouldbeusers',210),(371,4,16,'','2015-10-19 21:10:50','',-1,'',NULL,'','','aaaaaaa@aaaaa.aaaa','wouldbeusers',210),(372,4,17,'__iter__() and next()','2015-10-19 21:10:58','',-1,'',NULL,'','','aaaaaaa@aaaaa.aaaa','wouldbeusers',210),(373,4,24,'','2015-10-19 21:11:01','',-1,'',NULL,'','','aaaaaaa@aaaaa.aaaa','wouldbeusers',210),(374,4,23,'Left to right as entered in class definition','2015-10-19 21:11:05','',-1,'',NULL,'','','aaaaaaa@aaaaa.aaaa','wouldbeusers',210),(375,4,22,'Django#||#Pylons','2015-10-19 21:11:09','',-1,'',NULL,'','','aaaaaaa@aaaaa.aaaa','wouldbeusers',210),(376,4,19,'yield()','2015-10-19 21:11:12','',-1,'',NULL,'','','aaaaaaa@aaaaa.aaaa','wouldbeusers',210),(377,2,38,'Hi#||#hello','2015-10-19 21:15:35','',-1,'',NULL,'','','dddddddddd@sdddddddd.dddd','wouldbeusers',211),(378,2,4,'LWP::UserAgent','2015-10-19 21:15:39','',-1,'',NULL,'','','dddddddddd@sdddddddd.dddd','wouldbeusers',211),(379,2,38,'Hi#||#hello','2015-10-19 21:16:45','',-1,'',NULL,'','','dddddddddd@sdddddddd.dddd','wouldbeusers',211),(380,2,4,'LWP::UserAgent','2015-10-19 21:16:47','',-1,'',NULL,'','','dddddddddd@sdddddddd.dddd','wouldbeusers',211),(381,2,38,'Hi#||#hello','2015-10-19 21:17:55','',-1,'',NULL,'','','dddddddddd@sdddddddd.dddd','wouldbeusers',211),(382,2,6,'$var','2015-10-19 21:18:03','',-1,'',NULL,'','','dddddddddd@sdddddddd.dddd','wouldbeusers',211),(383,2,14,'a function#||#a class#||#a closure','2015-10-19 21:18:10','',-1,'',NULL,'','','dddddddddd@sdddddddd.dddd','wouldbeusers',211),(384,2,15,'','2015-10-19 21:18:12','',-1,'',NULL,'','','dddddddddd@sdddddddd.dddd','wouldbeusers',211),(385,2,5,'','2015-10-19 21:18:16','',-1,'',NULL,'','','dddddddddd@sdddddddd.dddd','wouldbeusers',211),(386,2,4,'','2015-10-19 21:18:21','',-1,'',NULL,'','','dddddddddd@sdddddddd.dddd','wouldbeusers',211),(390,1,11,'','2015-10-19 21:34:07','',-1,'',NULL,'','','qqqqqq@qqqqq.qqqq','wouldbeusers',213),(391,1,2,'option #4','2015-10-19 21:34:10','',-1,'',NULL,'','','qqqqqq@qqqqq.qqqq','wouldbeusers',213),(392,1,1,'option #4#||#option #3','2015-10-19 21:46:27','',-1,'',NULL,'','','qqqqqq@qqqqq.qqqq','wouldbeusers',213),(393,1,2,'','2015-10-19 21:46:34','',-1,'',NULL,'','','qqqqqq@qqqqq.qqqq','wouldbeusers',213),(394,1,11,'','2015-10-19 21:46:36','',-1,'',NULL,'','','qqqqqq@qqqqq.qqqq','wouldbeusers',213),(395,1,2,'','2015-10-19 21:46:42','',-1,'',NULL,'','','qqqqqq@qqqqq.qqqq','wouldbeusers',213),(396,13,80,'','2015-10-20 00:15:39','',-1,'',NULL,'','','aaaa@aaaa.aaa','wouldbeusers',214),(397,13,79,'East India Company','2015-10-20 00:15:49','',-1,'',NULL,'','','aaaa@aaaa.aaa','wouldbeusers',214),(398,13,82,'Cant say','2015-10-20 00:15:55','',-1,'',NULL,'','','aaaa@aaaa.aaa','wouldbeusers',214),(399,13,77,'','2015-10-20 00:16:40','',-1,'',NULL,'','','aaaa@aaaa.aaa','wouldbeusers',214),(400,13,78,'','2015-10-20 00:16:40','',-1,'',NULL,'','','aaaa@aaaa.aaa','wouldbeusers',214),(401,13,83,'','2015-10-20 00:16:40','',-1,'',NULL,'','','aaaa@aaaa.aaa','wouldbeusers',214),(402,13,79,'','2015-10-20 00:16:49','',-1,'',NULL,'','','aaaa@aaaa.aaa','wouldbeusers',214),(403,13,77,'','2015-10-20 00:16:52','',-1,'',NULL,'','','aaaa@aaaa.aaa','wouldbeusers',214),(404,13,76,'This is choice #6#||#This is choice #3','2015-10-20 00:46:16','',-1,'',NULL,'','','supmit@gmail.com','usertest',109),(405,13,78,'harami nehru','2015-10-20 00:46:25','',-1,'',NULL,'','','supmit@gmail.com','usertest',109),(406,13,82,'Cant say','2015-10-20 00:46:46','',-1,'',NULL,'','','supmit@gmail.com','usertest',109),(407,13,78,'','2015-10-20 00:47:03','',-1,'',NULL,'','','supmit@gmail.com','usertest',109),(408,13,81,'','2015-10-20 00:47:13','',-1,'',NULL,'','','supmit@gmail.com','usertest',109),(409,13,79,'East India Company','2015-10-20 05:20:25','',-1,'',NULL,'','','eeeee@eeeee.eeee','wouldbeusers',215),(410,13,78,'harami nehru','2015-10-20 05:20:30','',-1,'',NULL,'','','eeeee@eeeee.eeee','wouldbeusers',215),(411,13,77,'','2015-10-20 05:20:41','',-1,'',NULL,'','','eeeee@eeeee.eeee','wouldbeusers',215),(412,13,80,'','2015-10-20 05:20:47','',-1,'',NULL,'','','eeeee@eeeee.eeee','wouldbeusers',215),(413,13,81,'','2015-10-20 05:20:47','',-1,'',NULL,'','','eeeee@eeeee.eeee','wouldbeusers',215),(414,13,83,'','2015-10-20 05:20:47','',-1,'',NULL,'','','eeeee@eeeee.eeee','wouldbeusers',215),(415,13,82,'','2015-10-20 05:20:47','',-1,'',NULL,'','','eeeee@eeeee.eeee','wouldbeusers',215),(416,13,76,'','2015-10-20 05:20:47','',-1,'',NULL,'','','eeeee@eeeee.eeee','wouldbeusers',215),(417,13,77,'','2015-10-20 05:20:51','',-1,'',NULL,'','','eeeee@eeeee.eeee','wouldbeusers',215),(418,13,78,'harami nehru','2015-10-20 05:45:08','',-1,'',NULL,'','','wwww@wwwww.www','wouldbeusers',216),(419,13,81,'Rabindranath Tagore','2015-10-20 05:45:31','',-1,'',NULL,'','','wwww@wwwww.www','wouldbeusers',216),(420,13,82,'0.8','2015-10-20 05:45:42','',-1,'',NULL,'','','wwww@wwwww.www','wouldbeusers',216),(421,13,77,'','2015-10-20 05:45:57','',-1,'',NULL,'','','wwww@wwwww.www','wouldbeusers',216),(422,13,76,'','2015-10-20 05:45:57','',-1,'',NULL,'','','wwww@wwwww.www','wouldbeusers',216),(423,13,83,'','2015-10-20 05:45:57','',-1,'',NULL,'','','wwww@wwwww.www','wouldbeusers',216),(424,13,79,'','2015-10-20 05:45:58','',-1,'',NULL,'','','wwww@wwwww.www','wouldbeusers',216),(425,13,80,'','2015-10-20 05:45:58','',-1,'',NULL,'','','wwww@wwwww.www','wouldbeusers',216),(426,13,80,'','2015-10-20 05:46:04','',-1,'',NULL,'','','wwww@wwwww.www','wouldbeusers',216),(427,13,80,'','2015-10-20 05:46:08','',-1,'',NULL,'','','wwww@wwwww.www','wouldbeusers',216),(428,13,80,'','2015-10-20 05:46:13','',-1,'',NULL,'','','wwww@wwwww.www','wouldbeusers',216),(429,13,80,'','2015-10-20 05:46:18','',-1,'',NULL,'','','wwww@wwwww.www','wouldbeusers',216),(430,13,80,'','2015-10-20 05:46:24','',-1,'',NULL,'','','wwww@wwwww.www','wouldbeusers',216),(431,13,80,'','2015-10-20 05:46:30','',-1,'',NULL,'','','wwww@wwwww.www','wouldbeusers',216),(432,13,82,'0.8','2015-10-20 05:50:09','',-1,'',NULL,'','','qqqqq@qqqqqq.qqq','wouldbeusers',217),(433,13,80,'','2015-10-20 05:50:12','',-1,'',NULL,'','','qqqqq@qqqqqq.qqq','wouldbeusers',217),(434,13,79,'East India Company','2015-10-20 05:51:20','',-1,'',NULL,'','','qqqqq@qqqqqq.qqq','wouldbeusers',217),(435,13,76,'This is choice #1#||#This is choice #6','2015-10-20 05:51:24','',-1,'',NULL,'','','qqqqq@qqqqqq.qqq','wouldbeusers',217),(436,13,83,'','2015-10-20 05:51:49','',-1,'',NULL,'','','qqqqq@qqqqqq.qqq','wouldbeusers',217),(437,13,82,'Cant say','2015-10-20 05:51:57','',-1,'',NULL,'','','qqqqq@qqqqqq.qqq','wouldbeusers',217),(438,13,78,'','2015-10-20 05:52:06','',-1,'',NULL,'','','qqqqq@qqqqqq.qqq','wouldbeusers',217),(439,13,81,'','2015-10-20 05:52:06','',-1,'',NULL,'','','qqqqq@qqqqqq.qqq','wouldbeusers',217),(440,13,77,'','2015-10-20 05:52:07','',-1,'',NULL,'','','qqqqq@qqqqqq.qqq','wouldbeusers',217),(441,13,80,'','2015-10-20 05:52:07','',-1,'',NULL,'','','qqqqq@qqqqqq.qqq','wouldbeusers',217),(442,13,76,'This is choice #1#||#This is choice #4','2015-10-20 05:55:16','',-1,'',NULL,'','','ttttt@tttt.ttt','wouldbeusers',218),(443,13,82,'0.8','2015-10-20 05:55:18','',-1,'',NULL,'','','ttttt@tttt.ttt','wouldbeusers',218),(444,13,77,'','2015-10-20 05:55:32','',-1,'',NULL,'','','ttttt@tttt.ttt','wouldbeusers',218),(445,13,77,'','2015-10-20 05:55:43','',-1,'',NULL,'','','ttttt@tttt.ttt','wouldbeusers',218),(446,13,78,'','2015-10-20 05:55:43','',-1,'',NULL,'','','ttttt@tttt.ttt','wouldbeusers',218),(447,13,80,'','2015-10-20 05:55:43','',-1,'',NULL,'','','ttttt@tttt.ttt','wouldbeusers',218),(448,13,83,'','2015-10-20 05:55:43','',-1,'',NULL,'','','ttttt@tttt.ttt','wouldbeusers',218),(449,13,81,'Rabindranath Tagore','2015-10-20 06:00:20','',-1,'',NULL,'','','ssssss@sssssssss.sss','wouldbeusers',219),(450,13,82,'Cant say','2015-10-20 06:00:26','',-1,'',NULL,'','','ssssss@sssssssss.sss','wouldbeusers',219),(451,13,77,'','2015-10-20 06:00:36','',-1,'',NULL,'','','ssssss@sssssssss.sss','wouldbeusers',219),(452,13,77,'','2015-10-20 06:00:50','',-1,'',NULL,'','','ssssss@sssssssss.sss','wouldbeusers',219),(453,13,78,'','2015-10-20 06:00:50','',-1,'',NULL,'','','ssssss@sssssssss.sss','wouldbeusers',219),(454,13,79,'','2015-10-20 06:00:50','',-1,'',NULL,'','','ssssss@sssssssss.sss','wouldbeusers',219),(455,13,83,'','2015-10-20 06:00:51','',-1,'',NULL,'','','ssssss@sssssssss.sss','wouldbeusers',219),(456,13,78,'harami nehru','2015-10-20 06:02:58','',5,'',NULL,'','','supmit@rediffmail.com','wouldbeusers',112),(457,13,79,'East India Company','2015-10-20 06:03:01','',0,'',NULL,'','','supmit@rediffmail.com','wouldbeusers',112),(458,13,81,'Rabindranath Tagore','2015-10-20 06:03:16','',5,'',NULL,'','','supmit@rediffmail.com','wouldbeusers',112),(459,13,79,'','2015-10-20 06:03:21','',-1,'',NULL,'','','supmit@rediffmail.com','wouldbeusers',112),(460,13,82,'','2015-10-20 06:03:21','',0,'',NULL,'','','supmit@rediffmail.com','wouldbeusers',112),(461,13,83,'','2015-10-20 06:03:21','',0,'',NULL,'','','supmit@rediffmail.com','wouldbeusers',112),(462,13,80,'','2015-10-20 06:03:21','',0,'',NULL,'','','supmit@rediffmail.com','wouldbeusers',112),(463,13,78,'harami nehru','2015-10-20 06:08:25','',-1,'',NULL,'','','gggggg@hhgggg.ggg','wouldbeusers',220),(464,13,82,'Cant say','2015-10-20 06:08:27','',-1,'',NULL,'','','gggggg@hhgggg.ggg','wouldbeusers',220),(465,13,83,'','2015-10-20 06:08:35','',-1,'',NULL,'','','gggggg@hhgggg.ggg','wouldbeusers',220),(466,13,76,'','2015-10-20 06:08:35','',-1,'',NULL,'','','gggggg@hhgggg.ggg','wouldbeusers',220),(467,13,81,'','2015-10-20 06:08:36','',-1,'',NULL,'','','gggggg@hhgggg.ggg','wouldbeusers',220),(468,13,77,'','2015-10-20 06:08:36','',-1,'',NULL,'','','gggggg@hhgggg.ggg','wouldbeusers',220),(469,13,79,'','2015-10-20 06:08:36','',-1,'',NULL,'','','gggggg@hhgggg.ggg','wouldbeusers',220),(470,13,80,'','2015-10-20 06:08:36','',-1,'',NULL,'','','gggggg@hhgggg.ggg','wouldbeusers',220),(471,13,79,'East India Company','2015-10-20 06:13:11','',-1,'',NULL,'','','ddddddd@fffff.dddd','wouldbeusers',221),(472,13,78,'harami nehru','2015-10-20 06:13:15','',-1,'',NULL,'','','ddddddd@fffff.dddd','wouldbeusers',221),(473,13,81,'','2015-10-20 06:13:38','',-1,'',NULL,'','','ddddddd@fffff.dddd','wouldbeusers',221),(474,13,76,'This is choice #1#||#This is choice #4','2015-10-20 06:13:43','',-1,'',NULL,'','','ddddddd@fffff.dddd','wouldbeusers',221),(475,13,77,'','2015-10-20 06:13:54','',-1,'',NULL,'','','ddddddd@fffff.dddd','wouldbeusers',221),(476,13,82,'Cant say','2015-10-20 06:13:59','',-1,'',NULL,'','','ddddddd@fffff.dddd','wouldbeusers',221),(477,13,83,'Madhya Pradesh','2015-10-20 06:14:04','',-1,'',NULL,'','','ddddddd@fffff.dddd','wouldbeusers',221),(478,13,80,'','2015-10-20 06:14:06','',-1,'',NULL,'','','ddddddd@fffff.dddd','wouldbeusers',221),(479,13,82,'Cant say','2015-10-20 06:24:47','',5,'',NULL,'','','yyyyy@yyyy.com','wouldbeusers',222),(480,13,81,'Rabindranath Tagore','2015-10-20 06:24:50','',5,'',NULL,'','','yyyyy@yyyy.com','wouldbeusers',222),(481,13,78,'harami nehru','2015-10-20 06:24:59','',5,'',NULL,'','','yyyyy@yyyy.com','wouldbeusers',222),(482,13,77,'','2015-10-20 06:25:16','',5,'',NULL,'','','yyyyy@yyyy.com','wouldbeusers',222),(483,13,83,'','2015-10-20 06:25:16','',0,'',NULL,'','','yyyyy@yyyy.com','wouldbeusers',222),(484,13,80,'','2015-10-20 06:25:16','',0,'',NULL,'','','yyyyy@yyyy.com','wouldbeusers',222),(485,13,82,'Cant say','2015-10-20 07:23:30','',-1,'',NULL,'','','dddddd@ssssss.wwww','wouldbeusers',223),(486,13,77,'','2015-10-20 07:23:39','',-1,'',NULL,'','','dddddd@ssssss.wwww','wouldbeusers',223),(487,13,76,'This is choice #6#||#This is choice #3','2015-10-20 07:23:43','',-1,'',NULL,'','','dddddd@ssssss.wwww','wouldbeusers',223),(488,13,78,'','2015-10-20 07:24:13','',-1,'',NULL,'','','dddddd@ssssss.wwww','wouldbeusers',223),(489,13,81,'','2015-10-20 07:24:18','',-1,'',NULL,'','','dddddd@ssssss.wwww','wouldbeusers',223),(490,13,79,'','2015-10-20 07:24:19','',-1,'',NULL,'','','dddddd@ssssss.wwww','wouldbeusers',223),(491,13,83,'','2015-10-20 07:24:19','',-1,'',NULL,'','','dddddd@ssssss.wwww','wouldbeusers',223),(492,13,80,'','2015-10-20 07:24:20','',-1,'',NULL,'','','dddddd@ssssss.wwww','wouldbeusers',223),(493,13,81,'Rabindranath Tagore','2015-10-20 07:45:28','',-1,'',NULL,'','','abcd@abcd.com','wouldbeusers',224),(494,13,77,'','2015-10-20 07:45:36','',-1,'',NULL,'','','abcd@abcd.com','wouldbeusers',224),(495,13,77,'','2015-10-20 07:45:45','',-1,'',NULL,'','','abcd@abcd.com','wouldbeusers',224),(496,13,82,'','2015-10-20 07:45:45','',-1,'',NULL,'','','abcd@abcd.com','wouldbeusers',224),(497,13,76,'','2015-10-20 07:45:45','',-1,'',NULL,'','','abcd@abcd.com','wouldbeusers',224),(498,13,83,'','2015-10-20 07:45:45','',-1,'',NULL,'','','abcd@abcd.com','wouldbeusers',224),(499,13,78,'','2015-10-20 07:45:45','',-1,'',NULL,'','','abcd@abcd.com','wouldbeusers',224),(500,13,79,'','2015-10-20 07:45:45','',-1,'',NULL,'','','abcd@abcd.com','wouldbeusers',224),(501,13,80,'','2015-10-20 07:45:46','',-1,'',NULL,'','','abcd@abcd.com','wouldbeusers',224),(502,13,82,'Cant say','2015-10-20 07:59:07','',-1,'',NULL,'','','fffff@ffffffff.fff','wouldbeusers',225),(503,13,77,'','2015-10-20 07:59:14','',-1,'',NULL,'','','fffff@ffffffff.fff','wouldbeusers',225),(504,13,77,'','2015-10-20 07:59:23','',-1,'',NULL,'','','fffff@ffffffff.fff','wouldbeusers',225),(505,13,81,'','2015-10-20 07:59:23','',-1,'',NULL,'','','fffff@ffffffff.fff','wouldbeusers',225),(506,13,79,'','2015-10-20 07:59:23','',-1,'',NULL,'','','fffff@ffffffff.fff','wouldbeusers',225),(507,13,76,'','2015-10-20 07:59:23','',-1,'',NULL,'','','fffff@ffffffff.fff','wouldbeusers',225),(508,13,78,'','2015-10-20 07:59:23','',-1,'',NULL,'','','fffff@ffffffff.fff','wouldbeusers',225),(509,13,83,'','2015-10-20 07:59:24','',-1,'',NULL,'','','fffff@ffffffff.fff','wouldbeusers',225),(510,13,80,'','2015-10-20 07:59:24','',-1,'',NULL,'','','fffff@ffffffff.fff','wouldbeusers',225),(511,13,82,'Cant say','2015-10-21 00:07:39','',-1,'',NULL,'','','abracadabra@yahoo.com','wouldbeusers',226),(512,13,79,'East India Company','2015-10-21 00:07:45','',-1,'',NULL,'','','abracadabra@yahoo.com','wouldbeusers',226),(513,13,78,'harami nehru','2015-10-21 00:07:52','',-1,'',NULL,'','','abracadabra@yahoo.com','wouldbeusers',226),(514,13,77,'','2015-10-21 00:08:27','',-1,'',NULL,'','','abracadabra@yahoo.com','wouldbeusers',226),(515,13,76,'','2015-10-21 00:08:35','',-1,'',NULL,'','','abracadabra@yahoo.com','wouldbeusers',226),(516,13,81,'','2015-10-21 00:08:35','',-1,'',NULL,'','','abracadabra@yahoo.com','wouldbeusers',226),(517,13,83,'','2015-10-21 00:08:35','',-1,'',NULL,'','','abracadabra@yahoo.com','wouldbeusers',226),(518,13,80,'','2015-10-21 00:08:35','',-1,'',NULL,'','','abracadabra@yahoo.com','wouldbeusers',226),(519,13,79,'East India Company','2015-10-21 23:53:02','',5,'',NULL,'','','uuuuu@uuuu.uuu','wouldbeusers',227),(520,13,82,'0.7','2015-10-21 23:53:06','',5,'',NULL,'','','uuuuu@uuuu.uuu','wouldbeusers',227),(521,13,78,'harami nehru','2015-10-21 23:53:47','',5,'',NULL,'','','uuuuu@uuuu.uuu','wouldbeusers',227),(522,13,76,'This is choice #4#||#This is choice #3','2015-10-21 23:53:55','',2.5,'',NULL,'','','uuuuu@uuuu.uuu','wouldbeusers',227),(523,13,81,'','2015-10-21 23:53:59','',5,'',NULL,'','','uuuuu@uuuu.uuu','wouldbeusers',227),(524,13,77,'','2015-10-21 23:53:59','',5,'',NULL,'','','uuuuu@uuuu.uuu','wouldbeusers',227),(525,13,83,'','2015-10-21 23:53:59','',0,'',NULL,'','','uuuuu@uuuu.uuu','wouldbeusers',227),(526,13,80,'','2015-10-21 23:53:59','',0,'',NULL,'','','uuuuu@uuuu.uuu','wouldbeusers',227),(527,13,80,'ddddddd','2015-10-22 00:02:48','',-1,'',NULL,'','','kukluxklan@kkk.co.in','wouldbeusers',228),(528,13,82,'Cant say','2015-10-22 00:02:55','',-1,'',NULL,'','','kukluxklan@kkk.co.in','wouldbeusers',228),(529,13,78,'','2015-10-22 00:03:16','',-1,'',NULL,'','','kukluxklan@kkk.co.in','wouldbeusers',228),(530,13,81,'','2015-10-22 00:03:16','',-1,'',NULL,'','','kukluxklan@kkk.co.in','wouldbeusers',228),(531,13,76,'','2015-10-22 00:03:16','',-1,'',NULL,'','','kukluxklan@kkk.co.in','wouldbeusers',228),(532,13,83,'','2015-10-22 00:03:16','',-1,'',NULL,'','','kukluxklan@kkk.co.in','wouldbeusers',228),(533,13,77,'','2015-10-22 00:03:16','',-1,'',NULL,'','','kukluxklan@kkk.co.in','wouldbeusers',228),(534,13,79,'','2015-10-22 00:03:16','',-1,'',NULL,'','','kukluxklan@kkk.co.in','wouldbeusers',228),(535,18,99,'none of the mentioned','2015-10-22 00:07:14','',-1,'',NULL,'','','kukluxklan@kkk.co.in','wouldbeusers',229),(536,18,103,'type ','2015-10-22 00:07:37','',-1,'',NULL,'','','kukluxklan@kkk.co.in','wouldbeusers',229),(537,18,102,'','2015-10-22 00:07:53','',-1,'',NULL,'','','kukluxklan@kkk.co.in','wouldbeusers',229),(538,18,102,'','2015-10-22 00:08:05','',-1,'',NULL,'','','kukluxklan@kkk.co.in','wouldbeusers',229),(539,18,102,'','2015-10-22 00:08:07','',-1,'',NULL,'','','kukluxklan@kkk.co.in','wouldbeusers',229),(540,18,102,'','2015-10-22 00:08:08','',-1,'',NULL,'','','kukluxklan@kkk.co.in','wouldbeusers',229),(541,18,102,'','2015-10-22 00:08:09','',-1,'',NULL,'','','kukluxklan@kkk.co.in','wouldbeusers',229),(542,18,102,'','2015-10-22 00:08:10','',-1,'',NULL,'','','kukluxklan@kkk.co.in','wouldbeusers',229),(543,18,102,'','2015-10-22 00:08:11','',-1,'',NULL,'','','kukluxklan@kkk.co.in','wouldbeusers',229),(544,18,102,'','2015-10-22 00:08:12','',-1,'',NULL,'','','kukluxklan@kkk.co.in','wouldbeusers',229),(545,18,102,'','2015-10-22 00:08:13','',-1,'',NULL,'','','kukluxklan@kkk.co.in','wouldbeusers',229),(546,18,102,'','2015-10-22 00:08:16','',-1,'',NULL,'','','kukluxklan@kkk.co.in','wouldbeusers',229),(547,18,102,'','2015-10-22 00:08:24','',-1,'',NULL,'','','kukluxklan@kkk.co.in','wouldbeusers',229),(548,18,102,'','2015-10-22 00:08:28','',-1,'',NULL,'','','kukluxklan@kkk.co.in','wouldbeusers',229),(549,18,102,'','2015-10-22 00:08:34','',-1,'',NULL,'','','kukluxklan@kkk.co.in','wouldbeusers',229),(550,18,102,'','2015-10-22 00:08:49','',-1,'',NULL,'','','kukluxklan@kkk.co.in','wouldbeusers',229),(551,18,103,'type ','2015-10-22 00:10:34','',-1,'',NULL,'','','kukluxklan@kkk.co.in','wouldbeusers',229),(552,18,102,'1 2 3','2015-10-22 00:10:40','',-1,'',NULL,'','','kukluxklan@kkk.co.in','wouldbeusers',229),(553,18,99,'','2015-10-22 00:11:17','',-1,'',NULL,'','','kukluxklan@kkk.co.in','wouldbeusers',229),(554,18,99,'','2015-10-22 00:11:20','',-1,'',NULL,'','','kukluxklan@kkk.co.in','wouldbeusers',229),(555,18,99,'','2015-10-22 00:11:22','',-1,'',NULL,'','','kukluxklan@kkk.co.in','wouldbeusers',229),(556,18,104,'1 2 3 4 5 6 7','2015-10-22 00:15:09','',-1,'',NULL,'','','neeraj.jain@fiitjee.com','wouldbeusers',230),(557,18,103,'type ','2015-10-22 00:15:20','',-1,'',NULL,'','','neeraj.jain@fiitjee.com','wouldbeusers',230),(558,18,99,'','2015-10-22 00:15:56','',-1,'',NULL,'','','neeraj.jain@fiitjee.com','wouldbeusers',230),(559,18,102,'','2015-10-22 00:15:56','',-1,'',NULL,'','','neeraj.jain@fiitjee.com','wouldbeusers',230),(560,18,100,'','2015-10-22 00:15:56','',-1,'',NULL,'','','neeraj.jain@fiitjee.com','wouldbeusers',230),(561,18,100,'','2015-10-22 00:16:04','',-1,'',NULL,'','','neeraj.jain@fiitjee.com','wouldbeusers',230),(562,18,100,'','2015-10-22 00:16:05','',-1,'',NULL,'','','neeraj.jain@fiitjee.com','wouldbeusers',230),(563,18,103,'type ','2015-10-22 00:19:47','',-1,'',NULL,'','','neeraj.jain@fiitjee.com','wouldbeusers',230),(564,18,99,'none of the mentioned','2015-10-22 00:19:50','',-1,'',NULL,'','','neeraj.jain@fiitjee.com','wouldbeusers',230),(565,18,100,'[','2015-10-22 00:25:12','',-1,'',NULL,'','','jainneeraj@live.com','wouldbeusers',231),(566,18,101,'4','2015-10-22 00:25:23','',-1,'',NULL,'','','jainneeraj@live.com','wouldbeusers',231),(567,18,104,'1 2 3 4 5 6 7','2015-10-22 00:26:27','',-1,'',NULL,'','','jainneeraj@live.com','wouldbeusers',231),(568,18,103,'type ','2015-10-22 00:26:39','',-1,'',NULL,'','','jainneeraj@live.com','wouldbeusers',231),(569,18,99,'','2015-10-22 00:27:05','',-1,'',NULL,'','','jainneeraj@live.com','wouldbeusers',231),(570,18,100,'','2015-10-22 00:27:05','',-1,'',NULL,'','','jainneeraj@live.com','wouldbeusers',231),(571,18,102,'','2015-10-22 00:27:05','',-1,'',NULL,'','','jainneeraj@live.com','wouldbeusers',231),(572,7,37,'','2015-10-24 01:25:32','',-1,'',NULL,'','','aaaa@aaaa.aaaa','wouldbeusers',237),(573,7,37,'','2015-10-24 02:10:00','',-1,'',NULL,'','','aaaa@aaaa.aaaa','wouldbeusers',237),(574,7,37,'','2015-10-24 02:10:02','',-1,'',NULL,'','','aaaa@aaaa.aaaa','wouldbeusers',237),(575,7,37,'','2015-10-24 02:10:03','',-1,'',NULL,'','','aaaa@aaaa.aaaa','wouldbeusers',237),(576,7,37,'','2015-10-24 02:10:04','',-1,'',NULL,'','','aaaa@aaaa.aaaa','wouldbeusers',237),(577,7,37,'','2015-10-24 02:10:05','',-1,'',NULL,'','','aaaa@aaaa.aaaa','wouldbeusers',237),(578,7,37,'','2015-10-24 02:10:05','',-1,'',NULL,'','','aaaa@aaaa.aaaa','wouldbeusers',237),(579,7,37,'','2015-10-24 02:10:06','',-1,'',NULL,'','','aaaa@aaaa.aaaa','wouldbeusers',237),(580,7,37,'','2015-10-24 02:10:07','',-1,'',NULL,'','','aaaa@aaaa.aaaa','wouldbeusers',237),(581,7,37,'','2015-10-24 02:10:07','',-1,'',NULL,'','','aaaa@aaaa.aaaa','wouldbeusers',237),(582,7,37,'','2015-10-24 02:10:08','',-1,'',NULL,'','','aaaa@aaaa.aaaa','wouldbeusers',237),(583,7,37,'','2015-10-24 02:10:08','',-1,'',NULL,'','','aaaa@aaaa.aaaa','wouldbeusers',237),(584,7,37,'','2015-10-24 02:10:09','',-1,'',NULL,'','','aaaa@aaaa.aaaa','wouldbeusers',237),(585,7,37,'','2015-10-24 02:10:09','',-1,'',NULL,'','','aaaa@aaaa.aaaa','wouldbeusers',237),(586,7,37,'','2015-10-24 02:10:10','',-1,'',NULL,'','','aaaa@aaaa.aaaa','wouldbeusers',237),(587,7,37,'','2015-10-24 02:10:14','',-1,'',NULL,'','','aaaa@aaaa.aaaa','wouldbeusers',237),(588,7,37,'','2015-10-24 02:10:14','',-1,'',NULL,'','','aaaa@aaaa.aaaa','wouldbeusers',237),(589,7,37,'','2015-10-24 02:10:15','',-1,'',NULL,'','','aaaa@aaaa.aaaa','wouldbeusers',237),(590,7,37,'','2015-10-24 02:10:15','',-1,'',NULL,'','','aaaa@aaaa.aaaa','wouldbeusers',237),(591,7,37,'','2015-10-24 02:10:15','',-1,'',NULL,'','','aaaa@aaaa.aaaa','wouldbeusers',237),(592,7,37,'','2015-10-24 02:10:15','',-1,'',NULL,'','','aaaa@aaaa.aaaa','wouldbeusers',237),(593,7,37,'','2015-10-24 02:10:15','',-1,'',NULL,'','','aaaa@aaaa.aaaa','wouldbeusers',237),(594,7,37,'','2015-10-24 02:10:15','',-1,'',NULL,'','','aaaa@aaaa.aaaa','wouldbeusers',237),(595,7,37,'','2015-10-24 02:10:16','',-1,'',NULL,'','','aaaa@aaaa.aaaa','wouldbeusers',237),(596,7,37,'','2015-10-24 02:10:16','',-1,'',NULL,'','','aaaa@aaaa.aaaa','wouldbeusers',237),(597,7,37,'','2015-10-24 02:10:16','',-1,'',NULL,'','','aaaa@aaaa.aaaa','wouldbeusers',237),(598,7,37,'','2015-10-24 02:10:16','',-1,'',NULL,'','','aaaa@aaaa.aaaa','wouldbeusers',237),(599,7,37,'','2015-10-24 02:10:16','',-1,'',NULL,'','','aaaa@aaaa.aaaa','wouldbeusers',237),(600,7,37,'','2015-10-24 02:10:17','',-1,'',NULL,'','','aaaa@aaaa.aaaa','wouldbeusers',237),(601,7,37,'','2015-10-24 02:10:17','',-1,'',NULL,'','','aaaa@aaaa.aaaa','wouldbeusers',237),(602,7,37,'','2015-10-24 02:10:17','',-1,'',NULL,'','','aaaa@aaaa.aaaa','wouldbeusers',237),(603,7,37,'','2015-10-24 02:10:17','',-1,'',NULL,'','','aaaa@aaaa.aaaa','wouldbeusers',237),(604,7,37,'','2015-10-24 02:10:17','',-1,'',NULL,'','','aaaa@aaaa.aaaa','wouldbeusers',237),(605,7,37,'','2015-10-24 02:10:17','',-1,'',NULL,'','','aaaa@aaaa.aaaa','wouldbeusers',237),(606,7,37,'','2015-10-24 02:10:18','',-1,'',NULL,'','','aaaa@aaaa.aaaa','wouldbeusers',237),(607,7,37,'','2015-10-24 02:10:18','',-1,'',NULL,'','','aaaa@aaaa.aaaa','wouldbeusers',237),(608,7,37,'','2015-10-24 02:10:18','',-1,'',NULL,'','','aaaa@aaaa.aaaa','wouldbeusers',237),(609,7,37,'','2015-10-24 02:10:18','',-1,'',NULL,'','','aaaa@aaaa.aaaa','wouldbeusers',237),(610,7,37,'','2015-10-24 02:10:18','',-1,'',NULL,'','','aaaa@aaaa.aaaa','wouldbeusers',237),(611,7,37,'','2015-10-24 02:10:19','',-1,'',NULL,'','','aaaa@aaaa.aaaa','wouldbeusers',237),(612,7,37,'','2015-10-24 02:10:19','',-1,'',NULL,'','','aaaa@aaaa.aaaa','wouldbeusers',237),(613,7,37,'','2015-10-24 02:10:19','',-1,'',NULL,'','','aaaa@aaaa.aaaa','wouldbeusers',237),(614,7,37,'','2015-10-24 02:10:19','',-1,'',NULL,'','','aaaa@aaaa.aaaa','wouldbeusers',237),(615,7,37,'','2015-10-24 02:10:19','',-1,'',NULL,'','','aaaa@aaaa.aaaa','wouldbeusers',237),(616,7,37,'','2015-10-24 02:10:19','',-1,'',NULL,'','','aaaa@aaaa.aaaa','wouldbeusers',237),(617,7,37,'','2015-10-24 02:10:20','',-1,'',NULL,'','','aaaa@aaaa.aaaa','wouldbeusers',237),(618,7,37,'','2015-10-24 02:10:20','',-1,'',NULL,'','','aaaa@aaaa.aaaa','wouldbeusers',237),(619,7,37,'','2015-10-24 02:10:20','',-1,'',NULL,'','','aaaa@aaaa.aaaa','wouldbeusers',237),(620,7,37,'','2015-10-24 02:10:20','',-1,'',NULL,'','','aaaa@aaaa.aaaa','wouldbeusers',237),(621,7,37,'','2015-10-24 02:10:20','',-1,'',NULL,'','','aaaa@aaaa.aaaa','wouldbeusers',237),(622,7,37,'','2015-10-24 02:10:21','',-1,'',NULL,'','','aaaa@aaaa.aaaa','wouldbeusers',237),(623,7,37,'','2015-10-24 02:10:21','',-1,'',NULL,'','','aaaa@aaaa.aaaa','wouldbeusers',237),(624,7,37,'','2015-10-24 02:10:21','',-1,'',NULL,'','','aaaa@aaaa.aaaa','wouldbeusers',237),(625,7,37,'','2015-10-24 02:10:21','',-1,'',NULL,'','','aaaa@aaaa.aaaa','wouldbeusers',237),(626,7,37,'','2015-10-24 02:10:21','',-1,'',NULL,'','','aaaa@aaaa.aaaa','wouldbeusers',237),(627,7,37,'','2015-10-24 02:10:22','',-1,'',NULL,'','','aaaa@aaaa.aaaa','wouldbeusers',237),(628,7,37,'','2015-10-24 02:10:22','',-1,'',NULL,'','','aaaa@aaaa.aaaa','wouldbeusers',237),(629,7,37,'','2015-10-24 02:10:22','',-1,'',NULL,'','','aaaa@aaaa.aaaa','wouldbeusers',237),(630,7,37,'','2015-10-24 02:10:22','',-1,'',NULL,'','','aaaa@aaaa.aaaa','wouldbeusers',237),(631,7,37,'','2015-10-24 02:10:22','',-1,'',NULL,'','','aaaa@aaaa.aaaa','wouldbeusers',237),(632,7,37,'','2015-10-24 02:10:22','',-1,'',NULL,'','','aaaa@aaaa.aaaa','wouldbeusers',237),(633,7,37,'','2015-10-24 02:10:23','',-1,'',NULL,'','','aaaa@aaaa.aaaa','wouldbeusers',237),(634,7,37,'','2015-10-24 02:10:23','',-1,'',NULL,'','','aaaa@aaaa.aaaa','wouldbeusers',237),(635,7,37,'','2015-10-24 02:10:23','',-1,'',NULL,'','','aaaa@aaaa.aaaa','wouldbeusers',237),(636,7,37,'','2015-10-24 02:10:23','',-1,'',NULL,'','','aaaa@aaaa.aaaa','wouldbeusers',237),(637,7,37,'','2015-10-24 02:10:23','',-1,'',NULL,'','','aaaa@aaaa.aaaa','wouldbeusers',237),(638,7,37,'','2015-10-24 02:10:24','',-1,'',NULL,'','','aaaa@aaaa.aaaa','wouldbeusers',237),(639,7,37,'','2015-10-24 02:10:24','',-1,'',NULL,'','','aaaa@aaaa.aaaa','wouldbeusers',237),(640,7,37,'','2015-10-24 02:10:24','',-1,'',NULL,'','','aaaa@aaaa.aaaa','wouldbeusers',237),(641,7,37,'','2015-10-24 02:10:24','',-1,'',NULL,'','','aaaa@aaaa.aaaa','wouldbeusers',237),(642,7,37,'','2015-10-24 02:10:24','',-1,'',NULL,'','','aaaa@aaaa.aaaa','wouldbeusers',237),(643,7,37,'','2015-10-24 02:10:24','',-1,'',NULL,'','','aaaa@aaaa.aaaa','wouldbeusers',237),(644,7,37,'','2015-10-24 02:10:25','',-1,'',NULL,'','','aaaa@aaaa.aaaa','wouldbeusers',237),(645,7,37,'','2015-10-24 02:10:25','',-1,'',NULL,'','','aaaa@aaaa.aaaa','wouldbeusers',237),(646,7,37,'','2015-10-24 02:10:25','',-1,'',NULL,'','','aaaa@aaaa.aaaa','wouldbeusers',237),(647,7,37,'','2015-10-24 02:10:25','',-1,'',NULL,'','','aaaa@aaaa.aaaa','wouldbeusers',237),(648,7,37,'','2015-10-24 02:10:25','',-1,'',NULL,'','','aaaa@aaaa.aaaa','wouldbeusers',237),(649,7,37,'','2015-10-24 02:10:26','',-1,'',NULL,'','','aaaa@aaaa.aaaa','wouldbeusers',237),(650,7,37,'','2015-10-24 02:10:26','',-1,'',NULL,'','','aaaa@aaaa.aaaa','wouldbeusers',237),(651,7,37,'','2015-10-24 02:10:26','',-1,'',NULL,'','','aaaa@aaaa.aaaa','wouldbeusers',237),(652,7,37,'','2015-10-24 02:10:26','',-1,'',NULL,'','','aaaa@aaaa.aaaa','wouldbeusers',237),(653,7,37,'','2015-10-24 02:10:26','',-1,'',NULL,'','','aaaa@aaaa.aaaa','wouldbeusers',237),(654,7,37,'','2015-10-24 02:10:26','',-1,'',NULL,'','','aaaa@aaaa.aaaa','wouldbeusers',237),(655,7,37,'','2015-10-24 02:10:27','',-1,'',NULL,'','','aaaa@aaaa.aaaa','wouldbeusers',237),(656,7,37,'','2015-10-24 02:10:27','',-1,'',NULL,'','','aaaa@aaaa.aaaa','wouldbeusers',237),(657,7,37,'','2015-10-24 02:10:27','',-1,'',NULL,'','','aaaa@aaaa.aaaa','wouldbeusers',237),(658,7,37,'','2015-10-24 02:10:27','',-1,'',NULL,'','','aaaa@aaaa.aaaa','wouldbeusers',237),(659,7,37,'','2015-10-24 02:10:27','',-1,'',NULL,'','','aaaa@aaaa.aaaa','wouldbeusers',237),(660,7,37,'','2015-10-24 02:10:28','',-1,'',NULL,'','','aaaa@aaaa.aaaa','wouldbeusers',237),(661,7,37,'','2015-10-24 02:10:28','',-1,'',NULL,'','','aaaa@aaaa.aaaa','wouldbeusers',237),(662,7,37,'','2015-10-24 02:10:28','',-1,'',NULL,'','','aaaa@aaaa.aaaa','wouldbeusers',237),(663,7,37,'','2015-10-24 02:10:28','',-1,'',NULL,'','','aaaa@aaaa.aaaa','wouldbeusers',237),(664,7,37,'','2015-10-24 02:10:28','',-1,'',NULL,'','','aaaa@aaaa.aaaa','wouldbeusers',237),(665,7,37,'','2015-10-24 02:10:28','',-1,'',NULL,'','','aaaa@aaaa.aaaa','wouldbeusers',237),(666,7,37,'','2015-10-24 02:10:29','',-1,'',NULL,'','','aaaa@aaaa.aaaa','wouldbeusers',237),(667,7,37,'','2015-10-24 02:10:29','',-1,'',NULL,'','','aaaa@aaaa.aaaa','wouldbeusers',237),(668,7,37,'','2015-10-24 02:10:29','',-1,'',NULL,'','','aaaa@aaaa.aaaa','wouldbeusers',237),(669,7,37,'','2015-10-24 02:10:29','',-1,'',NULL,'','','aaaa@aaaa.aaaa','wouldbeusers',237),(670,7,37,'','2015-10-24 02:10:29','',-1,'',NULL,'','','aaaa@aaaa.aaaa','wouldbeusers',237),(671,7,37,'','2015-10-24 02:10:30','',-1,'',NULL,'','','aaaa@aaaa.aaaa','wouldbeusers',237),(672,7,37,'','2015-10-24 02:10:30','',-1,'',NULL,'','','aaaa@aaaa.aaaa','wouldbeusers',237),(673,7,37,'','2015-10-24 02:10:30','',-1,'',NULL,'','','aaaa@aaaa.aaaa','wouldbeusers',237),(674,7,37,'','2015-10-24 02:10:30','',-1,'',NULL,'','','aaaa@aaaa.aaaa','wouldbeusers',237),(675,7,37,'','2015-10-24 02:10:30','',-1,'',NULL,'','','aaaa@aaaa.aaaa','wouldbeusers',237),(676,7,37,'','2015-10-24 02:10:31','',-1,'',NULL,'','','aaaa@aaaa.aaaa','wouldbeusers',237),(677,7,37,'','2015-10-24 02:12:23','',-1,'',NULL,'','','aaaa@aaaa.aaaa','wouldbeusers',237),(678,7,37,'','2015-10-24 02:12:23','',-1,'',NULL,'','','aaaa@aaaa.aaaa','wouldbeusers',237),(679,7,37,'','2015-10-24 02:12:23','',-1,'',NULL,'','','aaaa@aaaa.aaaa','wouldbeusers',237),(680,7,37,'','2015-10-24 02:12:23','',-1,'',NULL,'','','aaaa@aaaa.aaaa','wouldbeusers',237),(681,7,37,'','2015-10-24 02:12:24','',-1,'',NULL,'','','aaaa@aaaa.aaaa','wouldbeusers',237),(682,7,37,'','2015-10-24 02:12:24','',-1,'',NULL,'','','aaaa@aaaa.aaaa','wouldbeusers',237),(683,7,37,'','2015-10-24 02:12:24','',-1,'',NULL,'','','aaaa@aaaa.aaaa','wouldbeusers',237),(684,7,37,'','2015-10-24 02:12:24','',-1,'',NULL,'','','aaaa@aaaa.aaaa','wouldbeusers',237),(685,7,37,'','2015-10-24 02:12:24','',-1,'',NULL,'','','aaaa@aaaa.aaaa','wouldbeusers',237),(686,7,37,'','2015-10-24 02:12:25','',-1,'',NULL,'','','aaaa@aaaa.aaaa','wouldbeusers',237),(687,7,37,'','2015-10-24 02:12:25','',-1,'',NULL,'','','aaaa@aaaa.aaaa','wouldbeusers',237),(688,7,37,'','2015-10-24 02:12:25','',-1,'',NULL,'','','aaaa@aaaa.aaaa','wouldbeusers',237),(689,7,37,'','2015-10-24 02:12:25','',-1,'',NULL,'','','aaaa@aaaa.aaaa','wouldbeusers',237),(690,7,37,'','2015-10-24 02:12:26','',-1,'',NULL,'','','aaaa@aaaa.aaaa','wouldbeusers',237),(691,7,37,'','2015-10-24 02:12:26','',-1,'',NULL,'','','aaaa@aaaa.aaaa','wouldbeusers',237),(692,7,37,'','2015-10-24 02:12:26','',-1,'',NULL,'','','aaaa@aaaa.aaaa','wouldbeusers',237),(693,7,37,'','2015-10-24 02:12:26','',-1,'',NULL,'','','aaaa@aaaa.aaaa','wouldbeusers',237),(694,7,37,'','2015-10-24 02:12:27','',-1,'',NULL,'','','aaaa@aaaa.aaaa','wouldbeusers',237),(695,7,37,'','2015-10-24 02:12:27','',-1,'',NULL,'','','aaaa@aaaa.aaaa','wouldbeusers',237),(696,7,37,'','2015-10-24 02:12:27','',-1,'',NULL,'','','aaaa@aaaa.aaaa','wouldbeusers',237),(697,7,37,'','2015-10-24 02:12:27','',-1,'',NULL,'','','aaaa@aaaa.aaaa','wouldbeusers',237),(698,7,37,'','2015-10-24 02:12:27','',-1,'',NULL,'','','aaaa@aaaa.aaaa','wouldbeusers',237),(699,7,37,'','2015-10-24 02:12:28','',-1,'',NULL,'','','aaaa@aaaa.aaaa','wouldbeusers',237),(700,7,37,'','2015-10-24 02:12:28','',-1,'',NULL,'','','aaaa@aaaa.aaaa','wouldbeusers',237),(701,7,37,'','2015-10-24 02:12:28','',-1,'',NULL,'','','aaaa@aaaa.aaaa','wouldbeusers',237),(702,7,37,'','2015-10-24 02:12:29','',-1,'',NULL,'','','aaaa@aaaa.aaaa','wouldbeusers',237),(703,7,37,'','2015-10-24 02:12:30','',-1,'',NULL,'','','aaaa@aaaa.aaaa','wouldbeusers',237),(704,7,37,'','2015-10-24 02:12:31','',-1,'',NULL,'','','aaaa@aaaa.aaaa','wouldbeusers',237),(705,7,37,'','2015-10-24 02:12:32','',-1,'',NULL,'','','aaaa@aaaa.aaaa','wouldbeusers',237),(706,7,37,'','2015-10-24 02:12:32','',-1,'',NULL,'','','aaaa@aaaa.aaaa','wouldbeusers',237),(707,7,37,'','2015-10-24 02:12:32','',-1,'',NULL,'','','aaaa@aaaa.aaaa','wouldbeusers',237),(708,7,37,'','2015-10-24 02:12:33','',-1,'',NULL,'','','aaaa@aaaa.aaaa','wouldbeusers',237),(709,7,37,'','2015-10-24 02:12:33','',-1,'',NULL,'','','aaaa@aaaa.aaaa','wouldbeusers',237),(710,7,37,'','2015-10-24 02:12:33','',-1,'',NULL,'','','aaaa@aaaa.aaaa','wouldbeusers',237),(711,7,37,'','2015-10-24 02:12:33','',-1,'',NULL,'','','aaaa@aaaa.aaaa','wouldbeusers',237),(712,7,37,'','2015-10-24 02:12:33','',-1,'',NULL,'','','aaaa@aaaa.aaaa','wouldbeusers',237),(713,7,37,'','2015-10-24 02:12:34','',-1,'',NULL,'','','aaaa@aaaa.aaaa','wouldbeusers',237),(714,7,37,'','2015-10-24 02:12:34','',-1,'',NULL,'','','aaaa@aaaa.aaaa','wouldbeusers',237),(715,7,37,'','2015-10-24 02:12:36','',-1,'',NULL,'','','aaaa@aaaa.aaaa','wouldbeusers',237),(716,7,34,'','2015-10-24 02:12:50','',-1,'',NULL,'','','aaaa@aaaa.aaaa','wouldbeusers',237),(717,7,34,'','2015-10-24 02:12:50','',-1,'',NULL,'','','aaaa@aaaa.aaaa','wouldbeusers',237),(718,7,34,'','2015-10-24 02:12:50','',-1,'',NULL,'','','aaaa@aaaa.aaaa','wouldbeusers',237),(719,7,34,'','2015-10-24 02:12:50','',-1,'',NULL,'','','aaaa@aaaa.aaaa','wouldbeusers',237),(720,7,34,'','2015-10-24 02:12:51','',-1,'',NULL,'','','aaaa@aaaa.aaaa','wouldbeusers',237),(721,7,34,'','2015-10-24 02:12:51','',-1,'',NULL,'','','aaaa@aaaa.aaaa','wouldbeusers',237),(722,7,34,'','2015-10-24 02:12:51','',-1,'',NULL,'','','aaaa@aaaa.aaaa','wouldbeusers',237),(723,7,34,'','2015-10-24 02:12:51','',-1,'',NULL,'','','aaaa@aaaa.aaaa','wouldbeusers',237),(724,7,34,'','2015-10-24 02:12:52','',-1,'',NULL,'','','aaaa@aaaa.aaaa','wouldbeusers',237),(725,7,34,'','2015-10-24 02:12:52','',-1,'',NULL,'','','aaaa@aaaa.aaaa','wouldbeusers',237),(726,7,34,'','2015-10-24 02:12:52','',-1,'',NULL,'','','aaaa@aaaa.aaaa','wouldbeusers',237),(727,7,34,'','2015-10-24 02:12:52','',-1,'',NULL,'','','aaaa@aaaa.aaaa','wouldbeusers',237),(728,7,34,'','2015-10-24 02:12:53','',-1,'',NULL,'','','aaaa@aaaa.aaaa','wouldbeusers',237),(729,7,34,'','2015-10-24 02:12:53','',-1,'',NULL,'','','aaaa@aaaa.aaaa','wouldbeusers',237),(730,7,34,'','2015-10-24 02:12:53','',-1,'',NULL,'','','aaaa@aaaa.aaaa','wouldbeusers',237),(731,7,34,'','2015-10-24 02:12:53','',-1,'',NULL,'','','aaaa@aaaa.aaaa','wouldbeusers',237),(732,7,34,'','2015-10-24 02:12:54','',-1,'',NULL,'','','aaaa@aaaa.aaaa','wouldbeusers',237),(733,7,34,'','2015-10-24 02:12:54','',-1,'',NULL,'','','aaaa@aaaa.aaaa','wouldbeusers',237),(734,7,34,'','2015-10-24 02:12:54','',-1,'',NULL,'','','aaaa@aaaa.aaaa','wouldbeusers',237),(735,7,34,'','2015-10-24 02:12:54','',-1,'',NULL,'','','aaaa@aaaa.aaaa','wouldbeusers',237),(736,7,34,'','2015-10-24 02:12:55','',-1,'',NULL,'','','aaaa@aaaa.aaaa','wouldbeusers',237),(737,7,34,'','2015-10-24 02:12:55','',-1,'',NULL,'','','aaaa@aaaa.aaaa','wouldbeusers',237),(738,7,34,'','2015-10-24 02:18:41','',-1,'',NULL,'','','aaaa@aaaa.aaaa','wouldbeusers',237),(739,7,34,'','2015-10-24 02:18:42','',-1,'',NULL,'','','aaaa@aaaa.aaaa','wouldbeusers',237),(740,7,34,'','2015-10-24 02:18:42','',-1,'',NULL,'','','aaaa@aaaa.aaaa','wouldbeusers',237),(741,7,34,'','2015-10-24 02:18:42','',-1,'',NULL,'','','aaaa@aaaa.aaaa','wouldbeusers',237),(742,7,34,'','2015-10-24 02:18:43','',-1,'',NULL,'','','aaaa@aaaa.aaaa','wouldbeusers',237),(743,7,34,'','2015-10-24 02:18:43','',-1,'',NULL,'','','aaaa@aaaa.aaaa','wouldbeusers',237),(744,7,34,'','2015-10-24 02:18:43','',-1,'',NULL,'','','aaaa@aaaa.aaaa','wouldbeusers',237),(745,7,34,'','2015-10-24 02:18:44','',-1,'',NULL,'','','aaaa@aaaa.aaaa','wouldbeusers',237),(746,7,34,'','2015-10-24 02:18:44','',-1,'',NULL,'','','aaaa@aaaa.aaaa','wouldbeusers',237),(747,7,34,'','2015-10-24 02:18:44','',-1,'',NULL,'','','aaaa@aaaa.aaaa','wouldbeusers',237),(748,7,34,'','2015-10-24 02:18:45','',-1,'',NULL,'','','aaaa@aaaa.aaaa','wouldbeusers',237),(749,7,34,'','2015-10-24 02:18:45','',-1,'',NULL,'','','aaaa@aaaa.aaaa','wouldbeusers',237),(750,7,34,'','2015-10-24 02:18:46','',-1,'',NULL,'','','aaaa@aaaa.aaaa','wouldbeusers',237),(751,7,34,'','2015-10-24 02:18:47','',-1,'',NULL,'','','aaaa@aaaa.aaaa','wouldbeusers',237),(752,7,34,'','2015-10-24 02:18:48','',-1,'',NULL,'','','aaaa@aaaa.aaaa','wouldbeusers',237),(753,7,34,'','2015-10-24 02:18:48','',-1,'',NULL,'','','aaaa@aaaa.aaaa','wouldbeusers',237),(754,7,34,'','2015-10-24 02:18:49','',-1,'',NULL,'','','aaaa@aaaa.aaaa','wouldbeusers',237),(755,7,34,'','2015-10-24 02:18:49','',-1,'',NULL,'','','aaaa@aaaa.aaaa','wouldbeusers',237),(756,7,34,'','2015-10-24 02:18:50','',-1,'',NULL,'','','aaaa@aaaa.aaaa','wouldbeusers',237),(757,7,34,'','2015-10-24 02:18:50','',-1,'',NULL,'','','aaaa@aaaa.aaaa','wouldbeusers',237),(758,7,34,'','2015-10-24 02:18:50','',-1,'',NULL,'','','aaaa@aaaa.aaaa','wouldbeusers',237),(759,7,34,'','2015-10-24 02:18:52','',-1,'',NULL,'','','aaaa@aaaa.aaaa','wouldbeusers',237),(760,7,37,'','2015-10-24 02:19:33','',-1,'',NULL,'','','aaaa@aaaa.aaaa','wouldbeusers',237),(761,7,33,'','2015-10-24 02:19:36','',-1,'',NULL,'','','aaaa@aaaa.aaaa','wouldbeusers',237),(762,7,36,'','2015-10-24 02:19:37','',-1,'',NULL,'','','aaaa@aaaa.aaaa','wouldbeusers',237),(763,7,35,'','2015-10-24 02:19:39','',-1,'',NULL,'','','aaaa@aaaa.aaaa','wouldbeusers',237),(764,7,36,'','2015-10-24 02:28:10','',-1,'',NULL,'','','cccc@cccc.ccc','wouldbeusers',238),(765,7,37,'hello - this is my answer to the above question... blah blah blah...','2015-10-24 02:31:13','',-1,'',NULL,'','','cccc@cccc.ccc','wouldbeusers',238),(766,7,33,'','2015-10-24 02:35:15','',-1,'',NULL,'','','cccc@cccc.ccc','wouldbeusers',238),(767,7,35,'','2015-10-24 02:48:05','',-1,'',NULL,'','','cccc@cccc.ccc','wouldbeusers',238),(768,7,34,'','2015-10-24 03:17:15','',-1,'',NULL,'','','cccc@cccc.ccc','wouldbeusers',238),(769,7,35,'','2015-10-24 03:22:15','',-1,'',NULL,'','','cccc@cccc.ccc','wouldbeusers',238),(770,7,36,'','2015-10-24 05:45:53','',-1,'',NULL,'','','dddd@dddd.ddd','wouldbeusers',239),(771,7,35,'','2015-10-24 05:50:53','',-1,'',NULL,'','','dddd@dddd.ddd','wouldbeusers',239),(772,7,37,'','2015-10-24 05:53:53','',-1,'',NULL,'','','dddd@dddd.ddd','wouldbeusers',239),(773,7,34,'','2015-10-24 05:57:53','',-1,'',NULL,'','','dddd@dddd.ddd','wouldbeusers',239),(774,7,33,'THis is a response to challenge #1','2015-10-24 06:13:55','',-1,'',NULL,'','','dddd@dddd.ddd','wouldbeusers',239),(775,7,35,'','2015-10-24 06:18:55','',-1,'',NULL,'','','dddd@dddd.ddd','wouldbeusers',239),(776,7,37,'','2015-10-24 06:30:25','',-1,'',NULL,'','','dddd@dddd.ddd','wouldbeusers',239),(777,7,34,'','2015-10-24 06:34:37','',-1,'',NULL,'','','dddd@dddd.ddd','wouldbeusers',239),(778,7,34,'','2015-10-24 06:37:03','',-1,'',NULL,'','','dddd@dddd.ddd','wouldbeusers',239),(779,7,34,'','2015-10-24 06:37:13','',-1,'',NULL,'','','dddd@dddd.ddd','wouldbeusers',239),(780,7,37,'','2015-10-24 07:26:42','',-1,'',NULL,'','','dddd@dddd.ddd','wouldbeusers',239),(781,7,37,'','2015-10-24 07:28:50','',-1,'',NULL,'','','dddd@dddd.ddd','wouldbeusers',239),(782,7,33,'','2015-10-24 07:29:11','',-1,'',NULL,'','','dddd@dddd.ddd','wouldbeusers',239),(783,7,37,'','2015-10-24 07:34:23','',-1,'',NULL,'','','dddd@dddd.ddd','wouldbeusers',239),(784,7,33,'Hello there! here is my response to your dummy question.','2015-10-24 09:10:42','',-1,'',NULL,'','','gggg@gggg.ggg','wouldbeusers',241),(785,7,36,'','2015-10-24 13:00:25','',-1,'',NULL,'','','gggg@gggg.ggg','wouldbeusers',241),(786,7,35,'hello there!','2015-10-24 13:08:39','',-1,'',NULL,'','','gggg@gggg.ggg','wouldbeusers',241),(787,7,37,'dddddd','2015-10-24 13:10:01','',-1,'',NULL,'','','gggg@gggg.ggg','wouldbeusers',241),(788,7,34,'','2015-10-24 13:19:07','',-1,'',NULL,'','','gggg@gggg.ggg','wouldbeusers',241),(789,7,34,'','2015-10-24 13:19:07','',-1,'',NULL,'','','gggg@gggg.ggg','wouldbeusers',241),(790,8,39,'dddddddddd','2015-10-26 23:17:30','',-1,'',NULL,'','','aaa@aaaa.aaa','wouldbeusers',243),(791,8,73,'','2015-10-26 23:19:30','',-1,'',NULL,'','','aaa@aaaa.aaa','wouldbeusers',243),(792,8,75,'all of the above','2015-10-26 23:20:26','',-1,'',NULL,'','','aaa@aaaa.aaa','wouldbeusers',243),(793,8,74,'Option #4','2015-10-26 23:30:35','',-1,'',NULL,'','','bbb@bbbb.bbb','wouldbeusers',244),(794,8,73,'Option #4#||#Option #2','2015-10-26 23:31:56','',-1,'',NULL,'','','bbb@bbbb.bbb','wouldbeusers',244),(795,8,74,'Option #4','2015-10-27 00:08:29','',-1,'',NULL,'','','ccc@cccc.ccc','wouldbeusers',245),(796,8,73,'Option #6#||#Option #3','2015-10-27 00:24:25','',-1,'',NULL,'','','dddd@dddd.ddd','wouldbeusers',246),(797,8,73,'Option #1#||#Option #2','2015-10-27 00:39:44','',-1,'',NULL,'','','dddd@dddd.ddd','wouldbeusers',246),(798,8,75,'Option #4','2015-10-27 00:42:11','',-1,'',NULL,'','','dddd@dddd.ddd','wouldbeusers',246),(799,8,39,'vvvvvvvvvv','2015-10-27 00:53:00','',-1,'',NULL,'','','dddd@dddd.ddd','wouldbeusers',246),(800,8,39,'ddddddddddddddd','2015-10-27 00:58:19','',-1,'',NULL,'','','dddd@dddd.ddd','wouldbeusers',246),(801,8,39,'ggggggggggg','2015-10-27 01:19:07','',-1,'',NULL,'','','eee@eeee.eee','wouldbeusers',247),(802,8,75,'Option #4','2015-10-27 01:21:21','',-1,'',NULL,'','','eee@eeee.eee','wouldbeusers',247),(803,8,74,'','2015-10-27 01:23:21','',-1,'',NULL,'','','eee@eeee.eee','wouldbeusers',247),(804,8,74,'Option #4','2015-10-27 03:15:26','',-1,'',NULL,'','','eee@eeee.eee','wouldbeusers',247),(805,8,74,'Option #4','2015-10-27 03:16:51','',-1,'',NULL,'','','eee@eeee.eee','wouldbeusers',247),(806,7,37,'dddddddddddd','2015-10-27 23:25:02','',-1,'',NULL,'','','hhhhh@hhhhh.hhh','wouldbeusers',249),(807,7,33,'vvvvvvvvvvvvv','2015-10-27 23:32:24','',-1,'',NULL,'','','hhhhh@hhhhh.hhh','wouldbeusers',249),(808,7,34,'dddddddddddd','2015-10-27 23:41:07','',-1,'',NULL,'','','hhhhh@hhhhh.hhh','wouldbeusers',249),(809,7,34,'dddddddddd','2015-10-27 23:50:55','',-1,'',NULL,'','','hhhhh@hhhhh.hhh','wouldbeusers',249),(810,2,6,'$var','2015-10-28 02:14:03','',-1,'',NULL,'','','fffff@fffff.net.in','wouldbeusers',251),(811,2,15,'','2015-10-28 02:38:09','',-1,'',NULL,'','','fffff@fffff.net.in','wouldbeusers',251),(812,2,38,'Hi#||#hello','2015-10-28 02:38:59','',-1,'',NULL,'','','fffff@fffff.net.in','wouldbeusers',251),(813,2,6,'$var','2015-10-28 02:41:04','',-1,'',NULL,'','','fffff@fffff.net.in','wouldbeusers',251),(814,2,3,'sssssss','2015-10-28 02:42:13','',-1,'',NULL,'','','fffff@fffff.net.in','wouldbeusers',251),(815,2,15,'ffffffffffff','2015-10-28 02:43:39','',-1,'',NULL,'','','fffff@fffff.net.in','wouldbeusers',251),(816,2,4,'LWP::UserAgent','2015-10-28 03:20:31','',-1,'',NULL,'','','fffff@fffff.net.in','wouldbeusers',251),(817,2,6,'$var','2015-10-28 03:25:43','',-1,'',NULL,'','','fffff@fffff.net.in','wouldbeusers',251),(818,2,5,'keys(d)','2015-10-28 03:47:58','',-1,'',NULL,'','','fffff@fffff.net.in','wouldbeusers',251),(819,2,4,'LWP::UserAgent','2015-10-28 03:49:25','',-1,'',NULL,'','','fffff@fffff.net.in','wouldbeusers',251),(820,2,3,'dddddddddd','2015-10-28 03:52:30','',-1,'',NULL,'','','fffff@fffff.net.in','wouldbeusers',251),(821,11,56,'Because I find similarly skilled individuals easier from the groups#||#Because it makes my life easier with recruiting skilled individuals','2015-10-28 08:23:48','',-1,'',NULL,'','','aaaaa@aaaa.co.in','wouldbeusers',258),(822,11,53,'Because a TestYard test can be used as a skills filtering layer#||#Because the score from a TestYard test can be shared across a group with a looking for similar skills','2015-10-28 08:24:12','',-1,'',NULL,'','','aaaaa@aaaa.co.in','wouldbeusers',258),(823,11,54,'fffffffff','2015-10-28 08:24:19','',-1,'',NULL,'','','aaaaa@aaaa.co.in','wouldbeusers',258),(824,11,55,'wwwwwww','2015-10-28 08:24:24','',-1,'',NULL,'','','aaaaa@aaaa.co.in','wouldbeusers',258),(825,11,53,'Because a TestYard test can be used as a skills filtering layer#||#Because the score from a TestYard test can be shared across a group with a looking for similar skills','2015-10-30 00:12:30','',-1,'',NULL,'','','uuuuu@uuuu.uuu','wouldbeusers',262),(826,11,53,'Because a TestYard test can be used as a skills filtering layer#||#Because the score from a TestYard test can be shared across a group with a looking for similar skills','2015-10-30 01:03:18','',-1,'',NULL,'','','ppppp@ppppp.ppp','wouldbeusers',266),(827,11,56,'Because I find similarly skilled individuals easier from the groups#||#Because it makes my life easier with recruiting skilled individuals','2015-10-30 01:20:52','',-1,'',NULL,'','','mmmmmmm@mmmmmm.mmm','wouldbeusers',267),(828,11,54,'vvvvvvvvvvvvvvvv','2015-10-30 01:51:27','',-1,'',NULL,'','','ggggggg@gggggg.ggg','wouldbeusers',268),(829,11,54,'DDDDDDDDDDDDD ddddddddddddddddddddd','2015-10-30 02:15:05','',-1,'',NULL,'','','hhhhhhh@hhhhhh.hhh','wouldbeusers',269),(830,11,52,'','2015-10-30 04:42:23','',-1,'',NULL,'','','zxzxzx@zxzxzx.com','wouldbeusers',270),(831,14,107,'hjhhkjh jhkklk','2015-10-30 06:58:27','',-1,'',NULL,'','','aaaaaa@aaaaaaa.aaa','wouldbeusers',272),(832,14,89,'choice #4#||#choice #2','2015-10-30 07:48:22','',-1,'',NULL,'','','bbbb@bbbb.bbb','wouldbeusers',273),(833,14,105,'sdsdsdsc','2015-10-30 07:58:11','',-1,'',NULL,'','','bbbb@bbbb.bbb','wouldbeusers',273),(834,14,89,'choice #4#||#choice #3','2015-10-30 08:05:42','',-1,'',NULL,'','','bbbb@bbbb.bbb','wouldbeusers',273),(835,14,108,'Die will print a message to the std err, then exit with a non-zero return code. ','2015-10-30 08:19:44','',-1,'',NULL,'','','bbbb@bbbb.bbb','wouldbeusers',273),(836,14,108,'Die will print a message to the std err, then exit with a non-zero return code. ','2015-10-30 09:57:37','',-1,'',NULL,'','','cccccc@ccccc.cccc','wouldbeusers',274),(837,14,87,'North America','2015-10-30 10:20:51','',-1,'',NULL,'','','cccccc@ccccc.cccc','wouldbeusers',274),(838,14,90,'zxzxzx zzdaadada','2015-10-30 10:42:56','',-1,'',NULL,'','','cccccc@ccccc.cccc','wouldbeusers',274),(839,14,109,'chomp removes the line end character at the end of the string (if any such character exists)','2015-10-30 10:57:15','',-1,'',NULL,'','','cccccc@ccccc.cccc','wouldbeusers',274),(841,14,108,'Die will print a message to the std err, then exit with a non-zero return code. ','2015-10-30 12:21:28','',-1,'',NULL,'','','dddd@ddddd.dddd','wouldbeusers',275),(842,14,84,'dsdsds dsdsd sdsdsd','2015-10-30 12:42:43','',-1,'',NULL,'','','dddd@ddddd.dddd','wouldbeusers',275),(843,14,84,'fdfdfd dffdfd ','2015-10-30 13:37:39','',-1,'',NULL,'','','eeeeee@eeeee.eee','wouldbeusers',276),(844,14,87,'North America','2015-10-30 13:52:43','',-1,'',NULL,'','','eeeeee@eeeee.eee','wouldbeusers',276),(845,14,108,'Die will print a message to the std err, then exit with a non-zero return code. ','2015-10-30 14:34:43','',-1,'',NULL,'','','ffffff@ffff.fff','wouldbeusers',277),(846,14,108,'Die will print a message to the std err, then exit with a non-zero return code. ','2015-10-30 14:42:39','',-1,'',NULL,'','','ffffff@ffff.fff','wouldbeusers',277),(847,14,87,'North America','2015-10-30 14:44:45','',-1,'',NULL,'','','ffffff@ffff.fff','wouldbeusers',277),(848,14,107,'aaa ssqq','2015-10-30 15:08:31','',-1,'',NULL,'','','ffffff@ffff.fff','wouldbeusers',277),(849,14,105,'dssds sdsdd dsd dsddsds','2015-10-30 15:24:11','',-1,'',NULL,'','','ffffff@ffff.fff','wouldbeusers',277),(850,14,84,'scsc sdsdsd','2015-10-30 16:10:40','',-1,'',NULL,'','','ggggg@ggggg.ggg','wouldbeusers',278),(851,14,106,'Call a method on an object or package','2015-10-30 17:30:01','',-1,'',NULL,'','','ggggg@ggggg.ggg','wouldbeusers',278),(852,14,108,'Die will print a message to the std err, then exit with a non-zero return code. ','2015-10-30 18:21:27','',-1,'',NULL,'','','iiiiiiiii@iiiiiiii.iii','wouldbeusers',280),(853,14,90,'sdsd sdsdsd ','2015-10-30 19:02:20','',-1,'',NULL,'','','iiiiiiiii@iiiiiiii.iii','wouldbeusers',280),(854,14,107,'sdsdsd asasa','2015-10-30 19:32:51','',-1,'',NULL,'','','iiiiiiiii@iiiiiiii.iii','wouldbeusers',280),(855,14,90,'cscccscs sddsd dssd','2015-10-30 20:12:06','',-1,'',NULL,'','','iiiiiiiii@iiiiiiii.iii','wouldbeusers',280),(856,14,109,'chomp removes the line end character at the end of the string (if any such character exists)','2015-11-02 22:56:40','',-1,'',NULL,'','','lllll@lllll.lll','wouldbeusers',283),(857,14,107,'cdcdcddcdc','2015-11-04 23:15:34','',-1,'',NULL,'','','nnnnnn@nnnnn.nnn','wouldbeusers',285),(858,14,89,'choice #4#||#choice #3','2015-11-04 23:19:05','',-1,'',NULL,'','','nnnnnn@nnnnn.nnn','wouldbeusers',285),(859,14,107,'sdsdsaasd sdsads','2015-11-04 23:22:53','',-1,'',NULL,'','','nnnnnn@nnnnn.nnn','wouldbeusers',285),(860,14,88,'','2015-11-04 23:24:53','',-1,'',NULL,'','','nnnnnn@nnnnn.nnn','wouldbeusers',285),(861,14,106,'','2015-11-04 23:26:53','',-1,'',NULL,'','','nnnnnn@nnnnn.nnn','wouldbeusers',285),(862,14,108,'Die will print a message to the std err, then exit with a non-zero return code. ','2015-11-04 23:29:51','',-1,'',NULL,'','','nnnnnn@nnnnn.nnn','wouldbeusers',285),(863,14,107,'xsdxasczc sdsd','2015-11-04 23:55:50','',-1,'',NULL,'','','nnnnnn@nnnnn.nnn','wouldbeusers',285),(864,14,108,'Die will print a message to the std err, then exit with a non-zero return code. ','2015-11-04 23:57:38','',-1,'',NULL,'','','nnnnnn@nnnnn.nnn','wouldbeusers',285),(865,14,87,'North America','2015-11-04 23:57:53','',-1,'',NULL,'','','nnnnnn@nnnnn.nnn','wouldbeusers',285),(866,14,90,'ccvxffdfd dffd fd','2015-11-04 23:58:05','',-1,'',NULL,'','','nnnnnn@nnnnn.nnn','wouldbeusers',285),(867,14,105,'fgfgfd  fgfgfd','2015-11-04 23:59:43','',-1,'',NULL,'','','nnnnnn@nnnnn.nnn','wouldbeusers',285),(868,14,108,'','2015-11-04 23:59:53','',-1,'',NULL,'','','nnnnnn@nnnnn.nnn','wouldbeusers',285),(869,14,106,'Call a method on an object or package','2015-11-05 00:00:05','',-1,'',NULL,'','','nnnnnn@nnnnn.nnn','wouldbeusers',285),(870,14,107,'','2015-11-05 00:00:31','',-1,'',NULL,'','','nnnnnn@nnnnn.nnn','wouldbeusers',285),(871,14,89,'choice #1#||#choice #4','2015-11-05 00:00:36','',-1,'',NULL,'','','nnnnnn@nnnnn.nnn','wouldbeusers',285),(872,14,84,'','2015-11-05 00:00:41','',-1,'',NULL,'','','nnnnnn@nnnnn.nnn','wouldbeusers',285),(873,14,108,'Die will print a message to the std err, then exit with a non-zero return code. ','2015-11-05 00:00:46','',-1,'',NULL,'','','nnnnnn@nnnnn.nnn','wouldbeusers',285),(874,14,107,'','2015-11-05 00:00:52','',-1,'',NULL,'','','nnnnnn@nnnnn.nnn','wouldbeusers',285),(875,14,89,'','2015-11-05 00:00:56','',-1,'',NULL,'','','nnnnnn@nnnnn.nnn','wouldbeusers',285),(876,14,84,'','2015-11-05 00:00:57','',-1,'',NULL,'','','nnnnnn@nnnnn.nnn','wouldbeusers',285),(877,14,108,'','2015-11-05 00:00:59','',-1,'',NULL,'','','nnnnnn@nnnnn.nnn','wouldbeusers',285),(878,14,107,'','2015-11-05 00:01:01','',-1,'',NULL,'','','nnnnnn@nnnnn.nnn','wouldbeusers',285),(879,14,89,'','2015-11-05 00:01:03','',-1,'',NULL,'','','nnnnnn@nnnnn.nnn','wouldbeusers',285),(880,14,84,'','2015-11-05 00:01:43','',-1,'',NULL,'','','nnnnnn@nnnnn.nnn','wouldbeusers',285),(881,14,89,'','2015-11-05 00:01:53','',-1,'',NULL,'','','nnnnnn@nnnnn.nnn','wouldbeusers',285),(882,14,88,'','2015-11-05 00:02:05','',-1,'',NULL,'','','nnnnnn@nnnnn.nnn','wouldbeusers',285),(883,14,84,'','2015-11-05 00:02:31','',-1,'',NULL,'','','nnnnnn@nnnnn.nnn','wouldbeusers',285),(884,14,105,'','2015-11-05 00:02:36','',-1,'',NULL,'','','nnnnnn@nnnnn.nnn','wouldbeusers',285),(885,14,90,'','2015-11-05 00:02:41','',-1,'',NULL,'','','nnnnnn@nnnnn.nnn','wouldbeusers',285),(886,14,89,'','2015-11-05 00:02:46','',-1,'',NULL,'','','nnnnnn@nnnnn.nnn','wouldbeusers',285),(887,14,84,'','2015-11-05 00:02:52','',-1,'',NULL,'','','nnnnnn@nnnnn.nnn','wouldbeusers',285),(888,14,105,'','2015-11-05 00:02:56','',-1,'',NULL,'','','nnnnnn@nnnnn.nnn','wouldbeusers',285),(889,14,90,'','2015-11-05 00:02:57','',-1,'',NULL,'','','nnnnnn@nnnnn.nnn','wouldbeusers',285),(890,14,89,'','2015-11-05 00:02:59','',-1,'',NULL,'','','nnnnnn@nnnnn.nnn','wouldbeusers',285),(891,14,84,'','2015-11-05 00:03:01','',-1,'',NULL,'','','nnnnnn@nnnnn.nnn','wouldbeusers',285),(892,14,105,'','2015-11-05 00:03:03','',-1,'',NULL,'','','nnnnnn@nnnnn.nnn','wouldbeusers',285),(893,14,90,'','2015-11-05 00:03:43','',-1,'',NULL,'','','nnnnnn@nnnnn.nnn','wouldbeusers',285),(894,14,105,'','2015-11-05 00:03:53','',-1,'',NULL,'','','nnnnnn@nnnnn.nnn','wouldbeusers',285),(895,14,109,'','2015-11-05 00:04:05','',-1,'',NULL,'','','nnnnnn@nnnnn.nnn','wouldbeusers',285),(896,14,90,'','2015-11-05 00:04:31','',-1,'',NULL,'','','nnnnnn@nnnnn.nnn','wouldbeusers',285),(897,14,107,'','2015-11-05 00:04:36','',-1,'',NULL,'','','nnnnnn@nnnnn.nnn','wouldbeusers',285),(898,14,106,'','2015-11-05 00:04:41','',-1,'',NULL,'','','nnnnnn@nnnnn.nnn','wouldbeusers',285),(899,14,105,'','2015-11-05 00:04:46','',-1,'',NULL,'','','nnnnnn@nnnnn.nnn','wouldbeusers',285),(900,14,90,'','2015-11-05 00:04:52','',-1,'',NULL,'','','nnnnnn@nnnnn.nnn','wouldbeusers',285),(901,14,107,'','2015-11-05 00:04:56','',-1,'',NULL,'','','nnnnnn@nnnnn.nnn','wouldbeusers',285),(902,14,106,'','2015-11-05 00:04:57','',-1,'',NULL,'','','nnnnnn@nnnnn.nnn','wouldbeusers',285),(903,14,105,'','2015-11-05 00:04:59','',-1,'',NULL,'','','nnnnnn@nnnnn.nnn','wouldbeusers',285),(904,14,90,'','2015-11-05 00:05:01','',-1,'',NULL,'','','nnnnnn@nnnnn.nnn','wouldbeusers',285),(905,14,107,'','2015-11-05 00:05:03','',-1,'',NULL,'','','nnnnnn@nnnnn.nnn','wouldbeusers',285),(906,14,106,'','2015-11-05 00:05:43','',-1,'',NULL,'','','nnnnnn@nnnnn.nnn','wouldbeusers',285),(907,14,107,'','2015-11-05 00:05:53','',-1,'',NULL,'','','nnnnnn@nnnnn.nnn','wouldbeusers',285),(908,14,106,'','2015-11-05 00:06:31','',-1,'',NULL,'','','nnnnnn@nnnnn.nnn','wouldbeusers',285),(909,14,84,'','2015-11-05 00:06:36','',-1,'',NULL,'','','nnnnnn@nnnnn.nnn','wouldbeusers',285),(910,14,88,'','2015-11-05 00:06:41','',-1,'',NULL,'','','nnnnnn@nnnnn.nnn','wouldbeusers',285),(911,14,107,'','2015-11-05 00:06:46','',-1,'',NULL,'','','nnnnnn@nnnnn.nnn','wouldbeusers',285),(912,14,106,'','2015-11-05 00:06:52','',-1,'',NULL,'','','nnnnnn@nnnnn.nnn','wouldbeusers',285),(913,14,84,'','2015-11-05 00:06:56','',-1,'',NULL,'','','nnnnnn@nnnnn.nnn','wouldbeusers',285),(914,14,88,'','2015-11-05 00:06:57','',-1,'',NULL,'','','nnnnnn@nnnnn.nnn','wouldbeusers',285),(915,14,107,'','2015-11-05 00:06:59','',-1,'',NULL,'','','nnnnnn@nnnnn.nnn','wouldbeusers',285),(916,14,106,'','2015-11-05 00:07:01','',-1,'',NULL,'','','nnnnnn@nnnnn.nnn','wouldbeusers',285),(917,14,84,'','2015-11-05 00:07:03','',-1,'',NULL,'','','nnnnnn@nnnnn.nnn','wouldbeusers',285),(918,14,88,'','2015-11-05 00:07:43','',-1,'',NULL,'','','nnnnnn@nnnnn.nnn','wouldbeusers',285),(919,14,84,'','2015-11-05 00:08:05','',-1,'',NULL,'','','nnnnnn@nnnnn.nnn','wouldbeusers',285),(920,14,88,'','2015-11-05 00:08:31','',-1,'',NULL,'','','nnnnnn@nnnnn.nnn','wouldbeusers',285),(921,14,90,'','2015-11-05 00:08:36','',-1,'',NULL,'','','nnnnnn@nnnnn.nnn','wouldbeusers',285),(922,14,109,'','2015-11-05 00:08:41','',-1,'',NULL,'','','nnnnnn@nnnnn.nnn','wouldbeusers',285),(923,14,84,'','2015-11-05 00:08:46','',-1,'',NULL,'','','nnnnnn@nnnnn.nnn','wouldbeusers',285),(924,14,88,'','2015-11-05 00:08:52','',-1,'',NULL,'','','nnnnnn@nnnnn.nnn','wouldbeusers',285),(925,14,90,'','2015-11-05 00:08:56','',-1,'',NULL,'','','nnnnnn@nnnnn.nnn','wouldbeusers',285),(926,14,109,'','2015-11-05 00:08:57','',-1,'',NULL,'','','nnnnnn@nnnnn.nnn','wouldbeusers',285),(927,14,84,'','2015-11-05 00:08:59','',-1,'',NULL,'','','nnnnnn@nnnnn.nnn','wouldbeusers',285),(928,14,88,'','2015-11-05 00:09:01','',-1,'',NULL,'','','nnnnnn@nnnnn.nnn','wouldbeusers',285),(929,14,90,'','2015-11-05 00:09:03','',-1,'',NULL,'','','nnnnnn@nnnnn.nnn','wouldbeusers',285),(930,14,109,'','2015-11-05 00:09:43','',-1,'',NULL,'','','nnnnnn@nnnnn.nnn','wouldbeusers',285),(931,14,90,'','2015-11-05 00:10:05','',-1,'',NULL,'','','nnnnnn@nnnnn.nnn','wouldbeusers',285),(932,14,109,'','2015-11-05 00:10:31','',-1,'',NULL,'','','nnnnnn@nnnnn.nnn','wouldbeusers',285),(933,14,106,'','2015-11-05 00:10:36','',-1,'',NULL,'','','nnnnnn@nnnnn.nnn','wouldbeusers',285),(934,14,90,'','2015-11-05 00:10:46','',-1,'',NULL,'','','nnnnnn@nnnnn.nnn','wouldbeusers',285),(935,14,109,'','2015-11-05 00:10:52','',-1,'',NULL,'','','nnnnnn@nnnnn.nnn','wouldbeusers',285),(936,14,106,'','2015-11-05 00:10:56','',-1,'',NULL,'','','nnnnnn@nnnnn.nnn','wouldbeusers',285),(937,14,90,'','2015-11-05 00:10:59','',-1,'',NULL,'','','nnnnnn@nnnnn.nnn','wouldbeusers',285),(938,14,109,'','2015-11-05 00:11:01','',-1,'',NULL,'','','nnnnnn@nnnnn.nnn','wouldbeusers',285),(939,14,106,'','2015-11-05 00:11:03','',-1,'',NULL,'','','nnnnnn@nnnnn.nnn','wouldbeusers',285),(940,14,84,'sdsdsd sdsdsdd','2015-11-05 01:35:24','',-1,'',NULL,'','','pppppppppp@ppppp.ppp','wouldbeusers',300),(941,14,90,'scsdsd ss sdds','2015-11-05 01:35:32','',-1,'',NULL,'','','pppppppppp@ppppp.ppp','wouldbeusers',300),(942,14,87,'North America','2015-11-05 01:35:36','',-1,'',NULL,'','','pppppppppp@ppppp.ppp','wouldbeusers',300),(943,14,89,'choice #1#||#choice #4','2015-11-05 01:35:45','',-1,'',NULL,'','','pppppppppp@ppppp.ppp','wouldbeusers',300),(944,14,106,'Call a method on an object or package','2015-11-05 01:35:51','',-1,'',NULL,'','','pppppppppp@ppppp.ppp','wouldbeusers',300),(945,14,107,'dsdd sdsads','2015-11-05 01:35:56','',-1,'',NULL,'','','pppppppppp@ppppp.ppp','wouldbeusers',300),(946,14,108,'Die will print a message to the std err, then exit with a non-zero return code. ','2015-11-05 01:36:07','',-1,'',NULL,'','','pppppppppp@ppppp.ppp','wouldbeusers',300),(947,14,105,'sdsdsad dsds','2015-11-05 01:36:13','',-1,'',NULL,'','','pppppppppp@ppppp.ppp','wouldbeusers',300),(948,14,84,'s wdd','2015-11-05 01:36:20','',-1,'',NULL,'','','pppppppppp@ppppp.ppp','wouldbeusers',300),(949,14,90,'','2015-11-05 01:37:17','',-1,'',NULL,'','','pppppppppp@ppppp.ppp','wouldbeusers',300),(950,14,90,'','2015-11-05 01:37:24','',-1,'',NULL,'','','pppppppppp@ppppp.ppp','wouldbeusers',300),(951,14,108,'','2015-11-05 01:37:32','',-1,'',NULL,'','','pppppppppp@ppppp.ppp','wouldbeusers',300),(952,14,105,'','2015-11-05 01:37:36','',-1,'',NULL,'','','pppppppppp@ppppp.ppp','wouldbeusers',300),(953,14,109,'','2015-11-05 01:37:45','',-1,'',NULL,'','','pppppppppp@ppppp.ppp','wouldbeusers',300),(954,14,89,'','2015-11-05 01:37:51','',-1,'',NULL,'','','pppppppppp@ppppp.ppp','wouldbeusers',300),(955,14,88,'','2015-11-05 01:37:56','',-1,'',NULL,'','','pppppppppp@ppppp.ppp','wouldbeusers',300),(956,14,87,'','2015-11-05 01:38:07','',-1,'',NULL,'','','pppppppppp@ppppp.ppp','wouldbeusers',300),(957,14,106,'','2015-11-05 01:38:13','',-1,'',NULL,'','','pppppppppp@ppppp.ppp','wouldbeusers',300),(958,14,90,'','2015-11-05 01:38:20','',-1,'',NULL,'','','pppppppppp@ppppp.ppp','wouldbeusers',300),(959,14,108,'','2015-11-05 01:39:17','',-1,'',NULL,'','','pppppppppp@ppppp.ppp','wouldbeusers',300),(960,14,108,'','2015-11-05 01:39:24','',-1,'',NULL,'','','pppppppppp@ppppp.ppp','wouldbeusers',300),(961,14,87,'','2015-11-05 01:39:32','',-1,'',NULL,'','','pppppppppp@ppppp.ppp','wouldbeusers',300),(962,14,106,'','2015-11-05 01:39:36','',-1,'',NULL,'','','pppppppppp@ppppp.ppp','wouldbeusers',300),(963,14,107,'','2015-11-05 01:39:45','',-1,'',NULL,'','','pppppppppp@ppppp.ppp','wouldbeusers',300),(964,14,109,'','2015-11-05 01:39:51','',-1,'',NULL,'','','pppppppppp@ppppp.ppp','wouldbeusers',300),(965,14,105,'','2015-11-05 01:40:07','',-1,'',NULL,'','','pppppppppp@ppppp.ppp','wouldbeusers',300),(966,14,89,'','2015-11-05 01:40:13','',-1,'',NULL,'','','pppppppppp@ppppp.ppp','wouldbeusers',300),(967,14,108,'','2015-11-05 01:40:20','',-1,'',NULL,'','','pppppppppp@ppppp.ppp','wouldbeusers',300),(968,14,87,'','2015-11-05 01:41:17','',-1,'',NULL,'','','pppppppppp@ppppp.ppp','wouldbeusers',300),(969,14,87,'','2015-11-05 01:41:24','',-1,'',NULL,'','','pppppppppp@ppppp.ppp','wouldbeusers',300),(970,14,105,'','2015-11-05 01:41:32','',-1,'',NULL,'','','pppppppppp@ppppp.ppp','wouldbeusers',300),(971,14,89,'','2015-11-05 01:41:36','',-1,'',NULL,'','','pppppppppp@ppppp.ppp','wouldbeusers',300),(972,14,88,'','2015-11-05 01:41:45','',-1,'',NULL,'','','pppppppppp@ppppp.ppp','wouldbeusers',300),(973,14,107,'','2015-11-05 01:41:56','',-1,'',NULL,'','','pppppppppp@ppppp.ppp','wouldbeusers',300),(974,14,106,'','2015-11-05 01:42:07','',-1,'',NULL,'','','pppppppppp@ppppp.ppp','wouldbeusers',300),(975,14,109,'','2015-11-05 01:42:13','',-1,'',NULL,'','','pppppppppp@ppppp.ppp','wouldbeusers',300),(976,14,87,'','2015-11-05 01:42:20','',-1,'',NULL,'','','pppppppppp@ppppp.ppp','wouldbeusers',300),(977,14,105,'','2015-11-05 01:43:17','',-1,'',NULL,'','','pppppppppp@ppppp.ppp','wouldbeusers',300),(978,14,105,'','2015-11-05 01:43:24','',-1,'',NULL,'','','pppppppppp@ppppp.ppp','wouldbeusers',300),(979,14,106,'','2015-11-05 01:43:32','',-1,'',NULL,'','','pppppppppp@ppppp.ppp','wouldbeusers',300),(980,14,109,'','2015-11-05 01:43:36','',-1,'',NULL,'','','pppppppppp@ppppp.ppp','wouldbeusers',300),(981,14,88,'','2015-11-05 01:43:56','',-1,'',NULL,'','','pppppppppp@ppppp.ppp','wouldbeusers',300),(982,14,89,'','2015-11-05 01:44:07','',-1,'',NULL,'','','pppppppppp@ppppp.ppp','wouldbeusers',300),(983,14,107,'','2015-11-05 01:44:13','',-1,'',NULL,'','','pppppppppp@ppppp.ppp','wouldbeusers',300),(984,14,105,'','2015-11-05 01:44:20','',-1,'',NULL,'','','pppppppppp@ppppp.ppp','wouldbeusers',300),(985,14,106,'','2015-11-05 01:45:17','',-1,'',NULL,'','','pppppppppp@ppppp.ppp','wouldbeusers',300),(986,14,106,'','2015-11-05 01:45:24','',-1,'',NULL,'','','pppppppppp@ppppp.ppp','wouldbeusers',300),(987,14,89,'','2015-11-05 01:45:32','',-1,'',NULL,'','','pppppppppp@ppppp.ppp','wouldbeusers',300),(988,14,107,'','2015-11-05 01:45:45','',-1,'',NULL,'','','pppppppppp@ppppp.ppp','wouldbeusers',300),(989,14,109,'','2015-11-05 01:46:07','',-1,'',NULL,'','','pppppppppp@ppppp.ppp','wouldbeusers',300),(990,14,88,'','2015-11-05 01:46:13','',-1,'',NULL,'','','pppppppppp@ppppp.ppp','wouldbeusers',300),(991,14,106,'','2015-11-05 01:46:20','',-1,'',NULL,'','','pppppppppp@ppppp.ppp','wouldbeusers',300),(992,14,89,'','2015-11-05 01:47:18','',-1,'',NULL,'','','pppppppppp@ppppp.ppp','wouldbeusers',300),(993,14,89,'','2015-11-05 01:47:24','',-1,'',NULL,'','','pppppppppp@ppppp.ppp','wouldbeusers',300),(994,14,109,'','2015-11-05 01:47:32','',-1,'',NULL,'','','pppppppppp@ppppp.ppp','wouldbeusers',300),(995,14,88,'','2015-11-05 01:47:56','',-1,'',NULL,'','','pppppppppp@ppppp.ppp','wouldbeusers',300),(996,14,107,'','2015-11-05 01:48:07','',-1,'',NULL,'','','pppppppppp@ppppp.ppp','wouldbeusers',300),(997,14,89,'','2015-11-05 01:48:20','',-1,'',NULL,'','','pppppppppp@ppppp.ppp','wouldbeusers',300),(998,14,109,'','2015-11-05 01:49:18','',-1,'',NULL,'','','pppppppppp@ppppp.ppp','wouldbeusers',300),(999,14,109,'','2015-11-05 01:49:24','',-1,'',NULL,'','','pppppppppp@ppppp.ppp','wouldbeusers',300),(1000,14,107,'','2015-11-05 01:49:32','',-1,'',NULL,'','','pppppppppp@ppppp.ppp','wouldbeusers',300),(1001,14,88,'','2015-11-05 01:50:13','',-1,'',NULL,'','','pppppppppp@ppppp.ppp','wouldbeusers',300),(1002,14,109,'','2015-11-05 01:50:20','',-1,'',NULL,'','','pppppppppp@ppppp.ppp','wouldbeusers',300),(1003,14,107,'','2015-11-05 01:51:18','',-1,'',NULL,'','','pppppppppp@ppppp.ppp','wouldbeusers',300),(1004,14,107,'','2015-11-05 01:51:24','',-1,'',NULL,'','','pppppppppp@ppppp.ppp','wouldbeusers',300),(1005,14,88,'','2015-11-05 01:51:56','',-1,'',NULL,'','','pppppppppp@ppppp.ppp','wouldbeusers',300),(1006,14,107,'','2015-11-05 01:52:20','',-1,'',NULL,'','','pppppppppp@ppppp.ppp','wouldbeusers',300),(1007,14,88,'','2015-11-05 01:53:18','',-1,'',NULL,'','','pppppppppp@ppppp.ppp','wouldbeusers',300),(1008,14,88,'','2015-11-05 01:53:24','',-1,'',NULL,'','','pppppppppp@ppppp.ppp','wouldbeusers',300),(1009,14,88,'','2015-11-05 01:54:20','',-1,'',NULL,'','','pppppppppp@ppppp.ppp','wouldbeusers',300),(1010,14,109,'','2015-11-05 02:21:53','',-1,'',NULL,'','','qqqqqqq@qqqqqq.qqq','wouldbeusers',301),(1011,14,106,'Call a method on an object or package','2015-11-05 02:30:36','',-1,'',NULL,'','','qqqqqqq@qqqqqq.qqq','wouldbeusers',301),(1012,14,107,'dsdsdasdsa','2015-11-05 02:30:40','',-1,'',NULL,'','','qqqqqqq@qqqqqq.qqq','wouldbeusers',301),(1013,14,87,'North America','2015-11-05 02:30:45','',-1,'',NULL,'','','qqqqqqq@qqqqqq.qqq','wouldbeusers',301),(1015,14,84,'dasdsd dsadsa','2015-11-05 02:30:56','',-1,'',NULL,'','','qqqqqqq@qqqqqq.qqq','wouldbeusers',301),(1016,14,109,'chomp removes the line end character at the end of the string (if any such character exists)','2015-11-05 02:31:02','',-1,'',NULL,'','','qqqqqqq@qqqqqq.qqq','wouldbeusers',301),(1017,14,90,'sdsdsds sddas','2015-11-05 02:31:07','',-1,'',NULL,'','','qqqqqqq@qqqqqq.qqq','wouldbeusers',301),(1018,14,108,'Die will print a message to the std err, then exit with a non-zero return code. ','2015-11-05 02:31:15','',-1,'',NULL,'','','qqqqqqq@qqqqqq.qqq','wouldbeusers',301),(1019,14,105,'sdsdadss sd s','2015-11-05 02:31:22','',-1,'',NULL,'','','qqqqqqq@qqqqqq.qqq','wouldbeusers',301),(1020,14,106,'','2015-11-05 02:32:25','',-1,'',NULL,'','','qqqqqqq@qqqqqq.qqq','wouldbeusers',301),(1021,14,109,'','2015-11-05 02:32:36','',-1,'',NULL,'','','qqqqqqq@qqqqqq.qqq','wouldbeusers',301),(1022,14,84,'','2015-11-05 02:32:40','',-1,'',NULL,'','','qqqqqqq@qqqqqq.qqq','wouldbeusers',301),(1023,14,108,'','2015-11-05 02:32:45','',-1,'',NULL,'','','qqqqqqq@qqqqqq.qqq','wouldbeusers',301),(1024,14,90,'','2015-11-05 02:32:50','',-1,'',NULL,'','','qqqqqqq@qqqqqq.qqq','wouldbeusers',301),(1025,14,87,'','2015-11-05 02:33:02','',-1,'',NULL,'','','qqqqqqq@qqqqqq.qqq','wouldbeusers',301),(1026,14,107,'','2015-11-05 02:33:07','',-1,'',NULL,'','','qqqqqqq@qqqqqq.qqq','wouldbeusers',301),(1027,14,105,'','2015-11-05 02:33:15','',-1,'',NULL,'','','qqqqqqq@qqqqqq.qqq','wouldbeusers',301),(1028,14,89,'','2015-11-05 02:33:22','',-1,'',NULL,'','','qqqqqqq@qqqqqq.qqq','wouldbeusers',301),(1029,14,109,'','2015-11-05 02:34:26','',-1,'',NULL,'','','qqqqqqq@qqqqqq.qqq','wouldbeusers',301),(1030,14,87,'','2015-11-05 02:34:36','',-1,'',NULL,'','','qqqqqqq@qqqqqq.qqq','wouldbeusers',301),(1031,14,105,'','2015-11-05 02:34:45','',-1,'',NULL,'','','qqqqqqq@qqqqqq.qqq','wouldbeusers',301),(1032,14,107,'','2015-11-05 02:34:56','',-1,'',NULL,'','','qqqqqqq@qqqqqq.qqq','wouldbeusers',301),(1033,14,108,'','2015-11-05 02:35:02','',-1,'',NULL,'','','qqqqqqq@qqqqqq.qqq','wouldbeusers',301),(1034,14,84,'','2015-11-05 02:35:07','',-1,'',NULL,'','','qqqqqqq@qqqqqq.qqq','wouldbeusers',301),(1035,14,89,'','2015-11-05 02:35:15','',-1,'',NULL,'','','qqqqqqq@qqqqqq.qqq','wouldbeusers',301),(1036,14,88,'','2015-11-05 02:35:22','',-1,'',NULL,'','','qqqqqqq@qqqqqq.qqq','wouldbeusers',301),(1037,14,87,'','2015-11-05 02:36:26','',-1,'',NULL,'','','qqqqqqq@qqqqqq.qqq','wouldbeusers',301),(1038,14,108,'','2015-11-05 02:36:40','',-1,'',NULL,'','','qqqqqqq@qqqqqq.qqq','wouldbeusers',301),(1039,14,89,'','2015-11-05 02:36:45','',-1,'',NULL,'','','qqqqqqq@qqqqqq.qqq','wouldbeusers',301),(1040,14,84,'','2015-11-05 02:36:56','',-1,'',NULL,'','','qqqqqqq@qqqqqq.qqq','wouldbeusers',301),(1041,14,105,'','2015-11-05 02:37:02','',-1,'',NULL,'','','qqqqqqq@qqqqqq.qqq','wouldbeusers',301),(1042,14,88,'','2015-11-05 02:37:15','',-1,'',NULL,'','','qqqqqqq@qqqqqq.qqq','wouldbeusers',301),(1043,14,90,'','2015-11-05 02:37:22','',-1,'',NULL,'','','qqqqqqq@qqqqqq.qqq','wouldbeusers',301),(1044,14,108,'','2015-11-05 02:38:26','',-1,'',NULL,'','','qqqqqqq@qqqqqq.qqq','wouldbeusers',301),(1045,14,105,'','2015-11-05 02:38:40','',-1,'',NULL,'','','qqqqqqq@qqqqqq.qqq','wouldbeusers',301),(1046,14,88,'','2015-11-05 02:38:45','',-1,'',NULL,'','','qqqqqqq@qqqqqq.qqq','wouldbeusers',301),(1048,14,87,'North America','2015-11-05 02:51:06','',-1,'',NULL,'','','qqqqqqq@qqqqqq.qqq','wouldbeusers',301),(1050,14,107,'sadsds sds','2015-11-05 02:51:14','',-1,'',NULL,'','','qqqqqqq@qqqqqq.qqq','wouldbeusers',301),(1051,14,89,'choice #1#||#choice #2','2015-11-05 02:51:19','',-1,'',NULL,'','','qqqqqqq@qqqqqq.qqq','wouldbeusers',301),(1052,14,105,'dsdsd d s','2015-11-05 02:51:23','',-1,'',NULL,'','','qqqqqqq@qqqqqq.qqq','wouldbeusers',301),(1053,14,87,'North America','2015-11-05 02:51:25','',-1,'',NULL,'','','qqqqqqq@qqqqqq.qqq','wouldbeusers',301),(1055,14,107,'','2015-11-05 02:53:02','',-1,'',NULL,'','','qqqqqqq@qqqqqq.qqq','wouldbeusers',301),(1056,14,108,'','2015-11-05 02:53:06','',-1,'',NULL,'','','qqqqqqq@qqqqqq.qqq','wouldbeusers',301),(1057,14,84,'','2015-11-05 02:53:11','',-1,'',NULL,'','','qqqqqqq@qqqqqq.qqq','wouldbeusers',301),(1058,14,109,'','2015-11-05 02:53:19','',-1,'',NULL,'','','qqqqqqq@qqqqqq.qqq','wouldbeusers',301),(1059,14,88,'','2015-11-05 02:53:23','',-1,'',NULL,'','','qqqqqqq@qqqqqq.qqq','wouldbeusers',301),(1060,14,108,'','2015-11-05 02:53:25','',-1,'',NULL,'','','qqqqqqq@qqqqqq.qqq','wouldbeusers',301),(1061,14,84,'','2015-11-05 02:53:30','',-1,'',NULL,'','','qqqqqqq@qqqqqq.qqq','wouldbeusers',301),(1062,14,89,'','2015-11-05 02:55:06','',-1,'',NULL,'','','qqqqqqq@qqqqqq.qqq','wouldbeusers',301),(1063,14,106,'','2015-11-05 02:55:14','',-1,'',NULL,'','','qqqqqqq@qqqqqq.qqq','wouldbeusers',301),(1064,14,90,'','2015-11-05 02:55:19','',-1,'',NULL,'','','qqqqqqq@qqqqqq.qqq','wouldbeusers',301),(1065,14,84,'','2015-11-05 02:55:23','',-1,'',NULL,'','','qqqqqqq@qqqqqq.qqq','wouldbeusers',301),(1066,14,89,'','2015-11-05 02:55:25','',-1,'',NULL,'','','qqqqqqq@qqqqqq.qqq','wouldbeusers',301),(1067,14,106,'','2015-11-05 02:57:02','',-1,'',NULL,'','','qqqqqqq@qqqqqq.qqq','wouldbeusers',301),(1068,14,109,'','2015-11-05 02:57:06','',-1,'',NULL,'','','qqqqqqq@qqqqqq.qqq','wouldbeusers',301),(1069,14,107,'','2015-11-05 02:57:14','',-1,'',NULL,'','','qqqqqqq@qqqqqq.qqq','wouldbeusers',301),(1070,14,105,'','2015-11-05 02:57:19','',-1,'',NULL,'','','qqqqqqq@qqqqqq.qqq','wouldbeusers',301),(1071,14,106,'','2015-11-05 02:57:23','',-1,'',NULL,'','','qqqqqqq@qqqqqq.qqq','wouldbeusers',301),(1072,14,109,'','2015-11-05 02:57:25','',-1,'',NULL,'','','qqqqqqq@qqqqqq.qqq','wouldbeusers',301),(1073,14,107,'','2015-11-05 02:59:02','',-1,'',NULL,'','','qqqqqqq@qqqqqq.qqq','wouldbeusers',301),(1074,14,90,'','2015-11-05 02:59:06','',-1,'',NULL,'','','qqqqqqq@qqqqqq.qqq','wouldbeusers',301),(1075,14,88,'','2015-11-05 02:59:20','',-1,'',NULL,'','','qqqqqqq@qqqqqq.qqq','wouldbeusers',301),(1076,14,107,'','2015-11-05 02:59:23','',-1,'',NULL,'','','qqqqqqq@qqqqqq.qqq','wouldbeusers',301),(1077,14,90,'','2015-11-05 02:59:25','',-1,'',NULL,'','','qqqqqqq@qqqqqq.qqq','wouldbeusers',301),(1078,14,105,'','2015-11-05 03:01:14','',-1,'',NULL,'','','qqqqqqq@qqqqqq.qqq','wouldbeusers',301),(1079,14,84,'','2015-11-05 03:01:20','',-1,'',NULL,'','','qqqqqqq@qqqqqq.qqq','wouldbeusers',301),(1080,14,105,'','2015-11-05 03:03:02','',-1,'',NULL,'','','qqqqqqq@qqqqqq.qqq','wouldbeusers',301),(1081,14,88,'','2015-11-05 03:03:15','',-1,'',NULL,'','','qqqqqqq@qqqqqq.qqq','wouldbeusers',301),(1082,14,106,'','2015-11-05 03:03:23','',-1,'',NULL,'','','qqqqqqq@qqqqqq.qqq','wouldbeusers',301),(1083,14,88,'','2015-11-05 03:05:02','',-1,'',NULL,'','','qqqqqqq@qqqqqq.qqq','wouldbeusers',301),(1084,14,84,'','2015-11-05 03:05:15','',-1,'',NULL,'','','qqqqqqq@qqqqqq.qqq','wouldbeusers',301),(1085,14,107,'','2015-11-05 03:05:23','',-1,'',NULL,'','','qqqqqqq@qqqqqq.qqq','wouldbeusers',301),(1086,14,84,'','2015-11-05 03:07:02','',-1,'',NULL,'','','qqqqqqq@qqqqqq.qqq','wouldbeusers',301),(1087,14,106,'','2015-11-05 03:07:15','',-1,'',NULL,'','','qqqqqqq@qqqqqq.qqq','wouldbeusers',301),(1088,14,106,'','2015-11-05 03:09:02','',-1,'',NULL,'','','qqqqqqq@qqqqqq.qqq','wouldbeusers',301),(1089,14,107,'','2015-11-05 03:09:23','',-1,'',NULL,'','','qqqqqqq@qqqqqq.qqq','wouldbeusers',301),(1090,14,107,'','2015-11-05 03:11:02','',-1,'',NULL,'','','qqqqqqq@qqqqqq.qqq','wouldbeusers',301),(1091,14,90,'Fifth challenge answer','2015-11-05 03:31:32','',-1,'',NULL,'','','qqqqqqq@qqqqqq.qqq','wouldbeusers',301),(1092,14,89,'choice #1#||#choice #4','2015-11-05 03:31:38','',-1,'',NULL,'','','qqqqqqq@qqqqqq.qqq','wouldbeusers',301),(1093,14,109,'chomp removes the line end character at the end of the string (if any such character exists)','2015-11-05 03:31:43','',-1,'',NULL,'','','qqqqqqq@qqqqqq.qqq','wouldbeusers',301),(1094,14,84,'ANother question... number 1','2015-11-05 03:31:59','',-1,'',NULL,'','','qqqqqqq@qqqqqq.qqq','wouldbeusers',301),(1095,14,106,'Call a method on an object or package','2015-11-05 03:32:03','',-1,'',NULL,'','','qqqqqqq@qqqqqq.qqq','wouldbeusers',301),(1096,14,107,'by standing upside down','2015-11-05 03:32:30','',-1,'',NULL,'','','qqqqqqq@qqqqqq.qqq','wouldbeusers',301),(1097,14,105,'it is the difference between a head and tail','2015-11-05 03:32:53','',-1,'',NULL,'','','qqqqqqq@qqqqqq.qqq','wouldbeusers',301),(1098,14,90,'dfdfds','2015-11-05 03:33:02','',-1,'',NULL,'','','qqqqqqq@qqqqqq.qqq','wouldbeusers',301),(1099,14,89,'','2015-11-05 03:33:18','',-1,'',NULL,'','','qqqqqqq@qqqqqq.qqq','wouldbeusers',301),(1100,14,106,'','2015-11-05 03:33:32','',-1,'',NULL,'','','qqqqqqq@qqqqqq.qqq','wouldbeusers',301),(1101,14,88,'','2015-11-05 03:33:38','',-1,'',NULL,'','','qqqqqqq@qqqqqq.qqq','wouldbeusers',301),(1102,14,87,'','2015-11-05 03:33:43','',-1,'',NULL,'','','qqqqqqq@qqqqqq.qqq','wouldbeusers',301),(1103,14,107,'','2015-11-05 03:33:59','',-1,'',NULL,'','','qqqqqqq@qqqqqq.qqq','wouldbeusers',301),(1104,14,105,'','2015-11-05 03:34:03','',-1,'',NULL,'','','qqqqqqq@qqqqqq.qqq','wouldbeusers',301),(1105,14,108,'','2015-11-05 03:34:30','',-1,'',NULL,'','','qqqqqqq@qqqqqq.qqq','wouldbeusers',301),(1106,14,89,'','2015-11-05 03:34:53','',-1,'',NULL,'','','qqqqqqq@qqqqqq.qqq','wouldbeusers',301),(1107,14,106,'','2015-11-05 03:35:02','',-1,'',NULL,'','','qqqqqqq@qqqqqq.qqq','wouldbeusers',301),(1108,14,88,'','2015-11-05 03:35:18','',-1,'',NULL,'','','qqqqqqq@qqqqqq.qqq','wouldbeusers',301),(1109,14,105,'','2015-11-05 03:35:32','',-1,'',NULL,'','','qqqqqqq@qqqqqq.qqq','wouldbeusers',301),(1110,14,109,'','2015-11-05 03:35:38','',-1,'',NULL,'','','qqqqqqq@qqqqqq.qqq','wouldbeusers',301),(1111,14,84,'','2015-11-05 03:35:43','',-1,'',NULL,'','','qqqqqqq@qqqqqq.qqq','wouldbeusers',301),(1112,14,108,'','2015-11-05 03:35:59','',-1,'',NULL,'','','qqqqqqq@qqqqqq.qqq','wouldbeusers',301),(1113,14,89,'','2015-11-05 03:36:03','',-1,'',NULL,'','','qqqqqqq@qqqqqq.qqq','wouldbeusers',301),(1114,14,89,'None of the above','2015-11-05 05:32:52','',-1,'',NULL,'','','rrrrr@rrrrr.rrrr','wouldbeusers',302),(1115,14,107,'asasa  ssssby standing heads down','2015-11-05 05:33:53','',-1,'',NULL,'','','rrrrr@rrrrr.rrrr','wouldbeusers',302),(1116,14,109,'chomp removes the line end character at the end of the string (if any such character exists)','2015-11-05 05:34:13','',-1,'',NULL,'','','rrrrr@rrrrr.rrrr','wouldbeusers',302),(1117,14,84,'sxx dad','2015-11-05 05:34:17','',-1,'',NULL,'','','rrrrr@rrrrr.rrrr','wouldbeusers',302),(1118,14,107,'ddcxc sdsd','2015-11-05 05:36:57','',-1,'',NULL,'','','rrrrr@rrrrr.rrrr','wouldbeusers',302),(1119,14,90,'xcx sd dsdd','2015-11-05 05:37:04','',-1,'',NULL,'','','rrrrr@rrrrr.rrrr','wouldbeusers',302),(1120,14,107,'sdsdsd  dsdsds','2015-11-05 05:43:31','',-1,'',NULL,'','','rrrrr@rrrrr.rrrr','wouldbeusers',302),(1121,14,87,'North America','2015-11-05 05:43:42','',-1,'',NULL,'','','rrrrr@rrrrr.rrrr','wouldbeusers',302),(1122,14,108,'Die will print a message to the std err, then exit with a non-zero return code. ','2015-11-05 05:44:57','',-1,'',NULL,'','','rrrrr@rrrrr.rrrr','wouldbeusers',302),(1123,14,87,'North America','2015-11-05 05:45:03','',-1,'',NULL,'','','rrrrr@rrrrr.rrrr','wouldbeusers',302),(1124,14,107,'dcxcxzcxxc','2015-11-05 05:45:12','',-1,'',NULL,'','','rrrrr@rrrrr.rrrr','wouldbeusers',302),(1125,14,89,'choice #2','2015-11-05 05:45:32','',-1,'',NULL,'','','rrrrr@rrrrr.rrrr','wouldbeusers',302),(1126,14,106,'Call a method on an object or package','2015-11-05 05:45:39','',-1,'',NULL,'','','rrrrr@rrrrr.rrrr','wouldbeusers',302),(1127,14,90,'asasas','2015-11-05 05:45:46','',-1,'',NULL,'','','rrrrr@rrrrr.rrrr','wouldbeusers',302),(1128,14,109,'chomp removes the line end character at the end of the string (if any such character exists)','2015-11-05 05:45:51','',-1,'',NULL,'','','rrrrr@rrrrr.rrrr','wouldbeusers',302),(1130,14,105,'asxzxzx','2015-11-05 05:46:01','',-1,'',NULL,'','','rrrrr@rrrrr.rrrr','wouldbeusers',302),(1131,14,84,'zxzxzxz','2015-11-05 05:46:07','',-1,'',NULL,'','','rrrrr@rrrrr.rrrr','wouldbeusers',302),(1132,14,84,'Answer number 13 to test tinymice','2015-11-05 05:48:07','',-1,'',NULL,'','','rrrrr@rrrrr.rrrr','wouldbeusers',302),(1133,14,106,'Call a method on an object or package','2015-11-05 05:48:22','',-1,'',NULL,'','','rrrrr@rrrrr.rrrr','wouldbeusers',302),(1135,14,106,'','2015-11-05 05:50:07','',-1,'',NULL,'','','rrrrr@rrrrr.rrrr','wouldbeusers',302),(1136,14,88,'','2015-11-05 05:50:22','',-1,'',NULL,'','','rrrrr@rrrrr.rrrr','wouldbeusers',302),(1137,14,108,'','2015-11-05 05:51:17','',-1,'',NULL,'','','rrrrr@rrrrr.rrrr','wouldbeusers',302),(1138,14,88,'','2015-11-05 05:52:07','',-1,'',NULL,'','','rrrrr@rrrrr.rrrr','wouldbeusers',302),(1139,14,108,'','2015-11-05 05:52:22','',-1,'',NULL,'','','rrrrr@rrrrr.rrrr','wouldbeusers',302),(1140,14,109,'chomp removes the line end character at the end of the string (if any such character exists)','2015-11-05 05:53:17','',-1,'',NULL,'','','rrrrr@rrrrr.rrrr','wouldbeusers',302),(1141,14,108,'','2015-11-05 05:54:07','',-1,'',NULL,'','','rrrrr@rrrrr.rrrr','wouldbeusers',302),(1142,14,109,'','2015-11-05 05:54:22','',-1,'',NULL,'','','rrrrr@rrrrr.rrrr','wouldbeusers',302),(1143,14,107,'','2015-11-05 05:55:17','',-1,'',NULL,'','','rrrrr@rrrrr.rrrr','wouldbeusers',302),(1144,14,109,'','2015-11-05 05:56:07','',-1,'',NULL,'','','rrrrr@rrrrr.rrrr','wouldbeusers',302),(1145,14,107,'','2015-11-05 05:56:22','',-1,'',NULL,'','','rrrrr@rrrrr.rrrr','wouldbeusers',302),(1146,14,87,'','2015-11-05 05:57:17','',-1,'',NULL,'','','rrrrr@rrrrr.rrrr','wouldbeusers',302),(1147,14,107,'xxzxzx asa','2015-11-05 05:57:46','',-1,'',NULL,'','','rrrrr@rrrrr.rrrr','wouldbeusers',302),(1148,14,87,'North America','2015-11-05 05:58:04','',-1,'',NULL,'','','rrrrr@rrrrr.rrrr','wouldbeusers',302),(1149,14,90,'','2015-11-05 05:58:07','',-1,'',NULL,'','','rrrrr@rrrrr.rrrr','wouldbeusers',302),(1150,14,87,'','2015-11-05 05:58:22','',-1,'',NULL,'','','rrrrr@rrrrr.rrrr','wouldbeusers',302),(1151,14,90,'xasa ass','2015-11-05 05:59:17','',-1,'',NULL,'','','rrrrr@rrrrr.rrrr','wouldbeusers',302),(1152,14,87,'North America','2015-11-05 05:59:45','',-1,'',NULL,'','','rrrrr@rrrrr.rrrr','wouldbeusers',302),(1153,14,90,'','2015-11-05 05:59:46','',-1,'',NULL,'','','rrrrr@rrrrr.rrrr','wouldbeusers',302),(1154,14,90,'','2015-11-05 06:00:04','',-1,'',NULL,'','','rrrrr@rrrrr.rrrr','wouldbeusers',302),(1155,14,89,'','2015-11-05 06:00:07','',-1,'',NULL,'','','rrrrr@rrrrr.rrrr','wouldbeusers',302),(1156,14,90,'','2015-11-05 06:00:22','',-1,'',NULL,'','','rrrrr@rrrrr.rrrr','wouldbeusers',302),(1157,14,89,'','2015-11-05 06:01:17','',-1,'',NULL,'','','rrrrr@rrrrr.rrrr','wouldbeusers',302),(1158,14,90,'','2015-11-05 06:01:45','',-1,'',NULL,'','','rrrrr@rrrrr.rrrr','wouldbeusers',302),(1159,14,89,'','2015-11-05 06:01:46','',-1,'',NULL,'','','rrrrr@rrrrr.rrrr','wouldbeusers',302),(1160,14,89,'','2015-11-05 06:02:04','',-1,'',NULL,'','','rrrrr@rrrrr.rrrr','wouldbeusers',302),(1161,14,105,'','2015-11-05 06:02:07','',-1,'',NULL,'','','rrrrr@rrrrr.rrrr','wouldbeusers',302),(1162,14,89,'','2015-11-05 06:02:22','',-1,'',NULL,'','','rrrrr@rrrrr.rrrr','wouldbeusers',302),(1163,14,105,'','2015-11-05 06:03:17','',-1,'',NULL,'','','rrrrr@rrrrr.rrrr','wouldbeusers',302),(1164,14,89,'','2015-11-05 06:03:45','',-1,'',NULL,'','','rrrrr@rrrrr.rrrr','wouldbeusers',302),(1165,14,105,'','2015-11-05 06:03:46','',-1,'',NULL,'','','rrrrr@rrrrr.rrrr','wouldbeusers',302),(1166,14,105,'','2015-11-05 06:04:04','',-1,'',NULL,'','','rrrrr@rrrrr.rrrr','wouldbeusers',302),(1167,14,105,'sdsdsad','2015-11-05 07:56:29','',-1,'',NULL,'','','sssssssss@ssssss.sss','wouldbeusers',304),(1168,14,106,'Call a method on an object or package','2015-11-05 07:58:16','',-1,'',NULL,'','','sssssssss@ssssss.sss','wouldbeusers',304),(1169,14,106,'Call a method on an object or package','2015-11-05 07:58:34','',-1,'',NULL,'','','sssssssss@ssssss.sss','wouldbeusers',304),(1170,14,109,'','2015-11-05 07:58:36','',-1,'',NULL,'','','sssssssss@ssssss.sss','wouldbeusers',304),(1171,14,109,'chomp removes the line end character at the end of the string (if any such character exists)','2015-11-05 07:58:43','',-1,'',NULL,'','','sssssssss@ssssss.sss','wouldbeusers',304),(1172,14,107,'','2015-11-05 08:00:29','',-1,'',NULL,'','','sssssssss@ssssss.sss','wouldbeusers',304),(1173,14,109,'','2015-11-05 08:03:21','',-1,'',NULL,'','','sssssssss@ssssss.sss','wouldbeusers',304),(1174,14,107,'','2015-11-05 08:03:22','',-1,'',NULL,'','','sssssssss@ssssss.sss','wouldbeusers',304),(1175,14,107,'','2015-11-05 08:03:23','',-1,'',NULL,'','','sssssssss@ssssss.sss','wouldbeusers',304),(1177,14,108,'Die will print a message to the std err, then exit with a non-zero return code. ','2015-11-05 08:04:31','',-1,'',NULL,'','','sssssssss@ssssss.sss','wouldbeusers',304),(1178,14,90,'sasasa asass','2015-11-05 08:05:21','',-1,'',NULL,'','','sssssssss@ssssss.sss','wouldbeusers',304),(1179,14,107,'','2015-11-05 08:13:59','',-1,'',NULL,'','','sssssssss@ssssss.sss','wouldbeusers',304),(1180,14,88,'','2015-11-05 08:14:00','',-1,'',NULL,'','','sssssssss@ssssss.sss','wouldbeusers',304),(1181,14,88,'','2015-11-05 08:14:01','',-1,'',NULL,'','','sssssssss@ssssss.sss','wouldbeusers',304),(1182,14,108,'','2015-11-05 08:14:02','',-1,'',NULL,'','','sssssssss@ssssss.sss','wouldbeusers',304),(1183,14,90,'','2015-11-05 08:14:03','',-1,'',NULL,'','','sssssssss@ssssss.sss','wouldbeusers',304),(1184,14,89,'','2015-11-05 08:14:08','',-1,'',NULL,'','','sssssssss@ssssss.sss','wouldbeusers',304),(1185,14,84,'','2015-11-05 08:14:12','',-1,'',NULL,'','','sssssssss@ssssss.sss','wouldbeusers',304),(1186,14,87,'','2015-11-05 08:14:16','',-1,'',NULL,'','','sssssssss@ssssss.sss','wouldbeusers',304),(1187,14,106,'Call a method on an object or package','2015-11-05 08:19:48','',-1,'',NULL,'','','sssssssss@ssssss.sss','wouldbeusers',304),(1188,14,105,'hmmmm.... differences... a lot','2015-11-05 08:20:11','',-1,'',NULL,'','','sssssssss@ssssss.sss','wouldbeusers',304),(1189,14,90,'hghhhhhhhhhhhh','2015-11-05 08:21:49','',-1,'',NULL,'','','sssssssss@ssssss.sss','wouldbeusers',304),(1190,14,90,'','2015-11-05 08:22:11','',-1,'',NULL,'','','sssssssss@ssssss.sss','wouldbeusers',304),(1191,14,84,'','2015-11-05 08:23:49','',-1,'',NULL,'','','sssssssss@ssssss.sss','wouldbeusers',304),(1192,14,84,'','2015-11-05 08:24:11','',-1,'',NULL,'','','sssssssss@ssssss.sss','wouldbeusers',304),(1193,14,107,'','2015-11-05 08:25:49','',-1,'',NULL,'','','sssssssss@ssssss.sss','wouldbeusers',304),(1194,14,107,'','2015-11-05 08:26:11','',-1,'',NULL,'','','sssssssss@ssssss.sss','wouldbeusers',304),(1195,14,108,'','2015-11-05 08:27:49','',-1,'',NULL,'','','sssssssss@ssssss.sss','wouldbeusers',304),(1196,14,108,'','2015-11-05 08:28:11','',-1,'',NULL,'','','sssssssss@ssssss.sss','wouldbeusers',304),(1197,14,89,'','2015-11-05 08:29:49','',-1,'',NULL,'','','sssssssss@ssssss.sss','wouldbeusers',304),(1198,14,89,'','2015-11-05 08:30:11','',-1,'',NULL,'','','sssssssss@ssssss.sss','wouldbeusers',304),(1199,14,87,'','2015-11-05 08:31:49','',-1,'',NULL,'','','sssssssss@ssssss.sss','wouldbeusers',304),(1200,14,87,'','2015-11-05 08:32:11','',-1,'',NULL,'','','sssssssss@ssssss.sss','wouldbeusers',304),(1201,14,88,'','2015-11-05 08:33:49','',-1,'',NULL,'','','sssssssss@ssssss.sss','wouldbeusers',304),(1202,14,88,'','2015-11-05 08:34:11','',-1,'',NULL,'','','sssssssss@ssssss.sss','wouldbeusers',304),(1203,14,109,'','2015-11-05 08:35:49','',-1,'',NULL,'','','sssssssss@ssssss.sss','wouldbeusers',304),(1204,14,109,'','2015-11-05 08:36:11','',-1,'',NULL,'','','sssssssss@ssssss.sss','wouldbeusers',304),(1205,14,89,'choice #1#||#choice #4','2015-11-05 09:10:08','',-1,'',NULL,'','','sssssssss@ssssss.sss','wouldbeusers',304),(1206,14,107,'aaass sdsd dw wdd ddsd','2015-11-05 09:12:02','',-1,'',NULL,'','','sssssssss@ssssss.sss','wouldbeusers',304),(1207,14,107,'','2015-11-05 09:12:08','',-1,'',NULL,'','','sssssssss@ssssss.sss','wouldbeusers',304),(1208,14,108,'Die will print a message to the std err, then exit with a non-zero return code. ','2015-11-05 09:12:21','',-1,'',NULL,'','','sssssssss@ssssss.sss','wouldbeusers',304),(1209,14,109,'chomp removes the line end character at the end of the string (if any such character exists)','2015-11-05 09:14:02','',-1,'',NULL,'','','sssssssss@ssssss.sss','wouldbeusers',304),(1210,14,108,'','2015-11-05 09:14:08','',-1,'',NULL,'','','sssssssss@ssssss.sss','wouldbeusers',304),(1211,14,109,'chomp removes the line end character at the end of the string (if any such character exists)','2015-11-05 09:14:17','',-1,'',NULL,'','','sssssssss@ssssss.sss','wouldbeusers',304),(1212,14,87,'North America','2015-11-05 09:14:21','',-1,'',NULL,'','','sssssssss@ssssss.sss','wouldbeusers',304),(1213,14,87,'North America','2015-11-05 09:15:37','',-1,'',NULL,'','','sssssssss@ssssss.sss','wouldbeusers',304),(1214,14,105,'there is diff','2015-11-05 09:16:02','',-1,'',NULL,'','','sssssssss@ssssss.sss','wouldbeusers',304),(1215,14,109,'chomp removes the line end character at the end of the string (if any such character exists)','2015-11-05 09:16:08','',-1,'',NULL,'','','sssssssss@ssssss.sss','wouldbeusers',304),(1216,14,87,'','2015-11-05 09:16:17','',-1,'',NULL,'','','sssssssss@ssssss.sss','wouldbeusers',304),(1217,14,105,'','2015-11-05 09:16:21','',-1,'',NULL,'','','sssssssss@ssssss.sss','wouldbeusers',304),(1218,14,84,'','2015-11-06 00:12:04','',-1,'',NULL,'','','ttttttttt@ttttttt.ttt','wouldbeusers',305),(1219,14,89,'choice #3#||#choice #5','2015-11-06 00:22:04','',-1,'',NULL,'','','ttttttttt@ttttttt.ttt','wouldbeusers',305),(1220,14,106,'Call a method on an object or package','2015-11-06 00:22:21','',-1,'',NULL,'','','ttttttttt@ttttttt.ttt','wouldbeusers',305),(1221,14,108,'','2015-11-06 00:23:34','',-1,'',NULL,'','','ttttttttt@ttttttt.ttt','wouldbeusers',305),(1222,14,106,'','2015-11-06 00:26:00','',-1,'',NULL,'','','ttttttttt@ttttttt.ttt','wouldbeusers',305),(1223,14,108,'','2015-11-06 00:26:20','',-1,'',NULL,'','','ttttttttt@ttttttt.ttt','wouldbeusers',305),(1224,14,90,'ddddddddddddddd','2015-11-06 00:26:37','',-1,'',NULL,'','','ttttttttt@ttttttt.ttt','wouldbeusers',305),(1225,14,87,'','2015-11-06 00:28:20','',-1,'',NULL,'','','ttttttttt@ttttttt.ttt','wouldbeusers',305),(1226,14,90,'','2015-11-06 01:05:01','',-1,'',NULL,'','','ttttttttt@ttttttt.ttt','wouldbeusers',305),(1227,14,87,'','2015-11-06 01:05:04','',-1,'',NULL,'','','ttttttttt@ttttttt.ttt','wouldbeusers',305),(1228,14,109,'chomp removes the line end character at the end of the string (if any such character exists)','2015-11-06 01:05:12','',-1,'',NULL,'','','ttttttttt@ttttttt.ttt','wouldbeusers',305),(1230,14,107,'','2015-11-06 01:05:31','',-1,'',NULL,'','','ttttttttt@ttttttt.ttt','wouldbeusers',305),(1231,14,105,'','2015-11-06 01:05:37','',-1,'',NULL,'','','ttttttttt@ttttttt.ttt','wouldbeusers',305),(1232,14,89,'None of the above','2015-11-06 01:15:44','',-1,'',NULL,'','','ttttttttt@ttttttt.ttt','wouldbeusers',305),(1233,14,90,'asasasa','2015-11-06 01:17:15','',-1,'',NULL,'','','ttttttttt@ttttttt.ttt','wouldbeusers',305),(1234,14,108,'','2015-11-06 01:17:23','',-1,'',NULL,'','','ttttttttt@ttttttt.ttt','wouldbeusers',305),(1236,14,105,'','2015-11-06 01:17:33','',-1,'',NULL,'','','ttttttttt@ttttttt.ttt','wouldbeusers',305),(1237,14,90,'','2015-11-06 01:39:10','',-1,'',NULL,'','','ttttttttt@ttttttt.ttt','wouldbeusers',305),(1238,14,108,'','2015-11-06 01:39:13','',-1,'',NULL,'','','ttttttttt@ttttttt.ttt','wouldbeusers',305),(1239,14,88,'','2015-11-06 01:39:14','',-1,'',NULL,'','','ttttttttt@ttttttt.ttt','wouldbeusers',305),(1240,14,105,'','2015-11-06 01:40:10','',-1,'',NULL,'','','ttttttttt@ttttttt.ttt','wouldbeusers',305),(1241,14,84,'','2015-11-06 01:40:16','',-1,'',NULL,'','','ttttttttt@ttttttt.ttt','wouldbeusers',305),(1242,14,109,'','2015-11-06 01:40:21','',-1,'',NULL,'','','ttttttttt@ttttttt.ttt','wouldbeusers',305),(1243,14,107,'','2015-11-06 01:40:26','',-1,'',NULL,'','','ttttttttt@ttttttt.ttt','wouldbeusers',305),(1244,14,106,'','2015-11-06 01:40:32','',-1,'',NULL,'','','ttttttttt@ttttttt.ttt','wouldbeusers',305),(1245,14,87,'','2015-11-06 01:40:36','',-1,'',NULL,'','','ttttttttt@ttttttt.ttt','wouldbeusers',305),(1246,14,84,'sdsds dsds','2015-11-06 01:41:02','',-1,'',NULL,'','','ttttttttt@ttttttt.ttt','wouldbeusers',305),(1248,14,109,'chomp removes the line end character at the end of the string (if any such character exists)','2015-11-06 01:41:19','',-1,'',NULL,'','','ttttttttt@ttttttt.ttt','wouldbeusers',305),(1249,14,87,'North America','2015-11-06 01:41:26','',-1,'',NULL,'','','ttttttttt@ttttttt.ttt','wouldbeusers',305),(1250,14,108,'Die will print a message to the std err, then exit with a non-zero return code. ','2015-11-06 01:41:36','',-1,'',NULL,'','','ttttttttt@ttttttt.ttt','wouldbeusers',305),(1251,14,106,'Call a method on an object or package','2015-11-06 01:41:52','',-1,'',NULL,'','','ttttttttt@ttttttt.ttt','wouldbeusers',305),(1252,14,90,'xcxcxcxc ','2015-11-06 01:41:59','',-1,'',NULL,'','','ttttttttt@ttttttt.ttt','wouldbeusers',305),(1253,14,107,'c sfsdssddsds','2015-11-06 01:42:09','',-1,'',NULL,'','','ttttttttt@ttttttt.ttt','wouldbeusers',305),(1254,14,89,'choice #1#||#choice #4','2015-11-06 01:42:20','',-1,'',NULL,'','','ttttttttt@ttttttt.ttt','wouldbeusers',305),(1255,14,105,'hjhjhjh','2015-11-06 01:42:28','',-1,'',NULL,'','','ttttttttt@ttttttt.ttt','wouldbeusers',305),(1256,14,107,'sdsdsdsd sdsd','2015-11-06 02:31:21','',-1,'',NULL,'','','ttttttttt@ttttttt.ttt','wouldbeusers',305),(1257,14,89,'choice #1#||#choice #4','2015-11-06 02:33:23','',-1,'',NULL,'','','ttttttttt@ttttttt.ttt','wouldbeusers',305),(1258,14,87,'North America','2015-11-06 02:35:25','',-1,'',NULL,'','','ttttttttt@ttttttt.ttt','wouldbeusers',305),(1259,14,84,'ffgfggg fggfg','2015-11-06 02:37:26','',-1,'',NULL,'','','ttttttttt@ttttttt.ttt','wouldbeusers',305),(1260,14,106,'Call a method on an object or package','2015-11-06 02:39:28','',-1,'',NULL,'','','ttttttttt@ttttttt.ttt','wouldbeusers',305),(1261,14,105,'nothing except all the differences between perl and shell scripts','2015-11-06 02:41:29','',-1,'',NULL,'','','ttttttttt@ttttttt.ttt','wouldbeusers',305),(1262,14,108,'Die will print a message to the std err, then exit with a non-zero return code. ','2015-11-06 02:43:32','',-1,'',NULL,'','','ttttttttt@ttttttt.ttt','wouldbeusers',305),(1264,14,90,'hghfgd dgfgd','2015-11-06 02:48:30','',-1,'',NULL,'','','ttttttttt@ttttttt.ttt','wouldbeusers',305),(1265,14,109,'chomp removes the line end character at the end of the string (if any such character exists)','2015-11-06 02:50:31','',-1,'',NULL,'','','ttttttttt@ttttttt.ttt','wouldbeusers',305),(1266,14,84,'','2015-11-09 23:37:17','',-1,'',NULL,'','','ababab@ababaab.com','wouldbeusers',306),(1267,14,108,'Die will print a message to the std err, then exit with a non-zero return code. ','2015-11-09 23:37:50','',-1,'',NULL,'','','ababab@ababaab.com','wouldbeusers',306),(1268,14,87,'North America','2015-11-09 23:37:57','',-1,'',NULL,'','','ababab@ababaab.com','wouldbeusers',306),(1269,14,109,'chomp removes the line end character at the end of the string (if any such character exists)','2015-11-09 23:38:05','',-1,'',NULL,'','','ababab@ababaab.com','wouldbeusers',306),(1270,14,107,'xcxcxxcxc cssdss','2015-11-09 23:38:15','',-1,'',NULL,'','','ababab@ababaab.com','wouldbeusers',306),(1272,14,106,'Call a method on an object or package','2015-11-09 23:38:42','',-1,'',NULL,'','','ababab@ababaab.com','wouldbeusers',306),(1273,14,89,'choice #1#||#choice #4','2015-11-09 23:38:51','',-1,'',NULL,'','','ababab@ababaab.com','wouldbeusers',306),(1274,14,108,'Die will print a message to the std err, then exit with a non-zero return code. ','2015-11-09 23:39:01','',-1,'',NULL,'','','ababab@ababaab.com','wouldbeusers',306),(1275,14,87,'North America','2015-11-09 23:39:07','',-1,'',NULL,'','','ababab@ababaab.com','wouldbeusers',306),(1276,14,109,'chomp removes the line end character at the end of the string (if any such character exists)','2015-11-09 23:39:10','',-1,'',NULL,'','','ababab@ababaab.com','wouldbeusers',306),(1277,14,107,' x xcxcxc cscssccs','2015-11-09 23:39:17','',-1,'',NULL,'','','ababab@ababaab.com','wouldbeusers',306),(1278,14,87,'','2015-11-09 23:39:50','',-1,'',NULL,'','','ababab@ababaab.com','wouldbeusers',306),(1279,14,109,'','2015-11-09 23:39:57','',-1,'',NULL,'','','ababab@ababaab.com','wouldbeusers',306),(1280,14,107,'','2015-11-09 23:40:05','',-1,'',NULL,'','','ababab@ababaab.com','wouldbeusers',306),(1281,14,88,'','2015-11-09 23:40:15','',-1,'',NULL,'','','ababab@ababaab.com','wouldbeusers',306),(1282,14,106,'','2015-11-09 23:40:26','',-1,'',NULL,'','','ababab@ababaab.com','wouldbeusers',306),(1283,14,89,'','2015-11-09 23:40:42','',-1,'',NULL,'','','ababab@ababaab.com','wouldbeusers',306),(1284,14,90,'','2015-11-09 23:40:51','',-1,'',NULL,'','','ababab@ababaab.com','wouldbeusers',306),(1285,14,87,'North America','2015-11-09 23:41:01','',-1,'',NULL,'','','ababab@ababaab.com','wouldbeusers',306),(1286,14,109,'','2015-11-09 23:41:07','',-1,'',NULL,'','','ababab@ababaab.com','wouldbeusers',306),(1287,14,107,'','2015-11-09 23:41:10','',-1,'',NULL,'','','ababab@ababaab.com','wouldbeusers',306),(1288,14,88,'','2015-11-09 23:41:17','',-1,'',NULL,'','','ababab@ababaab.com','wouldbeusers',306),(1289,14,109,'','2015-11-09 23:41:50','',-1,'',NULL,'','','ababab@ababaab.com','wouldbeusers',306),(1290,14,107,'','2015-11-09 23:41:57','',-1,'',NULL,'','','ababab@ababaab.com','wouldbeusers',306),(1291,14,88,'','2015-11-09 23:42:05','',-1,'',NULL,'','','ababab@ababaab.com','wouldbeusers',306),(1292,14,106,'','2015-11-09 23:42:15','',-1,'',NULL,'','','ababab@ababaab.com','wouldbeusers',306),(1293,14,89,'','2015-11-09 23:42:26','',-1,'',NULL,'','','ababab@ababaab.com','wouldbeusers',306),(1294,14,90,'','2015-11-09 23:42:42','',-1,'',NULL,'','','ababab@ababaab.com','wouldbeusers',306),(1295,14,105,'','2015-11-09 23:42:51','',-1,'',NULL,'','','ababab@ababaab.com','wouldbeusers',306),(1296,14,109,'','2015-11-09 23:43:01','',-1,'',NULL,'','','ababab@ababaab.com','wouldbeusers',306),(1297,14,107,'','2015-11-09 23:43:07','',-1,'',NULL,'','','ababab@ababaab.com','wouldbeusers',306),(1298,14,88,'','2015-11-09 23:43:10','',-1,'',NULL,'','','ababab@ababaab.com','wouldbeusers',306),(1299,14,106,'','2015-11-09 23:43:17','',-1,'',NULL,'','','ababab@ababaab.com','wouldbeusers',306),(1300,14,107,'','2015-11-09 23:43:50','',-1,'',NULL,'','','ababab@ababaab.com','wouldbeusers',306),(1301,14,88,'','2015-11-09 23:43:57','',-1,'',NULL,'','','ababab@ababaab.com','wouldbeusers',306),(1302,14,106,'','2015-11-09 23:44:05','',-1,'',NULL,'','','ababab@ababaab.com','wouldbeusers',306),(1303,14,89,'','2015-11-09 23:44:15','',-1,'',NULL,'','','ababab@ababaab.com','wouldbeusers',306),(1304,14,90,'','2015-11-09 23:44:26','',-1,'',NULL,'','','ababab@ababaab.com','wouldbeusers',306),(1305,14,105,'','2015-11-09 23:44:42','',-1,'',NULL,'','','ababab@ababaab.com','wouldbeusers',306),(1306,14,87,'North America','2015-11-10 00:05:18','',-1,'',NULL,'','','cdcdcd@cdcdcd.com','wouldbeusers',307),(1307,14,90,'ssxsxsxsx sxssd','2015-11-10 00:05:25','',-1,'',NULL,'','','cdcdcd@cdcdcd.com','wouldbeusers',307),(1308,14,107,'xsxssc ssddsd','2015-11-10 00:05:30','',-1,'',NULL,'','','cdcdcd@cdcdcd.com','wouldbeusers',307),(1309,14,84,'dddddddddddd','2015-11-10 00:05:35','',-1,'',NULL,'','','cdcdcd@cdcdcd.com','wouldbeusers',307),(1310,14,89,'choice #1#||#choice #4','2015-11-10 00:05:43','',-1,'',NULL,'','','cdcdcd@cdcdcd.com','wouldbeusers',307),(1311,14,108,'Die will print a message to the std err, then exit with a non-zero return code. ','2015-11-10 00:05:52','',-1,'',NULL,'','','cdcdcd@cdcdcd.com','wouldbeusers',307),(1312,14,109,'chomp removes the line end character at the end of the string (if any such character exists)','2015-11-10 00:07:14','',-1,'',NULL,'','','cdcdcd@cdcdcd.com','wouldbeusers',307),(1313,14,90,'','2015-11-10 00:07:18','',-1,'',NULL,'','','cdcdcd@cdcdcd.com','wouldbeusers',307),(1314,14,107,'','2015-11-10 00:07:25','',-1,'',NULL,'','','cdcdcd@cdcdcd.com','wouldbeusers',307),(1315,14,84,'','2015-11-10 00:07:30','',-1,'',NULL,'','','cdcdcd@cdcdcd.com','wouldbeusers',307),(1316,14,89,'','2015-11-10 00:07:35','',-1,'',NULL,'','','cdcdcd@cdcdcd.com','wouldbeusers',307),(1317,14,108,'Die will print a message to the std err, then exit with a non-zero return code. ','2015-11-10 00:07:43','',-1,'',NULL,'','','cdcdcd@cdcdcd.com','wouldbeusers',307),(1318,14,109,'chomp removes the line end character at the end of the string (if any such character exists)','2015-11-10 00:07:52','',-1,'',NULL,'','','cdcdcd@cdcdcd.com','wouldbeusers',307),(1319,14,106,'Call a method on an object or package','2015-11-10 00:09:15','',-1,'',NULL,'','','cdcdcd@cdcdcd.com','wouldbeusers',307),(1320,14,107,'','2015-11-10 00:09:19','',-1,'',NULL,'','','cdcdcd@cdcdcd.com','wouldbeusers',307),(1321,14,84,'','2015-11-10 00:09:25','',-1,'',NULL,'','','cdcdcd@cdcdcd.com','wouldbeusers',307),(1322,14,89,'','2015-11-10 00:09:31','',-1,'',NULL,'','','cdcdcd@cdcdcd.com','wouldbeusers',307),(1323,14,108,'','2015-11-10 00:09:36','',-1,'',NULL,'','','cdcdcd@cdcdcd.com','wouldbeusers',307),(1324,14,109,'','2015-11-10 00:09:44','',-1,'',NULL,'','','cdcdcd@cdcdcd.com','wouldbeusers',307),(1325,14,106,'','2015-11-10 00:09:53','',-1,'',NULL,'','','cdcdcd@cdcdcd.com','wouldbeusers',307),(1326,14,105,'cxcxcxcxcx','2015-11-10 00:10:34','',-1,'',NULL,'','','cdcdcd@cdcdcd.com','wouldbeusers',307),(1328,14,84,'','2015-11-10 00:11:20','',-1,'',NULL,'','','cdcdcd@cdcdcd.com','wouldbeusers',307),(1329,14,89,'','2015-11-10 00:11:26','',-1,'',NULL,'','','cdcdcd@cdcdcd.com','wouldbeusers',307),(1330,14,108,'','2015-11-10 00:11:32','',-1,'',NULL,'','','cdcdcd@cdcdcd.com','wouldbeusers',307),(1331,14,109,'','2015-11-10 00:11:37','',-1,'',NULL,'','','cdcdcd@cdcdcd.com','wouldbeusers',307),(1332,14,106,'','2015-11-10 00:11:45','',-1,'',NULL,'','','cdcdcd@cdcdcd.com','wouldbeusers',307),(1333,14,105,'','2015-11-10 00:11:54','',-1,'',NULL,'','','cdcdcd@cdcdcd.com','wouldbeusers',307),(1335,14,107,'rm -rf <directory_name>','2015-11-10 05:31:56','',-1,'',NULL,'','','ghghghgh@ghghghghg.co.in','wouldbeusers',309),(1336,14,84,'not working on firefox? why?','2015-11-10 05:32:11','',-1,'',NULL,'','','ghghghgh@ghghghghg.co.in','wouldbeusers',309),(1337,14,109,'chomp removes the line end character at the end of the string (if any such character exists)','2015-11-10 05:32:18','',-1,'',NULL,'','','ghghghgh@ghghghghg.co.in','wouldbeusers',309),(1338,14,106,'Call a method on an object or package','2015-11-10 05:33:16','',-1,'',NULL,'','','ghghghgh@ghghghghg.co.in','wouldbeusers',309),(1339,14,84,'','2015-11-10 05:33:56','',-1,'',NULL,'','','ghghghgh@ghghghghg.co.in','wouldbeusers',309),(1340,14,109,'chomp removes the line end character at the end of the string (if any such character exists)','2015-11-10 05:34:11','',-1,'',NULL,'','','ghghghgh@ghghghghg.co.in','wouldbeusers',309),(1341,14,106,'Call a method on an object or package','2015-11-10 05:34:18','',-1,'',NULL,'','','ghghghgh@ghghghghg.co.in','wouldbeusers',309),(1342,14,108,'Die will print a message to the std err, then exit with a non-zero return code. ','2015-11-10 05:34:28','',-1,'',NULL,'','','ghghghgh@ghghghghg.co.in','wouldbeusers',309),(1343,14,87,'North America','2015-11-10 05:34:33','',-1,'',NULL,'','','ghghghgh@ghghghghg.co.in','wouldbeusers',309),(1344,14,90,'hehehehehe ....','2015-11-10 05:35:16','',-1,'',NULL,'','','ghghghgh@ghghghghg.co.in','wouldbeusers',309),(1345,14,109,'chomp removes the line end character at the end of the string (if any such character exists)','2015-11-10 05:35:56','',-1,'',NULL,'','','ghghghgh@ghghghghg.co.in','wouldbeusers',309),(1346,14,108,'Die will print a message to the std err, then exit with a non-zero return code. ','2015-11-10 05:37:34','',-1,'',NULL,'','','ghghghgh@ghghghghg.co.in','wouldbeusers',309),(1347,14,109,'chomp removes the line end character at the end of the string (if any such character exists)','2015-11-10 05:37:46','',-1,'',NULL,'','','ghghghgh@ghghghghg.co.in','wouldbeusers',309),(1348,14,106,'Call a method on an object or package','2015-11-10 05:37:51','',-1,'',NULL,'','','ghghghgh@ghghghghg.co.in','wouldbeusers',309),(1350,14,107,'rm -rf <directory_name>','2015-11-10 05:39:42','',-1,'',NULL,'','','ghghghgh@ghghghghg.co.in','wouldbeusers',309),(1351,14,109,'','2015-11-10 05:40:06','',-1,'',NULL,'','','ghghghgh@ghghghghg.co.in','wouldbeusers',309),(1352,14,106,'','2015-11-10 05:40:11','',-1,'',NULL,'','','ghghghgh@ghghghghg.co.in','wouldbeusers',309),(1353,14,88,'','2015-11-10 05:40:15','',-1,'',NULL,'','','ghghghgh@ghghghghg.co.in','wouldbeusers',309),(1354,14,107,'','2015-11-10 05:40:23','',-1,'',NULL,'','','ghghghgh@ghghghghg.co.in','wouldbeusers',309),(1355,14,106,'Call a method on an object or package','2015-11-10 06:07:49','',-1,'',NULL,'','','ghghghgh@ghghghghg.co.in','wouldbeusers',309),(1356,14,108,'','2015-11-10 06:09:41','',-1,'',NULL,'','','ghghghgh@ghghghghg.co.in','wouldbeusers',309),(1357,14,108,'Die will print a message to the std err, then exit with a non-zero return code. ','2015-11-10 06:11:09','',-1,'',NULL,'','','ghghghgh@ghghghghg.co.in','wouldbeusers',309),(1358,14,88,'','2015-11-10 06:11:16','',-1,'',NULL,'','','ghghghgh@ghghghghg.co.in','wouldbeusers',309),(1360,14,90,'ssxsxsxs','2015-11-10 06:11:31','',-1,'',NULL,'','','ghghghgh@ghghghghg.co.in','wouldbeusers',309),(1361,14,107,'xsxsxsxsxsx','2015-11-10 06:11:37','',-1,'',NULL,'','','ghghghgh@ghghghghg.co.in','wouldbeusers',309),(1362,14,84,'xxxcxxxxxx','2015-11-10 06:13:12','',-1,'',NULL,'','','ghghghgh@ghghghghg.co.in','wouldbeusers',309),(1363,14,88,'','2015-11-10 06:15:20','',-1,'',NULL,'','','ghghghgh@ghghghghg.co.in','wouldbeusers',309),(1364,14,84,'sasasasasasas','2015-11-10 06:15:35','',-1,'',NULL,'','','ghghghgh@ghghghghg.co.in','wouldbeusers',309),(1365,14,109,'chomp removes the line end character at the end of the string (if any such character exists)','2015-11-10 06:15:41','',-1,'',NULL,'','','ghghghgh@ghghghghg.co.in','wouldbeusers',309),(1366,14,108,'Die will print a message to the std err, then exit with a non-zero return code. ','2015-11-10 06:15:45','',-1,'',NULL,'','','ghghghgh@ghghghghg.co.in','wouldbeusers',309),(1367,14,89,'choice #1#||#choice #4','2015-11-10 06:15:51','',-1,'',NULL,'','','ghghghgh@ghghghghg.co.in','wouldbeusers',309),(1368,14,105,'perl program is perl program, whereas shell script is shell script. As you can see, they are very different.','2015-11-10 06:17:53','',-1,'',NULL,'','','ghghghgh@ghghghghg.co.in','wouldbeusers',309),(1369,14,90,'xcxxcxcxcxc','2015-11-10 06:20:27','',-1,'',NULL,'','','ghghghgh@ghghghghg.co.in','wouldbeusers',309),(1370,14,87,'North America','2015-11-10 06:20:36','',-1,'',NULL,'','','ghghghgh@ghghghghg.co.in','wouldbeusers',309),(1371,14,106,'Call a method on an object or package','2015-11-10 06:22:39','',-1,'',NULL,'','','ghghghgh@ghghghghg.co.in','wouldbeusers',309),(1372,14,84,'sdksdlksk jsld jlsjdsd klsd\n\ndsnklsmdl','2015-11-10 07:52:55','',-1,'',NULL,'','','ijijijij@ijijijij.co.in','wouldbeusers',310),(1373,14,107,'rm -rf <directory_name>','2015-11-10 07:53:25','',-1,'',NULL,'','','ijijijij@ijijijij.co.in','wouldbeusers',310),(1374,14,106,'Call a method on an object or package','2015-11-10 07:53:32','',-1,'',NULL,'','','ijijijij@ijijijij.co.in','wouldbeusers',310),(1375,14,109,'chomp removes the line end character at the end of the string (if any such character exists)','2015-11-10 07:53:56','',-1,'',NULL,'','','ijijijij@ijijijij.co.in','wouldbeusers',310),(1376,14,105,'a perl program is a perl program and a shell script is a shell script. Thus they are different.','2015-11-10 07:55:56','',-1,'',NULL,'','','ijijijij@ijijijij.co.in','wouldbeusers',310),(1377,14,90,'blah blah blah... blah blah blah... blah blah blah... blah blah blah... blah blah blah... \n\nblah blah blah... blah blah blah... blah blah blah... blah blah blah... blah blah blah... blah blah blah... !!!!','2015-11-10 07:56:42','',-1,'',NULL,'','','ijijijij@ijijijij.co.in','wouldbeusers',310),(1378,14,87,'North America','2015-11-10 07:58:42','',-1,'',NULL,'','','ijijijij@ijijijij.co.in','wouldbeusers',310),(1379,14,89,'choice #1#||#choice #4','2015-11-10 07:58:57','',-1,'',NULL,'','','ijijijij@ijijijij.co.in','wouldbeusers',310),(1380,14,108,'Die will print a message to the std err, then exit with a non-zero return code. ','2015-11-10 08:00:57','',-1,'',NULL,'','','ijijijij@ijijijij.co.in','wouldbeusers',310),(1382,14,90,'Hello testing fifth challenge for test','2015-11-10 08:46:30','',-1,'',NULL,'','','mnmnmn@mnmnmn.mnm','wouldbeusers',312),(1383,14,109,'chomp removes the line end character at the end of the string (if any such character exists)','2015-11-10 08:46:36','',-1,'',NULL,'','','mnmnmn@mnmnmn.mnm','wouldbeusers',312),(1384,14,105,'sdsdsdsds','2015-11-10 08:46:41','',-1,'',NULL,'','','mnmnmn@mnmnmn.mnm','wouldbeusers',312),(1385,14,87,'North America','2015-11-10 08:48:41','',-1,'',NULL,'','','mnmnmn@mnmnmn.mnm','wouldbeusers',312),(1386,14,88,'','2015-11-10 08:50:41','',-1,'',NULL,'','','mnmnmn@mnmnmn.mnm','wouldbeusers',312),(1387,14,107,'','2015-11-10 08:52:41','',-1,'',NULL,'','','mnmnmn@mnmnmn.mnm','wouldbeusers',312),(1388,14,106,'Call a method on an object or package','2015-11-10 08:54:21','',-1,'',NULL,'','','mnmnmn@mnmnmn.mnm','wouldbeusers',312),(1389,14,89,'None of the above','2015-11-10 08:54:26','',-1,'',NULL,'','','mnmnmn@mnmnmn.mnm','wouldbeusers',312),(1390,14,108,'Die will print a message to the std err, then exit with a non-zero return code. ','2015-11-10 08:54:29','',-1,'',NULL,'','','mnmnmn@mnmnmn.mnm','wouldbeusers',312),(1391,14,84,'sadssssssssssssssssssssss','2015-11-10 08:54:34','',-1,'',NULL,'','','mnmnmn@mnmnmn.mnm','wouldbeusers',312),(1392,17,111,'There is no difference...\n\ntesting','2015-11-14 18:47:33','',-1,'',NULL,'','','ccccc@ccccc.com','wouldbeusers',319),(1393,17,117,'this is a test\n\nresponse','2015-11-14 18:50:56','',-1,'',NULL,'','','ddddd@ddddd.com','wouldbeusers',320),(1394,17,117,'xxxxxxxxx\n\n\nxxxxxxx','2015-11-14 18:52:49','',-1,'',NULL,'','','ddddd@ddddd.com','wouldbeusers',320),(1395,17,110,'Class is a class... object is an instance of a class in execution... seriously, an object sucks and a class sucks more.','2015-12-10 04:22:54','',-1,'',NULL,NULL,'','xxxxx@yahoo.com','wouldbeusers',365),(1396,17,116,'Garbage collector works by maintaining a counter for all variables which are allocated from a heap to which only the garbage collector has access.','2015-12-10 04:22:54','',-1,'',NULL,NULL,'','xxxxx@yahoo.com','wouldbeusers',365),(1397,17,113,'Boxing is an age old British Sport. Unboxing is boxing without wearing underpants. so if your opponent kicks ass, your balls take the jerk and shoots forward','2015-12-10 04:22:54','',-1,'',NULL,NULL,'','xxxxx@yahoo.com','wouldbeusers',365),(1398,17,112,'Both are loops... like roundish stuff... bad bad... a loop is an iterative concept.... hehe.... you know what i mean','2015-12-10 04:22:54','',-1,'',NULL,NULL,'','xxxxx@yahoo.com','wouldbeusers',365),(1399,17,115,'LINQ is the younger bro of LINC. You see, when LINC was born, he needed someone to grow up with him, so LINQ was conceived.... Crap... thats what I am writing here.','2015-12-10 04:22:54','',-1,'',NULL,NULL,'','xxxxx@yahoo.com','wouldbeusers',365),(1400,17,114,'Constants are constants... variables are variables.... and read-only vars are just what they say - read only vars.','2015-12-10 04:22:54','',-1,'',NULL,NULL,'','xxxxx@yahoo.com','wouldbeusers',365),(1401,17,97,'A decorator in python is a construct to modify any callable without touching the code of the callable. As such they don\'t decorate anything. Personally I feel they can be quite ugly if not used with care.','2015-12-10 04:22:54','',-1,'',NULL,NULL,'','xxxxx@yahoo.com','wouldbeusers',365),(1402,17,117,'IL: Illogical\n																																				CIL: Completely Illogical\n																																				MSIL: Putty to block holes in the roof and walls....\n																																				CLI: Completely Logical Idiot.\n																																				JIT:Jack ass in time','2015-12-10 04:22:54','',-1,'',NULL,NULL,'','xxxxx@yahoo.com','wouldbeusers',365),(1403,17,111,'Managed code... welll ... uhhh.. it is a microsoft concept... hence by definition it is a freakout.... ','2015-12-10 04:22:54','',-1,'',NULL,NULL,'','xxxxx@yahoo.com','wouldbeusers',365),(1404,17,110,'Class is a class... object is an instance of a class in execution... seriously, an object sucks and a class sucks more.','2015-12-10 04:22:54','',-1,'',NULL,NULL,'','xxxxx@yahoo.com','wouldbeusers',365),(1405,17,116,'Garbage collector works by maintaining a counter for all variables which are allocated from a heap to which only the garbage collector has access.','2015-12-10 04:22:54','',-1,'',NULL,NULL,'','xxxxx@yahoo.com','wouldbeusers',365),(1406,17,113,'Boxing is an age old British Sport. Unboxing is boxing without wearing underpants. so if your opponent kicks ass, your balls take the jerk and shoots forward','2015-12-10 04:22:54','',-1,'',NULL,NULL,'','xxxxx@yahoo.com','wouldbeusers',365),(1407,17,112,'Both are loops... like roundish stuff... bad bad... a loop is an iterative concept.... hehe.... you know what i mean','2015-12-10 04:22:54','',-1,'',NULL,NULL,'','xxxxx@yahoo.com','wouldbeusers',365),(1408,17,115,'LINQ is the younger bro of LINC. You see, when LINC was born, he needed someone to grow up with him, so LINQ was conceived.... Crap... thats what I am writing here.','2015-12-10 04:22:54','',-1,'',NULL,NULL,'','xxxxx@yahoo.com','wouldbeusers',365),(1409,17,114,'Constants are constants... variables are variables.... and read-only vars are just what they say - read only vars.','2015-12-10 04:22:54','',-1,'',NULL,NULL,'','xxxxx@yahoo.com','wouldbeusers',365),(1410,17,97,'A decorator in python is a construct to modify any callable without touching the code of the callable. As such they don\'t decorate anything. Personally I feel they can be quite ugly if not used with care.','2015-12-10 04:22:54','',-1,'',NULL,NULL,'','xxxxx@yahoo.com','wouldbeusers',365),(1411,17,117,'IL: Illogical\n																																				CIL: Completely Illogical\n																																				MSIL: Putty to block holes in the roof and walls....\n																																				CLI: Completely Logical Idiot.\n																																				JIT:Jack ass in time','2015-12-10 04:22:54','',-1,'',NULL,NULL,'','xxxxx@yahoo.com','wouldbeusers',365),(1412,17,111,'Managed code... welll ... uhhh.. it is a microsoft concept... hence by definition it is a freakout.... ','2015-12-10 04:22:54','',-1,'',NULL,NULL,'','xxxxx@yahoo.com','wouldbeusers',365),(1413,17,110,'Class is a class... object is an instance of a class in execution... seriously, an object sucks and a class sucks more.','2015-12-10 04:22:54','',-1,'',NULL,NULL,'','xxxxx@yahoo.com','wouldbeusers',365),(1414,17,116,'Garbage collector works by maintaining a counter for all variables which are allocated from a heap to which only the garbage collector has access.','2015-12-10 04:22:54','',-1,'',NULL,NULL,'','xxxxx@yahoo.com','wouldbeusers',365),(1415,17,113,'Boxing is an age old British Sport. Unboxing is boxing without wearing underpants. so if your opponent kicks ass, your balls take the jerk and shoots forward','2015-12-10 04:22:54','',-1,'',NULL,NULL,'','xxxxx@yahoo.com','wouldbeusers',365),(1416,17,112,'Both are loops... like roundish stuff... bad bad... a loop is an iterative concept.... hehe.... you know what i mean','2015-12-10 04:22:54','',-1,'',NULL,NULL,'','xxxxx@yahoo.com','wouldbeusers',365),(1417,17,115,'LINQ is the younger bro of LINC. You see, when LINC was born, he needed someone to grow up with him, so LINQ was conceived.... Crap... thats what I am writing here.','2015-12-10 04:22:54','',-1,'',NULL,NULL,'','xxxxx@yahoo.com','wouldbeusers',365),(1418,17,114,'Constants are constants... variables are variables.... and read-only vars are just what they say - read only vars.','2015-12-10 04:22:54','',-1,'',NULL,NULL,'','xxxxx@yahoo.com','wouldbeusers',365),(1419,17,97,'A decorator in python is a construct to modify any callable without touching the code of the callable. As such they don\'t decorate anything. Personally I feel they can be quite ugly if not used with care.','2015-12-10 04:22:54','',-1,'',NULL,NULL,'','xxxxx@yahoo.com','wouldbeusers',365),(1420,17,117,'IL: Illogical\n																																				CIL: Completely Illogical\n																																				MSIL: Putty to block holes in the roof and walls....\n																																				CLI: Completely Logical Idiot.\n																																				JIT:Jack ass in time','2015-12-10 04:22:54','',-1,'',NULL,NULL,'','xxxxx@yahoo.com','wouldbeusers',365),(1421,17,111,'Managed code... welll ... uhhh.. it is a microsoft concept... hence by definition it is a freakout.... ','2015-12-10 04:22:54','',-1,'',NULL,NULL,'','xxxxx@yahoo.com','wouldbeusers',365),(1422,17,110,'Class is a class... object is an instance of a class in execution... seriously, an object sucks and a class sucks more','2015-12-10 05:46:35','',5,'',NULL,NULL,'','zxxxx@gmail.com','wouldbeusers',366),(1423,17,116,'Garbage collector works by maintaining a counter for all variables which are allocated from a heap to which only the garbage collector has access.','2015-12-10 05:46:35','',4,'',NULL,NULL,'','zxxxx@gmail.com','wouldbeusers',366),(1424,17,113,'Boxing is an age old British Sport. Unboxing is boxing without wearing underpants. so if your opponent kicks ass, your balls take the jerk and shoots forward','2015-12-10 05:46:35','',4,'',NULL,NULL,'','zxxxx@gmail.com','wouldbeusers',366),(1425,17,112,'Both are loops... like roundish stuff... bad bad... a loop is an iterative concept.... hehe.... you know what i mean','2015-12-10 05:46:35','',3,'',NULL,NULL,'','zxxxx@gmail.com','wouldbeusers',366),(1426,17,115,'LINQ is the younger bro of LINC. You see, when LINC was born, he needed someone to grow up with him, so LINQ was conceived.... Crap... thats what I am writing here.','2015-12-10 05:46:35','',2,'',NULL,NULL,'','zxxxx@gmail.com','wouldbeusers',366),(1427,17,114,'Constants are constants... variables are variables.... and read-only vars are just what they say - read only vars','2015-12-10 05:46:35','',3,'',NULL,NULL,'','zxxxx@gmail.com','wouldbeusers',366),(1428,17,97,'A decorator in python is a construct to modify any callable without touching the code of the callable. As such they don\'t decorate anything. Personally I feel they can be quite ugly if not used with care.','2015-12-10 05:46:35','',4,'',NULL,NULL,'','zxxxx@gmail.com','wouldbeusers',366),(1429,17,117,'IL: Illogical\n																																				CIL: Completely Illogical\n																																				MSIL: Putty to block holes in the roof and walls....\n																																				CLI: Completely Logical Idiot.\n																																				JIT:Jack ass in time','2015-12-10 05:46:35','',4,'',NULL,NULL,'','zxxxx@gmail.com','wouldbeusers',366),(1430,17,111,'Managed code... welll ... uhhh.. it is a microsoft concept... hence by definition it is a freakout.... ','2015-12-10 05:46:35','',4,'',NULL,NULL,'','zxxxx@gmail.com','wouldbeusers',366),(1431,17,110,'Class is a class... object is an instance of a class in execution... seriously, an object sucks and a class sucks more','2015-12-10 05:56:10','',4,'',NULL,NULL,'','ssssss@yahoo.com','wouldbeusers',368),(1432,17,116,'Class is a class... object is an instance of a class in execution... seriously, an object sucks and a class sucks more','2015-12-10 05:56:10','',2,'',NULL,NULL,'','ssssss@yahoo.com','wouldbeusers',368),(1433,17,113,'Boxing is an age old British Sport. Unboxing is boxing without wearing underpants. so if your opponent kicks ass, your balls take the jerk and shoots forward','2015-12-10 05:56:10','',4,'',NULL,NULL,'','ssssss@yahoo.com','wouldbeusers',368),(1434,17,112,'Both are loops... like roundish stuff... bad bad... a loop is an iterative concept.... hehe.... you know what i mean','2015-12-10 05:56:10','',3,'',NULL,NULL,'','ssssss@yahoo.com','wouldbeusers',368),(1435,17,115,'LINQ is the younger bro of LINC. You see, when LINC was born, he needed someone to grow up with him, so LINQ was conceived.... Crap... thats what I am writing here.','2015-12-10 05:56:10','',4,'',NULL,NULL,'','ssssss@yahoo.com','wouldbeusers',368),(1436,17,114,'Constants are constants... variables are variables.... and read-only vars are just what they say - read only vars.','2015-12-10 05:56:10','',4,'',NULL,NULL,'','ssssss@yahoo.com','wouldbeusers',368),(1437,17,97,'A decorator in python is a construct to modify any callable without touching the code of the callable. As such they don\'t decorate anything. Personally I feel they can be quite ugly if not used with care.','2015-12-10 05:56:10','',4,'',NULL,NULL,'','ssssss@yahoo.com','wouldbeusers',368),(1438,17,117,'IL: Illogical\n																																				CIL: Completely Illogical\n																																				MSIL: Putty to block holes in the roof and walls....\n																																				CLI: Completely Logical Idiot.\n																																				JIT:Jack ass in time','2015-12-10 05:56:10','',4,'',NULL,NULL,'','ssssss@yahoo.com','wouldbeusers',368),(1439,17,111,'Managed code... welll ... uhhh.. it is a microsoft concept... hence by definition it is a freakout.... ','2015-12-10 05:56:10','',3,'',NULL,NULL,'','ssssss@yahoo.com','wouldbeusers',368),(1440,17,110,'Class is a class... object is an instance of a class in execution... seriously, an object sucks and a class sucks more','2015-12-10 06:08:34','',-1,'',NULL,NULL,'','rrrrr@gmail.com','wouldbeusers',367),(1441,17,116,'Garbage collector works by maintaining a counter for all variables which are allocated from a heap to which only the garbage collector has access.','2015-12-10 06:08:34','',-1,'',NULL,NULL,'','rrrrr@gmail.com','wouldbeusers',367),(1442,17,113,'\nBoxing is an age old British Sport. Unboxing is boxing without wearing underpants. so if your opponent kicks ass, your balls take the jerk and shoots forward','2015-12-10 06:08:34','',-1,'',NULL,NULL,'','rrrrr@gmail.com','wouldbeusers',367),(1443,17,112,'Both are loops... like roundish stuff... bad bad... a loop is an iterative concept.... hehe.... you know what i mean','2015-12-10 06:08:34','',-1,'',NULL,NULL,'','rrrrr@gmail.com','wouldbeusers',367),(1444,17,115,'LINQ is the younger bro of LINC. You see, when LINC was born, he needed someone to grow up with him, so LINQ was conceived.... Crap... thats what I am writing here.','2015-12-10 06:08:34','',-1,'',NULL,NULL,'','rrrrr@gmail.com','wouldbeusers',367),(1445,17,114,'Constants are constants... variables are variables.... and read-only vars are just what they say - read only vars.','2015-12-10 06:08:34','',-1,'',NULL,NULL,'','rrrrr@gmail.com','wouldbeusers',367),(1446,17,97,'A decorator in python is a construct to modify any callable without touching the code of the callable. As such they don\'t decorate anything. Personally I feel they can be quite ugly if not used with care.','2015-12-10 06:08:34','',-1,'',NULL,NULL,'','rrrrr@gmail.com','wouldbeusers',367),(1447,17,117,'IL: Illogical\n																																				CIL: Completely Illogical\n																																				MSIL: Putty to block holes in the roof and walls....\n																																				CLI: Completely Logical Idiot.\n																																				JIT:Jack ass in time','2015-12-10 06:08:34','',-1,'',NULL,NULL,'','rrrrr@gmail.com','wouldbeusers',367),(1448,17,111,'Managed code... welll ... uhhh.. it is a microsoft concept... hence by definition it is a freakout.... ','2015-12-10 06:08:34','',-1,'',NULL,NULL,'','rrrrr@gmail.com','wouldbeusers',367),(1449,17,110,'Class is a class... object is an instance of a class in execution... seriously, an object sucks and a class sucks more','2015-12-11 22:54:03','',-1,'',NULL,NULL,'','aaaa@yahoo.com','wouldbeusers',369),(1450,17,116,'Garbage collector works by maintaining a counter for all variables which are allocated from a heap to which only the garbage collector has access.','2015-12-11 22:54:03','',-1,'',NULL,NULL,'','aaaa@yahoo.com','wouldbeusers',369),(1451,17,113,'Boxing is an age old British Sport. Unboxing is boxing without wearing underpants. so if your opponent kicks ass, your balls take the jerk and shoots forward','2015-12-11 22:54:03','',-1,'',NULL,NULL,'','aaaa@yahoo.com','wouldbeusers',369),(1452,17,112,'Both are loops... like roundish stuff... bad bad... a loop is an iterative concept.... hehe.... you know what i mean','2015-12-11 22:54:03','',-1,'',NULL,NULL,'','aaaa@yahoo.com','wouldbeusers',369),(1453,17,115,'LINQ is the younger bro of LINC. You see, when LINC was born, he needed someone to grow up with him, so LINQ was conceived.... Crap... thats what I am writing here.','2015-12-11 22:54:03','',-1,'',NULL,NULL,'','aaaa@yahoo.com','wouldbeusers',369),(1454,17,114,'Constants are constants... variables are variables.... and read-only vars are just what they say - read only vars.','2015-12-11 22:54:03','',-1,'',NULL,NULL,'','aaaa@yahoo.com','wouldbeusers',369),(1455,17,97,'A decorator in python is a construct to modify any callable without touching the code of the callable. As such they don\'t decorate anything. Personally I feel they can be quite ugly if not used with care.','2015-12-11 22:54:03','',-1,'',NULL,NULL,'','aaaa@yahoo.com','wouldbeusers',369),(1456,17,117,'IL: Illogical\n																																				CIL: Completely Illogical\n																																				MSIL: Putty to block holes in the roof and walls....\n																																				CLI: Completely Logical Idiot.\n																																				JIT:Jack ass in time\n','2015-12-11 22:54:03','',-1,'',NULL,NULL,'','aaaa@yahoo.com','wouldbeusers',369),(1457,17,111,'Managed code... welll ... uhhh.. it is a microsoft concept... hence by definition it is a freakout.... ','2015-12-11 22:54:03','',-1,'',NULL,NULL,'','aaaa@yahoo.com','wouldbeusers',369),(1458,17,110,'Class is a class... object is an instance of a class in execution... seriously, an object sucks and a class sucks more','2015-12-11 22:44:54','',-1,'',NULL,NULL,'','aaaa@yahoo.com','wouldbeusers',369),(1459,17,116,'Garbage collector works by maintaining a counter for all variables which are allocated from a heap to which only the garbage collector has access.','2015-12-11 22:44:54','',-1,'',NULL,NULL,'','aaaa@yahoo.com','wouldbeusers',369),(1460,17,113,'Boxing is an age old British Sport. Unboxing is boxing without wearing underpants. so if your opponent kicks ass, your balls take the jerk and shoots forward','2015-12-11 22:44:54','',-1,'',NULL,NULL,'','aaaa@yahoo.com','wouldbeusers',369),(1461,17,112,'Both are loops... like roundish stuff... bad bad... a loop is an iterative concept.... hehe.... you know what i mean','2015-12-11 22:44:54','',-1,'',NULL,NULL,'','aaaa@yahoo.com','wouldbeusers',369),(1462,17,115,'\nLINQ is the younger bro of LINC. You see, when LINC was born, he needed someone to grow up with him, so LINQ was conceived.... Crap... thats what I am writing here.','2015-12-11 22:44:54','',-1,'',NULL,NULL,'','aaaa@yahoo.com','wouldbeusers',369),(1463,17,114,'Constants are constants... variables are variables.... and read-only vars are just what they say - read only vars.','2015-12-11 22:44:54','',-1,'',NULL,NULL,'','aaaa@yahoo.com','wouldbeusers',369),(1464,17,97,'A decorator in python is a construct to modify any callable without touching the code of the callable. As such they don\'t decorate anything. Personally I feel they can be quite ugly if not used with care.','2015-12-11 22:44:54','',-1,'',NULL,NULL,'','aaaa@yahoo.com','wouldbeusers',369),(1465,17,117,'IL: Illogical\n																																				CIL: Completely Illogical\n																																				MSIL: Putty to block holes in the roof and walls....\n																																				CLI: Completely Logical Idiot.\n																																				JIT:Jack ass in time','2015-12-11 22:44:54','',-1,'',NULL,NULL,'','aaaa@yahoo.com','wouldbeusers',369),(1466,17,111,'Managed code... welll ... uhhh.. it is a microsoft concept... hence by definition it is a freakout.... ','2015-12-11 22:44:54','',-1,'',NULL,NULL,'','aaaa@yahoo.com','wouldbeusers',369),(1467,17,110,'Class is a class... object is an instance of a class in execution... seriously, an object sucks and a class sucks more','2015-12-11 22:50:35','',-1,'',NULL,NULL,'','aaaa@yahoo.com','wouldbeusers',369),(1468,17,116,'Garbage collector works by maintaining a counter for all variables which are allocated from a heap to which only the garbage collector has access.','2015-12-11 22:50:35','',-1,'',NULL,NULL,'','aaaa@yahoo.com','wouldbeusers',369),(1469,17,113,'Boxing is an age old British Sport. Unboxing is boxing without wearing underpants. so if your opponent kicks ass, your balls take the jerk and shoots forward','2015-12-11 22:50:35','',-1,'',NULL,NULL,'','aaaa@yahoo.com','wouldbeusers',369),(1470,17,112,'Both are loops... like roundish stuff... bad bad... a loop is an iterative concept.... hehe.... you know what i mean','2015-12-11 22:50:35','',-1,'',NULL,NULL,'','aaaa@yahoo.com','wouldbeusers',369),(1471,17,115,'LINQ is the younger bro of LINC. You see, when LINC was born, he needed someone to grow up with him, so LINQ was conceived.... Crap... thats what I am writing here.','2015-12-11 22:50:35','',-1,'',NULL,NULL,'','aaaa@yahoo.com','wouldbeusers',369),(1472,17,114,'Constants are constants... variables are variables.... and read-only vars are just what they say - read only vars.','2015-12-11 22:50:35','',-1,'',NULL,NULL,'','aaaa@yahoo.com','wouldbeusers',369),(1473,17,97,'A decorator in python is a construct to modify any callable without touching the code of the callable. As such they don\'t decorate anything. Personally I feel they can be quite ugly if not used with care.','2015-12-11 22:50:35','',-1,'',NULL,NULL,'','aaaa@yahoo.com','wouldbeusers',369),(1474,17,117,'IL: Illogical\n																																				CIL: Completely Illogical\n																																				MSIL: Putty to block holes in the roof and walls....\n																																				CLI: Completely Logical Idiot.\n																																				JIT:Jack ass in time','2015-12-11 22:50:35','',-1,'',NULL,NULL,'','aaaa@yahoo.com','wouldbeusers',369),(1475,17,111,'','2015-12-11 22:50:35','',-1,'',NULL,NULL,'','aaaa@yahoo.com','wouldbeusers',369),(1476,17,110,'Class is a class... object is an instance of a class in execution... seriously, an object sucks and a class sucks more','2015-12-11 23:00:49','',4,'',NULL,NULL,'','bbbbb@gmail.com','wouldbeusers',370),(1477,17,116,'Garbage collector works by maintaining a counter for all variables which are allocated from a heap to which only the garbage collector has access.','2015-12-11 23:00:49','',4,'',NULL,NULL,'','bbbbb@gmail.com','wouldbeusers',370),(1478,17,113,'Boxing is an age old British Sport. Unboxing is boxing without wearing underpants. so if your opponent kicks ass, your balls take the jerk and shoots forward','2015-12-11 23:00:49','',4,'',NULL,NULL,'','bbbbb@gmail.com','wouldbeusers',370),(1479,17,112,'Both are loops... like roundish stuff... bad bad... a loop is an iterative concept.... hehe.... you know what i mean','2015-12-11 23:00:49','',3,'',NULL,NULL,'','bbbbb@gmail.com','wouldbeusers',370),(1480,17,115,'LINQ is the younger bro of LINC. You see, when LINC was born, he needed someone to grow up with him, so LINQ was conceived.... Crap... thats what I am writing here.','2015-12-11 23:00:49','',4,'',NULL,NULL,'','bbbbb@gmail.com','wouldbeusers',370),(1481,17,114,'Constants are constants... variables are variables.... and read-only vars are just what they say - read only vars.','2015-12-11 23:00:49','',4,'',NULL,NULL,'','bbbbb@gmail.com','wouldbeusers',370),(1482,17,97,'A decorator in python is a construct to modify any callable without touching the code of the callable. As such they don\'t decorate anything. Personally I feel they can be quite ugly if not used with care.','2015-12-11 23:00:49','',5,'',NULL,NULL,'','bbbbb@gmail.com','wouldbeusers',370),(1483,17,117,'IL: Illogical\n																																				CIL: Completely Illogical\n																																				MSIL: Putty to block holes in the roof and walls....\n																																				CLI: Completely Logical Idiot.\n																																				JIT:Jack ass in time','2015-12-11 23:00:49','',4,'',NULL,NULL,'','bbbbb@gmail.com','wouldbeusers',370),(1484,17,111,'Managed code... welll ... uhhh.. it is a microsoft concept... hence by definition it is a freakout....','2015-12-11 23:00:49','',5,'',NULL,NULL,'','bbbbb@gmail.com','wouldbeusers',370),(1487,17,110,'Class is a class... object is an instance of a class in execution... seriously, an object sucks and a class sucks more','2015-12-11 23:00:49','',-1,'',NULL,NULL,'','bbbbb@gmail.com','wouldbeusers',370),(1488,17,116,'Garbage collector works by maintaining a counter for all variables which are allocated from a heap to which only the garbage collector has access.','2015-12-11 23:00:49','',-1,'',NULL,NULL,'','bbbbb@gmail.com','wouldbeusers',370),(1489,17,113,'Boxing is an age old British Sport. Unboxing is boxing without wearing underpants. so if your opponent kicks ass, your balls take the jerk and shoots forward','2015-12-11 23:00:49','',-1,'',NULL,NULL,'','bbbbb@gmail.com','wouldbeusers',370),(1490,17,112,'Both are loops... like roundish stuff... bad bad... a loop is an iterative concept.... hehe.... you know what i mean','2015-12-11 23:00:49','',-1,'',NULL,NULL,'','bbbbb@gmail.com','wouldbeusers',370),(1491,17,115,'LINQ is the younger bro of LINC. You see, when LINC was born, he needed someone to grow up with him, so LINQ was conceived.... Crap... thats what I am writing here.','2015-12-11 23:00:49','',-1,'',NULL,NULL,'','bbbbb@gmail.com','wouldbeusers',370),(1492,17,114,'Constants are constants... variables are variables.... and read-only vars are just what they say - read only vars.','2015-12-11 23:00:49','',-1,'',NULL,NULL,'','bbbbb@gmail.com','wouldbeusers',370),(1493,17,97,'A decorator in python is a construct to modify any callable without touching the code of the callable. As such they don\'t decorate anything. Personally I feel they can be quite ugly if not used with care.','2015-12-11 23:00:49','',-1,'',NULL,NULL,'','bbbbb@gmail.com','wouldbeusers',370),(1494,17,117,'IL: Illogical\n																																				CIL: Completely Illogical\n																																				MSIL: Putty to block holes in the roof and walls....\n																																				CLI: Completely Logical Idiot.\n																																				JIT:Jack ass in time','2015-12-11 23:00:49','',-1,'',NULL,NULL,'','bbbbb@gmail.com','wouldbeusers',370),(1495,17,111,'Managed code... welll ... uhhh.. it is a microsoft concept... hence by definition it is a freakout....','2015-12-11 23:00:49','',-1,'',NULL,NULL,'','bbbbb@gmail.com','wouldbeusers',370),(1496,17,110,'Class is a class... object is an instance of a class in execution... seriously, an object sucks and a class sucks more','2015-12-11 23:00:49','',-1,'',NULL,NULL,'','bbbbb@gmail.com','wouldbeusers',370),(1497,17,116,'Garbage collector works by maintaining a counter for all variables which are allocated from a heap to which only the garbage collector has access.','2015-12-11 23:00:49','',-1,'',NULL,NULL,'','bbbbb@gmail.com','wouldbeusers',370),(1498,17,113,'Boxing is an age old British Sport. Unboxing is boxing without wearing underpants. so if your opponent kicks ass, your balls take the jerk and shoots forward','2015-12-11 23:00:49','',-1,'',NULL,NULL,'','bbbbb@gmail.com','wouldbeusers',370),(1499,17,112,'Both are loops... like roundish stuff... bad bad... a loop is an iterative concept.... hehe.... you know what i mean','2015-12-11 23:00:49','',-1,'',NULL,NULL,'','bbbbb@gmail.com','wouldbeusers',370),(1500,17,115,'LINQ is the younger bro of LINC. You see, when LINC was born, he needed someone to grow up with him, so LINQ was conceived.... Crap... thats what I am writing here.','2015-12-11 23:00:49','',-1,'',NULL,NULL,'','bbbbb@gmail.com','wouldbeusers',370),(1501,17,114,'Constants are constants... variables are variables.... and read-only vars are just what they say - read only vars.','2015-12-11 23:00:49','',-1,'',NULL,NULL,'','bbbbb@gmail.com','wouldbeusers',370),(1502,17,97,'A decorator in python is a construct to modify any callable without touching the code of the callable. As such they don\'t decorate anything. Personally I feel they can be quite ugly if not used with care.','2015-12-11 23:00:49','',-1,'',NULL,NULL,'','bbbbb@gmail.com','wouldbeusers',370),(1503,17,117,'IL: Illogical\n																																				CIL: Completely Illogical\n																																				MSIL: Putty to block holes in the roof and walls....\n																																				CLI: Completely Logical Idiot.\n																																				JIT:Jack ass in time','2015-12-11 23:00:49','',-1,'',NULL,NULL,'','bbbbb@gmail.com','wouldbeusers',370),(1504,17,111,'Managed code... welll ... uhhh.. it is a microsoft concept... hence by definition it is a freakout....','2015-12-11 23:00:49','',-1,'',NULL,NULL,'','bbbbb@gmail.com','wouldbeusers',370),(1505,11,54,'LINQ is the younger bro of LINC. You see, when LINC was born, he needed someone to grow up with him, so LINQ was conceived.... Crap... thats what I am writing here.','2015-12-12 01:00:04','',-1,'',NULL,NULL,'','sssss@gmail.com','wouldbeusers',373),(1506,11,53,'Because a TestYard test can be used as a skills filtering layer','2015-12-12 01:00:04','',-1,'',NULL,NULL,'','sssss@gmail.com','wouldbeusers',373),(1507,11,56,'Yet another option','2015-12-12 01:00:04','',-1,'',NULL,NULL,'','sssss@gmail.com','wouldbeusers',373),(1508,11,52,'It is a ','2015-12-12 01:00:04','',-1,'',NULL,NULL,'','sssss@gmail.com','wouldbeusers',373),(1509,11,55,'Boxing is an age old British Sport. Unboxing is boxing without wearing underpants. so if your opponent kicks ass, your balls take the jerk and shoots forward','2015-12-12 01:00:04','',-1,'',NULL,NULL,'','sssss@gmail.com','wouldbeusers',373),(1516,11,54,'Boxing is an age old British Sport. Unboxing is boxing without wearing underpants. so if your opponent kicks ass, your balls take the jerk and shoots forward','2015-12-12 01:06:03','',-1,'',NULL,NULL,'','uuuu@yahoo.com','wouldbeusers',374),(1517,11,53,'#||#Because the score from a TestYard test can be shared across a group with a looking for similar skills','2015-12-12 01:06:03','',-1,'',NULL,NULL,'','uuuu@yahoo.com','wouldbeusers',374),(1518,11,56,'#||#Because it makes my life easier with recruiting skilled individuals#||#Because I find similarly skilled individuals easier from the groups','2015-12-12 01:06:03','',-1,'',NULL,NULL,'','uuuu@yahoo.com','wouldbeusers',374),(1519,11,52,'#||#It is not a test.#||#It is just a zzzzzzzz test.','2015-12-12 01:06:03','',-1,'',NULL,NULL,'','uuuu@yahoo.com','wouldbeusers',374),(1520,11,55,'LINQ is the younger bro of LINC. You see, when LINC was born, he needed someone to grow up with him, so LINQ was conceived.... Crap... thats what I am writing here.','2015-12-12 01:06:03','',-1,'',NULL,NULL,'','uuuu@yahoo.com','wouldbeusers',374),(1521,11,54,'This is it.... the real thing!\n\n\nhello... is there anybody out there!!!\n','2015-12-13 19:31:38','',-1,'',NULL,NULL,'','sssss@yahoo.com','wouldbeusers',378),(1522,11,53,'#||#Because the score from a TestYard test can be shared across a group with a looking for similar skills#||#Because a TestYard test id difficult','2015-12-13 19:31:38','',-1,'',NULL,NULL,'','sssss@yahoo.com','wouldbeusers',378),(1523,11,56,'#||#Another option#||#Because I find similarly skilled individuals easier from the groups','2015-12-13 19:31:38','',-1,'',NULL,NULL,'','sssss@yahoo.com','wouldbeusers',378),(1524,11,52,'#||#It is just a zzzzzzzz test.','2015-12-13 19:31:38','',-1,'',NULL,NULL,'','sssss@yahoo.com','wouldbeusers',378),(1525,11,55,'This is a test response ... ','2015-12-13 19:31:38','',-1,'',NULL,NULL,'','sssss@yahoo.com','wouldbeusers',378),(1526,11,54,'LINQ is the younger bro of LINC. You see, when LINC was born, he needed someone to grow up with him, so LINQ was conceived.... Crap... thats what I am writing here.','2015-12-12 04:48:34','',-1,'',NULL,NULL,'','mmmmm@yahoo.com','wouldbeusers',377),(1527,11,53,'#||#All of the above','2015-12-12 04:48:34','',-1,'',NULL,NULL,'','mmmmm@yahoo.com','wouldbeusers',377),(1528,11,56,'#||#Yet another option#||#Because it makes my life easier with recruiting skilled individuals#||#Because I find similarly skilled individuals easier from the groups','2015-12-12 04:48:34','',-1,'',NULL,NULL,'','mmmmm@yahoo.com','wouldbeusers',377),(1529,11,52,'#||#None of the above','2015-12-12 04:48:34','',-1,'',NULL,NULL,'','mmmmm@yahoo.com','wouldbeusers',377),(1530,11,55,'Boxing is an age old British Sport. Unboxing is boxing without wearing underpants. so if your opponent kicks ass, your balls take the jerk and shoots forward','2015-12-12 04:48:34','',-1,'',NULL,NULL,'','mmmmm@yahoo.com','wouldbeusers',377),(1531,11,54,'LINQ is the younger bro of LINC. You see, when LINC was born, he needed someone to grow up with him, so LINQ was conceived.... Crap... thats what I am writing here.\n','2015-12-12 04:37:26','',-1,'',NULL,NULL,'','mmmmm@yahoo.com','wouldbeusers',377),(1532,11,53,'#||#Because a TestYard test can be used as a skills filtering layer#||#Because the score from a TestYard test can be shared across a group with a looking for similar skills#||#Because a TestYard test id difficult','2015-12-12 04:37:26','',-1,'',NULL,NULL,'','mmmmm@yahoo.com','wouldbeusers',377),(1533,11,56,'#||#Because it makes my life easier with recruiting skilled individuals#||#Because I find similarly skilled individuals easier from the groups','2015-12-12 04:37:26','',-1,'',NULL,NULL,'','mmmmm@yahoo.com','wouldbeusers',377),(1534,11,52,'#||#It is a #||#It is a free-form test.','2015-12-12 04:37:26','',-1,'',NULL,NULL,'','mmmmm@yahoo.com','wouldbeusers',377),(1535,11,55,'Nothing.... nothing is special... except perhaps for the fact that there are no other websites in the world who provide such a secure and stable platform for tests for free.','2015-12-12 04:37:26','',-1,'',NULL,NULL,'','mmmmm@yahoo.com','wouldbeusers',377),(1536,14,105,'','2015-12-13 18:05:20','',-1,'',NULL,NULL,'','xxxxx@yahoo.com','wouldbeusers',375),(1537,14,84,'','2015-12-13 18:05:20','',-1,'',NULL,NULL,'','xxxxx@yahoo.com','wouldbeusers',375),(1538,14,107,'','2015-12-13 18:05:20','',-1,'',NULL,NULL,'','xxxxx@yahoo.com','wouldbeusers',375),(1539,14,90,'','2015-12-13 18:05:20','',-1,'',NULL,NULL,'','xxxxx@yahoo.com','wouldbeusers',375),(1540,14,108,'','2015-12-13 18:05:20','',-1,'',NULL,NULL,'','xxxxx@yahoo.com','wouldbeusers',375),(1541,14,89,'','2015-12-13 18:05:20','',-1,'',NULL,NULL,'','xxxxx@yahoo.com','wouldbeusers',375),(1542,14,109,'','2015-12-13 18:05:20','',-1,'',NULL,NULL,'','xxxxx@yahoo.com','wouldbeusers',375),(1543,14,106,'','2015-12-13 18:05:20','',-1,'',NULL,NULL,'','xxxxx@yahoo.com','wouldbeusers',375),(1544,13,80,'Saare jahan se achcha...','2015-12-29 08:42:43','',5,'',NULL,NULL,'','smitra@dcmds.com','usertest',180),(1545,13,77,'Great Britain','2015-12-29 08:42:43','',5,'',NULL,NULL,'','smitra@dcmds.com','usertest',180),(1546,13,79,'#||#East India Company','2015-12-29 08:42:43','',5,'',NULL,NULL,'','smitra@dcmds.com','usertest',180),(1547,13,82,'#||#0.7','2015-12-29 08:42:43','',5,'',NULL,NULL,'','smitra@dcmds.com','usertest',180),(1548,13,76,'#||#This is choice #4','2015-12-29 08:42:43','',3,'',NULL,NULL,'','smitra@dcmds.com','usertest',180),(1549,13,80,'Saare jahan se achcha, chagol-er pochish (25) ta bachcha...','2015-12-29 08:32:34','',-1,'',NULL,NULL,'','smitra@dcmds.com','usertest',179),(1550,13,77,'Great Britain','2015-12-29 08:32:34','',-1,'',NULL,NULL,'','smitra@dcmds.com','usertest',179),(1551,13,79,'#||#East India Company','2015-12-29 08:32:34','',-1,'',NULL,NULL,'','smitra@dcmds.com','usertest',179),(1552,13,82,'#||#0.7','2015-12-29 08:32:34','',-1,'',NULL,NULL,'','smitra@dcmds.com','usertest',179),(1553,13,76,'#||#This is choice #4','2015-12-29 08:32:34','',-1,'',NULL,NULL,'','smitra@dcmds.com','usertest',179);
/*!40000 ALTER TABLE `Tests_userresponse` ENABLE KEYS */;
UNLOCK TABLES;

--
-- Table structure for table `Tests_usertest`
--

DROP TABLE IF EXISTS `Tests_usertest`;
/*!40101 SET @saved_cs_client     = @@character_set_client */;
/*!40101 SET character_set_client = utf8 */;
CREATE TABLE `Tests_usertest` (
  `user_id` int(11) DEFAULT NULL,
  `emailaddr` varchar(75) NOT NULL,
  `testurl` varchar(200) NOT NULL,
  `test_id` int(11) NOT NULL,
  `validfrom` datetime NOT NULL,
  `validtill` datetime NOT NULL,
  `status` int(11) NOT NULL,
  `outcome` tinyint(1) DEFAULT NULL,
  `score` double DEFAULT NULL,
  `starttime` datetime DEFAULT '0000-00-00 00:00:00',
  `endtime` datetime DEFAULT NULL,
  `ipaddress` char(39) DEFAULT '',
  `clientsware` char(150) DEFAULT '',
  `sessid` char(50) DEFAULT '',
  `active` tinyint(1) DEFAULT '1',
  `id` int(11) NOT NULL AUTO_INCREMENT,
  `cancelled` tinyint(1) DEFAULT '0',
  `stringid` varchar(100) DEFAULT NULL,
  `evaluator_comment` longtext,
  `first_eval_timestamp` int(11) DEFAULT NULL,
  `visibility` int(11) DEFAULT '0',
  `disqualified` tinyint(1) DEFAULT '0',
  `evalcommitstate` tinyint(1) DEFAULT '0',
  `schedule_id` int(11) DEFAULT NULL,
  PRIMARY KEY (`id`),
  KEY `Tests_usertest_fbfc09f1` (`user_id`),
  KEY `Tests_usertest_a88de8dc` (`test_id`),
  CONSTRAINT `test_id_refs_id_68cc46a6` FOREIGN KEY (`test_id`) REFERENCES `Tests_test` (`id`),
  CONSTRAINT `user_id_refs_id_4487dbd7` FOREIGN KEY (`user_id`) REFERENCES `Auth_user` (`id`)
) ENGINE=InnoDB AUTO_INCREMENT=187 DEFAULT CHARSET=latin1;
/*!40101 SET character_set_client = @saved_cs_client */;

--
-- Dumping data for table `Tests_usertest`
--

LOCK TABLES `Tests_usertest` WRITE;
/*!40000 ALTER TABLE `Tests_usertest` DISABLE KEYS */;
INSERT INTO `Tests_usertest` VALUES (16,'supriyo.mitra@rockstand.in','http://bit.ly/1af9790',6,'2015-04-11 03:34:22','2015-07-11 03:34:22',0,NULL,0,NULL,NULL,NULL,'','',1,34,0,'',NULL,NULL,1,0,0,NULL),(17,'supmit@gmail.com','http://bit.ly/1CEwv6E',5,'2015-04-11 22:46:55','2015-07-11 22:46:55',0,NULL,0,'2015-05-13 17:35:38','2015-05-13 17:36:05','192.168.1.129','Mozilla/5.0 (X11; Linux x86_64) AppleWebKit/537.36 (KHTML, like Gecko) Ubuntu Chromium/37.0.2062.120 Chrome/37.0.2062.120 Safari/537.36','',0,49,1,'XJ15F3TLLLHUT',NULL,NULL,0,0,0,NULL),(16,'supriyo.mitra@rockstand.in','http://bit.ly/1af9790',6,'2015-04-12 00:11:39','2015-07-12 00:11:39',0,NULL,0,NULL,NULL,NULL,'','',1,50,0,'',NULL,NULL,1,0,0,NULL),(17,'supmit@gmail.com','http://bit.ly/1O1Twa3',7,'2015-04-12 00:32:20','2015-07-12 00:32:20',2,NULL,0,'2015-04-16 05:11:55','2015-04-16 05:12:35','192.168.1.3','Mozilla/5.0 (X11; Ubuntu; Linux x86_64; rv:26.0) Gecko/20100101 Firefox/26.0','',1,51,0,'xfxeq3bjtj9711gy32j6dtcpq5','null',1433189408,2,0,0,NULL),(17,'supmit@gmail.com','http://bit.ly/1CEwv6E',5,'2015-04-13 01:03:16','2015-07-13 01:03:16',0,NULL,0,NULL,NULL,NULL,'','',1,52,1,'',NULL,NULL,0,0,0,NULL),(17,'supmit@gmail.com','http://bit.ly/1CGgDjH',4,'2015-04-13 01:34:34','2015-07-13 01:34:34',2,0,0,'2015-04-13 05:59:57','2015-04-13 06:00:09','192.168.1.3','Mozilla/5.0 (X11; Ubuntu; Linux x86_64; rv:26.0) Gecko/20100101 Firefox/26.0','',1,53,0,'v9wm00rqcrsy1qmdfcv1zjafww','bullshit!',1433182035,0,0,0,NULL),(17,'supmit@gmail.com','http://bit.ly/1CEwv6E',5,'2015-04-13 06:12:53','2015-07-13 06:12:53',0,NULL,0,NULL,NULL,NULL,'','',1,54,0,'',NULL,NULL,0,0,0,NULL),(17,'supmit@gmail.com','http://bit.ly/1O1Twa3',7,'2015-04-13 06:14:13','2015-07-13 06:14:13',0,NULL,0,NULL,NULL,NULL,'','',1,55,0,'',NULL,NULL,2,0,0,NULL),(17,'supmit@gmail.com','http://bit.ly/1CEwv6E',5,'2015-04-23 05:45:25','2015-07-23 05:45:25',0,NULL,0,NULL,NULL,NULL,'','',1,56,1,'',NULL,NULL,0,0,0,NULL),(17,'supmit@gmail.com','http://bit.ly/1RqXgGz',8,'2015-05-10 20:22:38','2015-08-10 20:22:38',0,NULL,0,NULL,NULL,NULL,'','',1,58,0,'mdx95l1qob4s7avm9kywfpi4bs',NULL,NULL,0,0,0,NULL),(17,'supmit@gmail.com','http://bit.ly/1KxcYdZ',1,'2015-05-10 20:32:43','2015-08-10 20:32:43',2,NULL,33.5,'2015-05-30 04:23:03','2015-05-30 05:03:06','192.168.1.4','Mozilla/5.0 (X11; Linux x86_64) AppleWebKit/537.36 (KHTML, like Gecko) Ubuntu Chromium/37.0.2062.120 Chrome/37.0.2062.120 Safari/537.36','',1,59,0,'u46w0050b3oui3pf5lzmgjxtob','hi%20testhtrrrr',1433182101,2,0,0,NULL),(17,'supmit@gmail.com','http://bit.ly/1CEwv6E',5,'2015-05-22 04:58:13','2015-08-22 04:58:13',0,NULL,0,NULL,NULL,NULL,'','',1,61,0,'',NULL,NULL,0,0,0,NULL),(18,'codexaddict@gmail.com','http://bit.ly/1Hy5l6L',5,'2015-05-22 17:57:51','2015-08-22 17:57:51',2,NULL,15,'2015-05-23 04:05:31','2015-05-23 04:15:10','192.168.1.4','Mozilla/5.0 (X11; Linux x86_64) AppleWebKit/537.36 (KHTML, like Gecko) Ubuntu Chromium/37.0.2062.120 Chrome/37.0.2062.120 Safari/537.36','',1,64,0,'vvqusk0wvn87ot0ln4g70hw8ca','ffffffffff',1433357620,0,0,1,NULL),(18,'codexaddict@gmail.com','http://bit.ly/1Hy5l6L',5,'2015-05-22 17:57:51','2015-08-22 17:57:51',0,NULL,0,NULL,NULL,NULL,'','',1,65,0,'',NULL,NULL,0,0,0,NULL),(18,'codexaddict@gmail.com','http://bit.ly/1HzNrTY',11,'2015-05-23 05:16:59','2015-08-23 05:16:59',0,NULL,0,NULL,NULL,NULL,'','',1,67,0,'v7gm73aap5qet2orxhdruq7r09',NULL,NULL,0,0,0,NULL),(17,'supmit@gmail.com','http://bit.ly/1CGgDjH',4,'2015-06-18 03:32:26','2015-09-18 03:32:26',0,NULL,0,NULL,NULL,NULL,'','',1,68,0,'','',NULL,0,0,0,NULL),(18,'codexaddict@gmail.com','http://bit.ly/1dj7atr',7,'2015-06-26 06:51:58','2015-09-26 06:51:58',2,0,0,'2015-09-08 00:49:07','2015-09-08 00:49:31','192.168.1.2','Mozilla/5.0 (X11; Linux x86_64) AppleWebKit/537.36 (KHTML, like Gecko) Ubuntu Chromium/37.0.2062.120 Chrome/37.0.2062.120 Safari/537.36','',1,69,0,'fz5qnrzb4snrfktde8cf3q3h29','',1444702791,0,0,1,NULL),(18,'codexaddict@gmail.com','http://bit.ly/1LHgdk2',3,'2015-06-26 07:59:34','2015-09-26 07:59:34',0,NULL,0,NULL,NULL,NULL,'','',1,70,0,'0jq6gs0jysttv6o73uvu266smd','',NULL,0,0,0,NULL),(18,'codexaddict@gmail.com','http://bit.ly/1HzNrTY',11,'2015-06-26 08:01:22','2015-09-26 08:01:22',0,NULL,0,NULL,NULL,NULL,'','',1,71,0,'','',NULL,0,0,0,NULL),(16,'vns_smitra@yahoo.co.in','http://bit.ly/1IgwNYY',3,'2015-06-25 22:09:54','2015-08-24 22:09:54',0,NULL,0,NULL,NULL,NULL,'','',1,72,0,'0ahkhvp5qko2d2amqgka5mm41n','',NULL,0,0,0,NULL),(16,'vns_smitra@yahoo.co.in','http://bit.ly/1IgwNYY',3,'2015-06-25 22:16:37','2015-08-24 22:16:37',0,NULL,0,NULL,NULL,NULL,'','',1,73,0,'','',NULL,0,0,0,NULL),(16,'vns_smitra@yahoo.co.in','http://bit.ly/1IgwNYY',3,'2015-06-26 16:51:19','2015-08-25 16:51:19',0,NULL,0,NULL,NULL,NULL,'','',1,74,0,'','',NULL,0,0,0,NULL),(17,'supmit@gmail.com','http://bit.ly/1RqXgGz',8,'2015-06-27 06:54:01','2015-08-26 06:54:01',0,NULL,0,NULL,NULL,NULL,'','',1,75,0,'','',NULL,0,0,0,NULL),(17,'supmit@gmail.com','http://bit.ly/1RqXgGz',8,'2015-08-12 19:48:59','2025-12-31 06:00:00',0,NULL,0,NULL,NULL,NULL,'','',1,76,0,'','',NULL,0,0,0,NULL),(18,'codexaddict@gmail.com','http://bit.ly/1L6vcoi',8,'2015-08-12 19:48:59','2025-12-31 06:00:00',2,NULL,0,'2015-09-07 21:34:28','2015-09-07 21:35:01','192.168.1.3','Mozilla/5.0 (X11; Linux x86_64) AppleWebKit/537.36 (KHTML, like Gecko) Ubuntu Chromium/37.0.2062.120 Chrome/37.0.2062.120 Safari/537.36','',1,77,0,'r2xegd1wj2w8ezantghxcgeo26','',NULL,0,0,0,NULL),(20,'supmit13@yahoo.com','http://bit.ly/1DNC4qy',8,'2015-08-12 19:48:59','2025-12-31 06:00:00',2,NULL,0,'2015-09-06 13:17:23','2015-09-07 20:11:45','192.168.1.3','Mozilla/5.0 (X11; Linux x86_64) AppleWebKit/537.36 (KHTML, like Gecko) Ubuntu Chromium/37.0.2062.120 Chrome/37.0.2062.120 Safari/537.36','',1,78,0,'7h5zc72dbp4gr7ckidfegstdmj','',NULL,0,0,0,NULL),(17,'supmit@gmail.com','http://bit.ly/1RqXgGz',8,'2015-08-12 20:02:08','2025-12-31 06:00:00',0,NULL,0,NULL,NULL,NULL,'','',1,79,0,'','',NULL,0,0,0,NULL),(18,'codexaddict@gmail.com','http://bit.ly/1L6vcoi',8,'2015-08-12 20:02:08','2025-12-31 06:00:00',0,NULL,0,NULL,NULL,NULL,'','',1,80,0,'','',NULL,0,0,0,NULL),(20,'supmit13@yahoo.com','http://bit.ly/1DNC4qy',8,'2015-08-12 20:02:08','2025-12-31 06:00:00',0,NULL,0,NULL,NULL,NULL,'','',0,81,0,'','',NULL,0,0,0,NULL),(17,'supmit@gmail.com','http://bit.ly/1RqXgGz',8,'2015-08-12 20:04:32','2025-12-31 06:00:00',0,NULL,0,NULL,NULL,NULL,'','',1,82,0,'','',NULL,0,0,0,NULL),(18,'codexaddict@gmail.com','http://bit.ly/1L6vcoi',8,'2015-08-12 20:04:32','2025-12-31 06:00:00',0,NULL,0,NULL,NULL,NULL,'','',1,83,1,'','',NULL,0,0,0,NULL),(20,'supmit13@yahoo.com','http://bit.ly/1DNC4qy',8,'2015-08-12 20:04:32','2025-12-31 06:00:00',0,NULL,0,NULL,NULL,NULL,'','',1,84,0,'','',NULL,0,0,0,NULL),(17,'supmit@gmail.com','http://bit.ly/1CGgDjH',4,'2015-08-13 06:38:40','2015-11-13 07:38:40',0,NULL,0,NULL,NULL,NULL,'','',1,85,0,'','',NULL,0,0,0,NULL),(16,'vns_smitra@yahoo.co.in','http://bit.ly/1IgwNYY',3,'2015-08-12 20:13:49','2025-12-31 06:00:00',0,NULL,0,NULL,NULL,NULL,'','',1,86,0,'','',NULL,0,0,0,NULL),(20,'supmit13@yahoo.com','http://bit.ly/1DNFhGC',3,'2015-08-12 20:13:49','2025-12-31 06:00:00',0,NULL,0,NULL,NULL,NULL,'','',1,87,0,'kt7fg1szxwl9t2ser9wse5vbde','',NULL,0,0,0,NULL),(17,'supmit@gmail.com','http://bit.ly/1RqXgGz',8,'2015-08-13 17:02:03','2025-12-31 06:00:00',0,NULL,0,NULL,NULL,NULL,'','',1,88,0,'','',NULL,0,0,0,NULL),(18,'codexaddict@gmail.com','http://bit.ly/1L6vcoi',8,'2015-08-13 17:02:03','2025-12-31 06:00:00',0,NULL,0,NULL,NULL,NULL,'','',1,89,1,'','',NULL,0,0,0,NULL),(20,'supmit13@yahoo.com','http://bit.ly/1DNC4qy',8,'2015-08-13 17:02:03','2025-12-31 06:00:00',0,NULL,0,NULL,NULL,NULL,'','',1,90,0,'','',NULL,0,0,0,NULL),(16,'vns_smitra@yahoo.co.in','http://bit.ly/1DQzKz7',3,'2015-08-13 18:47:43','2025-12-31 06:00:00',0,NULL,0,NULL,NULL,NULL,'','',1,91,0,'sus5b9hyrb1y5cas4w28hmddbw','',NULL,0,0,0,NULL),(20,'supmit13@yahoo.com','http://bit.ly/1L95fEp',3,'2015-08-13 18:47:43','2025-12-31 06:00:00',0,NULL,0,NULL,NULL,NULL,'','',1,92,0,'ttnjv0jcr0dkgez4b0ru11og0h','',NULL,0,0,0,NULL),(20,'supmit13@yahoo.com','http://bit.ly/1DQDGA1',12,'2015-08-13 19:05:15','2025-12-31 06:00:00',0,NULL,0,NULL,NULL,NULL,'','',1,93,0,'c98z15jv7ok6yc2pywtmlukiyg','',NULL,0,0,0,NULL),(17,'supmit@gmail.com','http://bit.ly/1DQEqVJ',8,'2015-08-13 19:09:52','2025-12-31 06:00:00',0,NULL,0,NULL,NULL,NULL,'','',1,94,0,'ct0dl8jxgh5gxcinkxxlt5pc09','',NULL,0,0,0,NULL),(18,'codexaddict@gmail.com','http://bit.ly/1L6vcoi',8,'2015-08-14 05:44:56','2015-11-14 06:44:56',0,NULL,0,NULL,NULL,NULL,'','',1,95,0,'','',NULL,0,0,0,NULL),(20,'supmit13@yahoo.com','http://bit.ly/1L9cigx',12,'2015-08-13 19:28:33','2025-12-31 06:00:00',0,NULL,0,NULL,NULL,NULL,'','',1,96,0,'95x63a6hcw8dsqux7umi0r6el4','',NULL,0,0,0,NULL),(17,'supmit@gmail.com','http://bit.ly/1DQHctW',8,'2015-08-13 19:31:41','2025-12-31 06:00:00',0,NULL,0,NULL,NULL,NULL,'','',1,97,0,'zbq3zqbsel2zknylq0f8pma6n9','',NULL,0,0,0,NULL),(18,'codexaddict@gmail.com','http://bit.ly/1L9cwUI',8,'2015-08-13 19:31:41','2025-12-31 06:00:00',2,NULL,0,'2015-09-07 22:39:46','2015-09-07 22:40:31','192.168.1.3','Mozilla/5.0 (X11; Linux x86_64) AppleWebKit/537.36 (KHTML, like Gecko) Ubuntu Chromium/37.0.2062.120 Chrome/37.0.2062.120 Safari/537.36','',1,98,0,'3p9qpf2qi7qvtf9mdt8k9oxaue','',NULL,0,0,0,NULL),(20,'supmit13@yahoo.com','http://bit.ly/1DQHcKE',8,'2015-08-13 19:31:41','2025-12-31 06:00:00',2,NULL,0,'2015-09-07 22:41:09','2015-09-07 22:41:32','192.168.1.3','Mozilla/5.0 (X11; Linux x86_64) AppleWebKit/537.36 (KHTML, like Gecko) Ubuntu Chromium/37.0.2062.120 Chrome/37.0.2062.120 Safari/537.36','',1,99,0,'8f3xs7v0jgj9hzs3z2abgj8w13','',NULL,0,0,0,NULL),(20,'supmit13@yahoo.com','http://bit.ly/1L9dhx8',5,'2015-08-14 06:08:40','2015-11-14 07:08:40',0,NULL,0,NULL,NULL,NULL,'','',1,100,0,'814n0gvuahaihlo796m901hgaw','',NULL,0,0,0,NULL),(18,'codexaddict@gmail.com','http://bit.ly/1Hy5l6L',5,'2015-08-14 06:08:40','2015-11-14 07:08:40',0,NULL,0,NULL,NULL,NULL,'','',1,101,0,'','',NULL,0,0,0,NULL),(20,'supmit13@yahoo.com','http://bit.ly/1L9dhx8',5,'2015-08-14 06:21:01','2015-11-14 07:21:01',0,NULL,0,NULL,NULL,NULL,'','',1,102,0,'','',NULL,0,0,0,NULL),(18,'codexaddict@gmail.com','http://bit.ly/1Hy5l6L',5,'2015-08-14 06:21:01','2015-11-14 07:21:01',0,NULL,0,NULL,NULL,NULL,'','',1,103,0,'','',NULL,0,0,0,NULL),(20,'supmit13@yahoo.com','http://bit.ly/1L9dhx8',5,'2015-08-14 06:22:22','2015-11-14 07:22:22',0,NULL,0,NULL,NULL,NULL,'','',1,104,0,'','',NULL,0,0,0,NULL),(18,'codexaddict@gmail.com','http://bit.ly/1Hy5l6L',5,'2015-08-14 06:22:22','2015-11-14 07:22:22',0,NULL,0,NULL,NULL,NULL,'','',1,105,0,'','',NULL,0,0,0,NULL),(18,'codexaddict@gmail.com','http://bit.ly/1L9fEA8',5,'2015-08-14 06:27:34','2015-11-14 07:27:34',0,NULL,0,NULL,NULL,NULL,'','',1,106,0,'0qvmk1o080st4equhji4mh8mah','',NULL,0,0,0,NULL),(20,'supmit13@yahoo.com','http://bit.ly/1DQL8em',5,'2015-08-14 06:27:34','2015-11-14 07:27:34',0,NULL,0,NULL,NULL,NULL,'','',1,107,0,'ehexgjk1tb9xntzw7n0p5tqj4f','',NULL,0,0,0,NULL),(20,'supmit13@yahoo.com','http://bit.ly/1fbNKYr',12,'2015-08-14 13:41:43','2025-12-31 06:00:00',0,NULL,0,NULL,NULL,NULL,'','',1,108,0,'pqm1taaneoyi94tm8b0a5r18h2','',NULL,0,0,0,NULL),(17,'supmit@gmail.com','http://bit.ly/1QjWTvE',13,'2015-09-07 23:10:38','2015-12-08 00:10:38',2,NULL,0,'2015-10-20 00:46:10','2015-10-20 00:47:23','192.168.1.4','Mozilla/5.0 (X11; Linux x86_64) AppleWebKit/537.36 (KHTML, like Gecko) Chrome/41.0.2272.101 Safari/537.36','',1,109,0,'wf9i99obtp6ne3lteixwf5jykf','',NULL,0,0,0,NULL),(20,'supmit13@yahoo.com','http://bit.ly/1Lf0J4P',14,'2015-09-08 00:44:52','2015-12-08 01:44:52',0,NULL,0,NULL,NULL,NULL,'','',1,110,0,'f7udcl4l7ngayu0628okhsw8ki','',NULL,0,0,0,NULL),(20,'supmit13@yahoo.com','http://bit.ly/1UwVlo2',11,'2015-09-08 00:46:02','2015-12-08 01:46:02',0,NULL,0,NULL,NULL,NULL,'','',1,111,0,'pakueoat85zd5xg2d7mk00evm1','',NULL,0,0,0,NULL),(20,'supmit13@yahoo.com','http://bit.ly/1Lf1qv1',11,'2015-09-08 00:51:01','2015-12-08 01:51:01',2,NULL,0,'2015-09-08 02:43:39','2015-09-08 02:45:12','192.168.1.2','Mozilla/5.0 (X11; Ubuntu; Linux x86_64; rv:26.0) Gecko/20100101 Firefox/26.0','',1,112,0,'0cgau65m24tj6tb4w2ewf1ixde','',NULL,0,0,0,NULL),(17,'supmit@gmail.com','http://bit.ly/1Zw6IN4',8,'2015-10-13 09:30:00','2015-10-13 12:30:00',0,NULL,0,NULL,NULL,NULL,'','',1,113,0,'ev3fo1yu1rlwqkr2uh450syb7h','',NULL,0,0,0,8),(18,'codexaddict@gmail.com','http://bit.ly/1R7AOAb',8,'2015-10-13 09:30:00','2015-10-13 12:30:00',0,NULL,0,NULL,NULL,NULL,'','',1,114,0,'xs7808zyd877jhtikwyng3c5qj','',NULL,0,0,0,8),(20,'supmit13@yahoo.com','http://bit.ly/1ZwaBBm',8,'2015-10-13 14:30:00','2015-10-13 12:30:00',0,NULL,0,NULL,NULL,NULL,'','',1,115,0,'k4npz263zs1dw3nep17ig43ivi','',NULL,0,0,0,9),(17,'supmit@gmail.com','http://bit.ly/1R7CnOL',8,'2015-10-13 14:30:00','2015-10-13 17:30:00',0,NULL,0,NULL,NULL,NULL,'','',1,116,0,'sqnbyuscbwkzlh4u0ig0qwbbsi','',NULL,0,0,0,10),(17,'supmit@gmail.com','http://bit.ly/1ZwbhXy',8,'2015-10-13 14:30:00','2015-10-13 17:30:00',0,NULL,0,NULL,NULL,NULL,'','',1,117,0,'sw5wweriz9w3zkd7duke7iot5a','',NULL,0,0,0,11),(17,'supmit@gmail.com','http://bit.ly/1R7Cvh4',8,'2015-10-13 14:30:00','2015-10-13 17:30:00',0,NULL,0,NULL,NULL,NULL,'','',1,118,0,'7tu27tdkrgbst9flh0siendvmk','',NULL,0,0,0,12),(17,'supmit@gmail.com','http://bit.ly/1ZwbF8o',8,'2015-10-13 14:30:00','2015-10-13 17:30:00',0,NULL,0,NULL,NULL,NULL,'','',1,119,0,'6mvyr9cxnw2bwian1q3syf3akr','',NULL,0,0,0,13),(17,'supmit@gmail.com','http://bit.ly/1R7CIRr',8,'2015-10-13 14:30:00','2015-10-13 17:30:00',0,NULL,0,NULL,NULL,NULL,'','',1,120,0,'xnl9ppce14vobfsf00svai39ou','',NULL,0,0,0,14),(17,'supmit@gmail.com','http://bit.ly/1Zwcy0K',8,'2015-10-13 14:30:00','2015-10-13 17:30:00',0,NULL,0,NULL,NULL,NULL,'','',1,121,0,'i07utujgnmstnb9jkq850bufn5','',NULL,0,0,0,15),(17,'supmit@gmail.com','http://bit.ly/1R7CZDQ',8,'2015-10-14 14:30:00','2015-10-14 17:30:00',0,NULL,0,NULL,NULL,NULL,'','',1,122,0,'n7o3s5wuwbk86t31b8d8ixglzr','',NULL,0,0,0,16),(20,'supmit13@yahoo.com','http://bit.ly/1ZwdguT',8,'2015-10-14 14:30:00','2015-10-14 17:30:00',0,NULL,0,NULL,NULL,NULL,'','',1,123,0,'eh91qs15ydqcpyf1wvamtabztq','',NULL,0,0,0,16),(20,'supmit13@yahoo.com','http://bit.ly/1R7CZUl',8,'2015-10-14 14:30:00','2015-10-14 17:30:00',0,NULL,0,NULL,NULL,NULL,'','',1,124,0,'uhbdh3b9rbs814czc37sos0zia','',NULL,0,0,0,16),(17,'supmit@gmail.com','http://bit.ly/1Our2L0',7,'2015-10-14 09:30:00','2015-10-14 12:30:00',0,NULL,0,NULL,NULL,NULL,'','',1,125,0,'3gjidca5npwnb3g199qhytawls','',NULL,0,0,0,17),(20,'supmit13@yahoo.com','http://bit.ly/1L8tMKc',7,'2015-10-14 09:30:00','2015-10-14 12:30:00',0,NULL,0,NULL,NULL,NULL,'','',1,126,0,'ngyqh8l7h4fac0s09ytyqrc35c','',NULL,0,0,0,17),(17,'supmit@gmail.com','http://bit.ly/1K5dQnU',6,'2015-10-15 15:30:00','2015-10-15 18:30:00',0,NULL,0,NULL,NULL,NULL,'','',1,127,0,'u0dnrf2jtb6ydyysjlbhnkt6z5','',NULL,0,0,0,18),(20,'supmit13@yahoo.com','http://bit.ly/1jlfoVV',6,'2015-10-15 15:30:00','2015-10-15 18:30:00',0,NULL,0,NULL,NULL,NULL,'','',1,128,0,'mj6gm8vcphap9szr5844o1mw67','',NULL,0,0,0,18),(16,'vns_smitra@yahoo.co.in','http://bit.ly/1K5dU7o',6,'2015-10-15 15:30:00','2015-10-15 18:30:00',0,NULL,0,NULL,NULL,NULL,'','',1,129,0,'b548rs32uoosypdsix75ewzald','',NULL,0,0,0,18),(20,'supmit13@yahoo.com','http://bit.ly/1jlg0uR',4,'2015-10-16 01:35:00','2015-10-16 04:35:00',0,NULL,0,NULL,NULL,NULL,'','',1,130,0,'4kilrk3d6yud3tykkbg2vnqdwx','',NULL,0,0,0,29),(20,'supmit13@yahoo.com','http://bit.ly/1K5fWEi',4,'2015-10-16 01:35:00','2015-10-16 04:35:00',0,NULL,0,NULL,NULL,NULL,'','',1,131,0,'wmsb4ecop89l2v1o92zz7oi7vr','',NULL,0,0,0,30),(20,'supmit13@yahoo.com','http://bit.ly/1jlg0Ll',4,'2015-10-16 01:35:00','2015-10-16 04:35:00',0,NULL,0,NULL,NULL,NULL,'','',1,132,0,'jptxbum5zi6j8luf0na1sgf28i','',NULL,0,0,0,31),(18,'codexaddict@gmail.com','http://bit.ly/1Oyi5i7',7,'2015-10-15 13:30:00','2015-10-15 16:30:00',0,NULL,0,NULL,NULL,NULL,'','',1,133,0,'gmx3lt2028b4d5tielq9j0ici6','',NULL,0,0,0,35),(17,'supmit@gmail.com','http://bit.ly/1K5lnDe',1,'2015-10-15 04:00:00','2015-10-15 07:00:00',0,NULL,0,NULL,NULL,NULL,'','',1,134,0,'ig79kacorwt6xlv4ije8qqlym7','',NULL,0,0,0,36),(20,'supmit13@yahoo.com','http://bit.ly/1OyjhSK',1,'2015-10-15 04:00:00','2015-10-15 07:00:00',0,NULL,0,NULL,NULL,NULL,'','',1,135,0,'vru5kveznxxjl9uz19o8h3feq4','',NULL,0,0,0,36),(18,'codexaddict@gmail.com','http://bit.ly/1OyjjKv',1,'2015-10-15 04:00:00','2015-10-15 07:00:00',0,NULL,0,NULL,NULL,NULL,'','',1,136,0,'zugjq3nyx0mgcx8j6zne9kx9vc','',NULL,0,0,0,36),(20,'supmit13@yahoo.com','http://bit.ly/1K5lFdo',1,'2015-10-15 08:00:00','2015-10-15 11:00:00',0,NULL,0,NULL,NULL,NULL,'','',1,137,0,'5avotzzem05p54i3bckyd4qqt5','',NULL,0,0,0,37),(18,'codexaddict@gmail.com','http://bit.ly/1Oyjrtm',1,'2015-10-15 08:00:00','2015-10-15 11:00:00',0,NULL,0,NULL,NULL,NULL,'','',1,138,0,'wy6ywf5bmz11ibeyo0bbl67zac','',NULL,0,0,0,37),(18,'codexaddict@gmail.com','http://bit.ly/1jluBX0',11,'2015-10-15 13:00:00','2015-10-15 14:00:00',0,NULL,0,NULL,NULL,NULL,'','',1,139,0,'hfgajmjylg6m8xl9lhv6zf5rs5','',NULL,0,0,0,38),(20,'supmit13@yahoo.com','http://bit.ly/1N9VLK9',11,'2015-10-15 13:00:00','2015-10-15 14:00:00',0,NULL,0,NULL,NULL,NULL,'','',1,140,0,'ph0hfn8m7n9tpscjcxgt961o41','',NULL,0,0,0,38),(18,'codexaddict@gmail.com','http://bit.ly/1G6Avp5',3,'2015-10-15 01:04:30','2015-10-15 01:04:30',0,NULL,0,NULL,NULL,NULL,'','',1,147,0,'040ef5tytwg2hwo9wxv0uvcoyu','',NULL,0,0,0,44),(20,'supmit13@yahoo.com','http://bit.ly/1Kaixgt',3,'2015-10-15 01:04:30','2015-10-15 01:04:30',0,NULL,0,NULL,NULL,NULL,'','',1,148,0,'iwztqceqbxtc3vz1a0cigi23ka','',NULL,0,0,0,44),(16,'vns_smitra@yahoo.co.in','http://bit.ly/1G6AvWc',3,'2015-10-15 01:04:30','2015-10-15 01:04:30',0,NULL,0,NULL,NULL,NULL,'','',1,149,0,'el09hcy3efrjdxn3vfvome840p','',NULL,0,0,0,44),(18,'codexaddict@gmail.com','http://bit.ly/1jpy1bf',3,'2015-10-15 03:05:38','2015-10-15 03:05:38',0,NULL,0,NULL,NULL,NULL,'','',1,162,0,'x6iivd3s28kxxvgsy8h1zek4iw','',NULL,0,0,0,55),(20,'supmit13@yahoo.com','http://bit.ly/1LNvbmH',3,'2015-10-15 03:05:38','2015-10-15 03:05:38',0,NULL,0,NULL,NULL,NULL,'','',1,163,0,'ujoo62kag3spl4s1y83fmy0ql4','',NULL,0,0,0,55),(16,'vns_smitra@yahoo.co.in','http://bit.ly/1jpy1Ig',3,'2015-10-15 03:05:38','2015-10-15 03:05:38',0,NULL,0,NULL,NULL,NULL,'','',1,164,0,'eyoq0xxhaeb58ib4dxmz6mkinq','',NULL,0,0,0,55),(18,'codexaddict@gmail.com','http://bit.ly/1jpy9HK',3,'2015-10-15 08:30:00','2015-10-15 08:40:00',0,NULL,0,NULL,NULL,NULL,'','',1,165,0,'1chiljr7qayi8yxmivxknjwbn8','',NULL,0,0,0,56),(20,'supmit13@yahoo.com','http://bit.ly/1LNvoq2',3,'2015-10-15 08:30:00','2015-10-15 08:40:00',0,NULL,0,NULL,NULL,NULL,'','',1,166,0,'bgisc1gqeibg2ew3st9xm0y8xi','',NULL,0,0,0,56),(16,'vns_smitra@yahoo.co.in','http://bit.ly/1jpycmW',3,'2015-10-15 08:30:00','2015-10-15 08:40:00',0,NULL,0,NULL,NULL,NULL,'','',1,167,0,'bg868xt6071cmn0e7cnzmg9n5q','',NULL,0,0,0,56),(18,'codexaddict@gmail.com','http://bit.ly/1jpyYQQ',3,'2015-10-15 08:46:00','2015-10-15 08:50:00',0,NULL,0,NULL,NULL,NULL,'','',1,168,0,'vfzihrgit05lfp16kfynpr5sch','',NULL,0,0,0,57),(20,'supmit13@yahoo.com','http://bit.ly/1LNwkuo',3,'2015-10-15 08:46:00','2015-10-15 08:50:00',0,NULL,0,NULL,NULL,NULL,'','',1,169,0,'xt2qkdcixyjdbfzze6ejfj3m30','',NULL,0,0,0,57),(16,'vns_smitra@yahoo.co.in','http://bit.ly/1jpyZnX',3,'2015-10-15 08:46:00','2015-10-15 08:50:00',0,NULL,0,NULL,NULL,NULL,'','',1,170,0,'k7dzdz33b3ov4t8jacbujmvcat','',NULL,0,0,0,57),(17,'supmit@gmail.com','http://bit.ly/1GKW9Ks',2,'2015-10-17 12:02:00','2015-10-17 12:12:00',0,NULL,0,NULL,NULL,NULL,'','',1,171,0,'v84nns8foryb3jvqdugdf19d6a','',NULL,0,0,0,68),(20,'supmit13@yahoo.com','http://bit.ly/1MGbr82',17,'2015-11-27 01:16:00','2015-11-29 01:17:00',2,NULL,0,'2015-11-26 19:57:08','2015-11-26 20:21:10','192.168.1.4','Mozilla/5.0 (X11; Linux x86_64) AppleWebKit/537.36 (KHTML, like Gecko) Chrome/41.0.2272.101 Safari/537.36','',1,172,0,'rnigo6sh7ajxx94egu20uqjzip','',NULL,0,0,0,184),(20,'supmit13@yahoo.com','http://bit.ly/1QfEZMj',16,'2015-12-02 23:27:56','2015-12-06 23:27:56',0,NULL,0,NULL,NULL,NULL,'','',1,173,0,'wh88hu2snt7qrt6u2i3fvixyj5','',NULL,0,0,0,NULL),(20,'supmit13@yahoo.com','http://bit.ly/1PGnhmD',17,'2015-12-10 06:00:00','2015-12-08 06:00:00',2,NULL,0,'2015-12-05 01:10:24','2015-12-05 01:31:28','192.168.1.4','Mozilla/5.0 (X11; Linux x86_64) AppleWebKit/537.36 (KHTML, like Gecko) Chrome/41.0.2272.101 Safari/537.36','',1,174,0,'xqil9istcp0zeoty6vht8n89oh','',NULL,0,0,0,190),(16,'vns_smitra@yahoo.co.in','http://bit.ly/1IK7gUW',17,'2015-12-05 07:10:00','2015-12-08 07:10:00',0,NULL,0,NULL,NULL,NULL,'','',1,175,0,'wkxhwg6ej3ohfbisc9eqm0qc1i','',NULL,0,0,0,191),(18,'codexaddict@gmail.com','http://bit.ly/1Iv15t9',17,'2015-12-05 07:10:00','2015-12-08 07:10:00',0,NULL,0,NULL,NULL,NULL,'','',1,176,0,'vwy41un2eqb7ml4vuas233odfb','',NULL,0,0,0,191),(17,'supmit@gmail.com','http://bit.ly/1N9GOGf',20,'2015-12-05 15:50:00','2015-12-08 15:50:00',0,NULL,0,NULL,NULL,NULL,'','',1,177,0,'tbewq9oaspoahstse7btwgzhnf','',NULL,0,0,0,194),(20,'supmit13@yahoo.com','http://bit.ly/1N9GPK4',20,'2015-12-05 15:50:00','2015-12-08 15:50:00',0,NULL,0,NULL,NULL,NULL,'','',1,178,0,'00pj24d16ogg88ca0c5fg7nnp4','',NULL,0,0,0,194),(21,'smitra@dcmds.com','http://bit.ly/1IyrpTs',13,'2015-12-28 13:24:19','2016-03-28 13:24:19',2,NULL,0,NULL,NULL,'192.168.43.55','Mozilla/5.0 (X11; Linux x86_64) AppleWebKit/537.36 (KHTML, like Gecko) Chrome/41.0.2272.101 Safari/537.36','',1,179,0,'29czve2lpfcckwwf1a0by8dutw','',NULL,2,0,0,NULL),(21,'smitra@dcmds.com','http://bit.ly/1OinSci',13,'2015-12-29 14:10:00','2015-12-30 14:10:00',2,1,23,NULL,NULL,'192.168.43.55','Mozilla/5.0 (X11; Linux x86_64) AppleWebKit/537.36 (KHTML, like Gecko) Chrome/41.0.2272.101 Safari/537.36','',1,180,0,'wj2658it3qrm2xudq2yrxw41zv','',1451379006,2,0,1,211),(18,'codexaddict@gmail.com','http://bit.ly/28SZGgX',17,'2016-07-02 08:00:00','2016-07-05 08:00:00',0,NULL,0,NULL,NULL,NULL,'','',1,181,0,'dkeetesslqie2xuddpcsu0tkqk','',NULL,0,0,0,218),(18,'codexaddict@gmail.com','http://bit.ly/28T1YN3',3,'2016-07-01 14:00:00','2016-07-04 14:00:00',0,NULL,0,NULL,NULL,NULL,'','',1,182,0,'qjmx4gqc5inr0ttd9fbkzpk9kh','',NULL,0,0,0,220),(18,'codexaddict@gmail.com','http://bit.ly/28ZjnSA',164,'2016-06-29 04:30:00','2016-07-02 04:30:00',0,NULL,0,NULL,NULL,NULL,'','',1,183,0,'3ylxijd6xb6mj6eig8q7u1r0tn','',NULL,0,0,0,227),(18,'codexaddict@gmail.com','http://bit.ly/29vtymx',75,'2016-07-09 06:30:25','2016-07-09 07:30:37',0,NULL,0,NULL,NULL,NULL,'','',1,184,0,'p3v8xipk9i0jo659wcuwboufzd','',NULL,0,0,0,277),(18,'codexaddict@gmail.com','http://bit.ly/29vuY0a',75,'2016-07-09 06:45:03','2016-07-09 07:45:26',0,NULL,0,NULL,NULL,NULL,'','',1,185,0,'2me7zgwevpdihvqp7t4ponk9np','',NULL,0,0,0,278),(18,'codexaddict@gmail.com','http://bit.ly/29sk73g',3,'2016-07-09 06:50:17','2016-07-09 07:50:22',0,NULL,0,NULL,NULL,NULL,'','',1,186,0,'nguytc9zihx17t87oj9c5n3b72','',NULL,0,0,0,279);
/*!40000 ALTER TABLE `Tests_usertest` ENABLE KEYS */;
UNLOCK TABLES;

--
-- Table structure for table `Tests_wouldbeusers`
--

DROP TABLE IF EXISTS `Tests_wouldbeusers`;
/*!40101 SET @saved_cs_client     = @@character_set_client */;
/*!40101 SET character_set_client = utf8 */;
CREATE TABLE `Tests_wouldbeusers` (
  `emailaddr` varchar(150) DEFAULT NULL,
  `test_id` int(11) DEFAULT NULL,
  `testurl` varchar(200) DEFAULT NULL,
  `validfrom` datetime DEFAULT NULL,
  `validtill` datetime DEFAULT NULL,
  `id` int(11) NOT NULL AUTO_INCREMENT,
  `active` tinyint(1) DEFAULT '1',
  `cancelled` tinyint(1) DEFAULT '0',
  `status` int(11) NOT NULL,
  `outcome` tinyint(1) DEFAULT NULL,
  `score` double DEFAULT NULL,
  `starttime` datetime DEFAULT NULL,
  `endtime` datetime DEFAULT NULL,
  `ipaddress` char(39) DEFAULT '',
  `clientsware` char(150) DEFAULT '',
  `stringid` varchar(100) DEFAULT NULL,
  `evaluator_comment` longtext,
  `first_eval_timestamp` int(11) DEFAULT NULL,
  `visibility` int(11) DEFAULT '0',
  `disqualified` tinyint(1) DEFAULT '0',
  `evalcommitstate` tinyint(1) DEFAULT '0',
  `schedule_id` int(11) DEFAULT NULL,
  PRIMARY KEY (`id`)
) ENGINE=InnoDB AUTO_INCREMENT=418 DEFAULT CHARSET=latin1;
/*!40101 SET character_set_client = @saved_cs_client */;

--
-- Dumping data for table `Tests_wouldbeusers`
--

LOCK TABLES `Tests_wouldbeusers` WRITE;
/*!40000 ALTER TABLE `Tests_wouldbeusers` DISABLE KEYS */;
INSERT INTO `Tests_wouldbeusers` VALUES ('supmit2k3@yahoo.com',7,'http://bit.ly/1O1TgYH','2015-04-12 00:28:41','2015-07-12 00:28:41',63,1,0,0,NULL,0,'2015-05-23 07:24:25','2015-05-23 07:24:59','192.168.1.2','Mozilla/5.0 (X11; Linux x86_64) AppleWebKit/537.36 (KHTML, like Gecko) Ubuntu Chromium/37.0.2062.120 Chrome/37.0.2062.120 Safari/537.36','djb57bzdjrnzz10z597o4xmx2k',NULL,NULL,0,0,0,NULL),('supmit@rediffmail.com',7,'http://bit.ly/1HfdbmX','2015-04-12 00:28:41','2015-07-12 00:28:41',64,1,0,0,NULL,0,NULL,NULL,NULL,'','p3xxetjq6dm2b76132khn45828',NULL,NULL,0,0,0,NULL),('supmit2k3@yahoo.com',7,'http://bit.ly/1O1TgYH','2015-04-12 00:32:20','2015-07-12 00:32:20',65,1,0,0,NULL,0,NULL,NULL,NULL,'','',NULL,NULL,0,0,0,NULL),('supmit@rediffmail.com',7,'http://bit.ly/1HfdbmX','2015-04-12 00:32:20','2015-07-12 00:32:20',66,1,0,0,NULL,0,NULL,NULL,NULL,'','',NULL,NULL,0,0,0,NULL),('supmit2k3@yahoo.com',5,'http://bit.ly/1CGfLvH','2015-04-13 01:21:30','2015-07-13 01:21:30',67,1,0,0,NULL,0,'2015-04-13 03:30:07',NULL,'192.168.1.3','Mozilla/5.0 (X11; Ubuntu; Linux x86_64; rv:26.0) Gecko/20100101 Firefox/26.0','pvinfu1zsdo9nkub9jjdvs7erf',NULL,NULL,0,0,0,NULL),('supmit2k3@yahoo.com',4,'http://bit.ly/1GBsves','2015-04-13 01:34:34','2015-07-13 01:34:34',68,1,0,0,NULL,0,'2015-04-25 06:24:51',NULL,'192.168.1.3','Mozilla/5.0 (X11; Ubuntu; Linux x86_64; rv:26.0) Gecko/20100101 Firefox/26.0','gny8llgd4kludnhcsvw3g742jy',NULL,NULL,0,0,0,NULL),('supmit13@yahoo.com',4,'http://bit.ly/1GBsyHk','2015-04-13 01:34:34','2015-07-13 01:34:34',69,1,1,2,NULL,0,'2015-04-13 05:55:36','2015-04-13 05:55:42','192.168.1.3','Mozilla/5.0 (X11; Ubuntu; Linux x86_64; rv:26.0) Gecko/20100101 Firefox/26.0','oqx2vez10crm1rwxmpc982i6b3',NULL,NULL,0,0,0,NULL),('supmit@rediffmail.com',4,'http://bit.ly/1CGgDAm','2015-04-13 01:34:34','2015-07-13 01:34:34',70,1,0,2,1,66,'2015-06-02 02:50:09','2015-06-02 03:00:11','192.168.1.2','Mozilla/5.0 (X11; Ubuntu; Linux x86_64; rv:26.0) Gecko/20100101 Firefox/26.0','tvw7db9rs0b77k8es0gfrzd2ff','Good!',1433181954,0,0,0,NULL),('supmit2k3@yahoo.com',7,'http://bit.ly/1O1TgYH','2015-04-13 06:14:13','2015-07-13 06:14:13',71,1,0,0,NULL,0,NULL,NULL,NULL,'','',NULL,NULL,0,0,0,NULL),('supmit13@yahoo.com',7,'http://bit.ly/1yizCpo','2015-04-13 06:14:13','2015-07-13 06:14:13',72,1,0,0,NULL,0,NULL,NULL,NULL,'','847x0b1r5rljr99gjx7piol04k',NULL,NULL,0,0,0,NULL),('supmit@rediffmail.com',5,'http://bit.ly/1aPKL6n','2015-04-15 05:29:33','2015-07-15 05:29:33',73,1,0,0,NULL,0,'2015-05-15 03:31:03','2015-05-15 03:37:53','192.168.1.3','Mozilla/5.0 (X11; Linux x86_64) AppleWebKit/537.36 (KHTML, like Gecko) Ubuntu Chromium/37.0.2062.120 Chrome/37.0.2062.120 Safari/537.36','6fpejnb0czqxffacb4kxlllzol',NULL,NULL,0,0,0,NULL),('vns_smitra@yahoo.co.in',5,'http://bit.ly/1GHzvq9','2015-04-15 05:29:33','2015-07-15 05:29:33',74,1,0,0,NULL,0,NULL,NULL,NULL,'','37xetn1a3qd24n1nxjmmvrov4r',NULL,NULL,0,0,0,NULL),('supmit@rediffmail.com',4,'http://bit.ly/1CGgDAm','2015-04-23 03:31:26','2015-07-23 03:31:26',75,1,1,0,NULL,0,NULL,NULL,NULL,'','',NULL,NULL,0,0,0,NULL),('supmit@rediffmail.com',5,'http://bit.ly/1aPKL6n','2015-05-10 04:20:43','2015-08-10 04:20:43',76,1,0,0,NULL,0,NULL,NULL,NULL,'','',NULL,NULL,0,0,0,NULL),('supmit@rediffmail.com',3,'http://bit.ly/1Kx9CYu','2015-05-10 19:55:43','2015-08-10 19:55:43',77,1,0,0,NULL,0,NULL,NULL,NULL,'','68tnwcdm6i684uk0ndaofcuom9',NULL,NULL,0,0,0,NULL),('supmit13@yahoo.com',3,'http://bit.ly/1RqUsJC','2015-05-10 19:55:43','2015-08-10 19:55:43',78,1,0,0,NULL,0,'2015-05-14 05:09:56','2015-05-14 05:08:01','192.168.1.4','Mozilla/5.0 (X11; Linux x86_64) AppleWebKit/537.36 (KHTML, like Gecko) Ubuntu Chromium/37.0.2062.120 Chrome/37.0.2062.120 Safari/537.36','kw5w6ylpqfq5k6u6w383g7xi12',NULL,NULL,0,0,0,NULL),('supmit2k3@yahoo.com',3,'http://bit.ly/1KxaiwS','2015-05-10 20:03:43','2015-08-10 20:03:43',79,1,1,0,NULL,0,NULL,NULL,NULL,'','mu932szelk8wb8qargv6nn4voy',NULL,NULL,0,0,0,NULL),('durgapr12@rediffmail.com',5,'http://bit.ly/1RqVIMJ','2015-05-10 20:06:50','2015-08-10 20:06:50',80,0,0,0,NULL,0,NULL,NULL,NULL,'','fq86u8wzlwvvx29y5v0n9l0fc0',NULL,NULL,0,0,0,NULL),('supmit@rediffmail.com',5,'http://bit.ly/1aPKL6n','2015-05-10 20:06:50','2015-08-10 20:06:50',81,1,0,0,NULL,0,NULL,NULL,NULL,'','',NULL,NULL,0,0,0,NULL),('supmit@rediffmail.com',7,'http://bit.ly/1HfdbmX','2015-05-10 20:07:33','2015-08-10 20:07:33',83,1,0,0,NULL,0,NULL,NULL,NULL,'','',NULL,NULL,0,0,0,NULL),('supmit@rediffmail.com',4,'http://bit.ly/1CGgDAm','2015-05-10 20:09:12','2015-08-10 20:09:12',84,1,0,0,NULL,0,NULL,NULL,NULL,'','',NULL,NULL,0,0,0,NULL),('supmit@rediffmail.com',1,'http://bit.ly/1Kxd19K','2015-05-10 20:32:43','2015-08-10 20:32:43',85,1,0,2,NULL,0,'2015-06-03 07:03:54','2015-06-03 07:43:56','192.168.1.2','Mozilla/5.0 (X11; Linux x86_64) AppleWebKit/537.36 (KHTML, like Gecko) Ubuntu Chromium/37.0.2062.120 Chrome/37.0.2062.120 Safari/537.36','oftn1orv7v4m85kqrs44h7hpcv',NULL,NULL,0,0,0,NULL),('supmit@rediffmail.com',2,'http://bit.ly/1RqZlSM','2015-05-10 20:41:12','2015-08-10 20:41:12',86,1,0,2,NULL,39,'2015-06-04 05:25:37','2015-06-04 06:55:40','192.168.1.5','Mozilla/5.0 (X11; Ubuntu; Linux x86_64; rv:26.0) Gecko/20100101 Firefox/26.0','morkty5y5a1q17adzmx3q3wrls','ghgffhgfhgfhgfhghghfgh',1433365419,0,0,0,NULL),('supmit@rediffmail.com',3,'http://bit.ly/1Kx9CYu','2015-05-11 04:23:26','2015-08-11 04:23:26',87,1,0,0,NULL,0,NULL,NULL,NULL,'','',NULL,NULL,0,0,0,NULL),('supmit@rediffmail.com',3,'http://bit.ly/1Kx9CYu','2015-05-11 04:29:02','2015-08-11 04:29:02',88,1,0,0,NULL,0,NULL,NULL,NULL,'','',NULL,NULL,0,0,0,NULL),('supmit@rediffmail.com',3,'http://bit.ly/1Kx9CYu','2015-05-11 04:30:03','2015-08-11 04:30:03',89,1,0,0,NULL,0,NULL,NULL,NULL,'','',NULL,NULL,0,0,0,NULL),('supmit@rediffmail.com',3,'http://bit.ly/1Kx9CYu','2015-05-11 04:30:42','2015-08-11 04:30:42',90,1,0,0,NULL,0,NULL,NULL,NULL,'','',NULL,NULL,0,0,0,NULL),('supmit@rediffmail.com',1,'http://bit.ly/1Kxd19K','2015-05-11 04:31:33','2015-08-11 04:31:33',91,1,0,0,NULL,0,NULL,NULL,NULL,'','',NULL,NULL,0,0,0,NULL),('supmit13@yahoo.com',1,'http://bit.ly/1F7sZaz','2015-05-11 04:31:33','2015-08-11 04:31:33',92,1,0,2,NULL,29.5,'2015-05-23 07:35:33','2015-05-23 07:37:10','192.168.1.2','Mozilla/5.0 (X11; Linux x86_64) AppleWebKit/537.36 (KHTML, like Gecko) Ubuntu Chromium/37.0.2062.120 Chrome/37.0.2062.120 Safari/537.36','wf4iwuldqrsoi9addn9n9n5p9w','Good%20test!!!!!!%0A%0AHello',1433182235,0,0,0,NULL),('supmit@rediffmail.com',3,'http://bit.ly/1Kx9CYu','2015-05-11 04:31:57','2015-08-11 04:31:57',93,1,0,0,NULL,0,NULL,NULL,NULL,'','',NULL,NULL,0,0,0,NULL),('supmit13@yahoo.com',3,'http://bit.ly/1RqUsJC','2015-05-11 04:31:57','2015-08-11 04:31:57',94,1,0,0,NULL,0,NULL,NULL,NULL,'','',NULL,NULL,0,0,0,NULL),('supmit@rediffmail.com',8,'http://bit.ly/1JA4UJ8','2015-05-11 04:33:10','2015-08-11 04:33:10',95,1,0,0,NULL,0,NULL,NULL,NULL,'','lkr825fepmgcbz2el0hv4vjyq2',NULL,NULL,0,0,0,NULL),('supmit13@yahoo.com',8,'http://bit.ly/1F7t9P6','2015-05-11 04:33:10','2015-08-11 04:33:10',96,1,0,2,1,15,'2015-05-29 02:57:48','2015-05-29 03:02:50','192.168.1.4','Mozilla/5.0 (X11; Ubuntu; Linux x86_64; rv:26.0) Gecko/20100101 Firefox/26.0','mp2hn66xir8mtzpfjc2gbty2mv','hello%20world!!!!%0A%0Ahello%20supriyo',1433189467,0,0,0,NULL),('supmit@rediffmail.com',5,'http://bit.ly/1aPKL6n','2015-05-22 04:58:13','2015-08-22 04:58:13',97,1,0,0,NULL,0,NULL,NULL,NULL,'','',NULL,NULL,0,0,0,NULL),('supmit13@yahoo.com',5,'http://bit.ly/1EmV8oW','2015-05-22 16:21:29','2015-08-22 16:21:29',98,1,0,0,NULL,0,NULL,NULL,NULL,'','pr0dllpukyo7xmuosu8jdhxqmi',NULL,NULL,0,0,0,NULL),('supmit13@yahoo.com',11,'http://bit.ly/1K9QjV6','2015-05-23 05:16:59','2015-08-23 05:16:59',99,1,0,0,NULL,0,NULL,NULL,NULL,'','j07oyqgg5k3cohirxwbvxvmb5a',NULL,NULL,0,0,0,NULL),('durgapr12@rediffmail.com',7,'http://bit.ly/1An0pSM','2015-05-24 19:04:09','2015-08-24 19:04:09',101,1,0,0,NULL,0,'2015-05-24 23:22:07','2015-05-24 23:31:55','192.168.1.2','Mozilla/5.0 (X11; Linux x86_64) AppleWebKit/537.36 (KHTML, like Gecko) Ubuntu Chromium/37.0.2062.120 Chrome/37.0.2062.120 Safari/537.36','egl5e54x6wuu5edscqhmobis9t',NULL,NULL,0,0,0,NULL),('supmit13@yahoo.com',4,'http://bit.ly/1GBsyHk','2015-06-14 13:47:59','2015-09-14 13:47:59',102,1,0,0,NULL,0,NULL,NULL,NULL,'','','',NULL,0,0,0,NULL),('vns_smitra@yahoo.co.in',3,'http://bit.ly/1G3u8vS','2015-06-14 14:10:53','2015-09-14 14:10:53',103,1,0,0,NULL,0,NULL,NULL,NULL,'','niudmvh2t0mb3gjcqyx0ipn127','',NULL,0,0,0,NULL),('supmit@rediffmail.com',8,'http://bit.ly/1JA4UJ8','2015-06-26 06:49:39','2015-09-26 06:49:39',104,1,0,0,NULL,0,NULL,NULL,NULL,'','','',NULL,0,0,0,NULL),('supmit13@gmail.com',8,'http://bit.ly/1JmlzUp','2015-06-26 06:49:39','2015-09-26 06:49:39',105,1,0,2,0,5,'2015-09-07 22:43:00','2015-09-07 22:43:28','192.168.1.3','Mozilla/5.0 (X11; Linux x86_64) AppleWebKit/537.36 (KHTML, like Gecko) Ubuntu Chromium/37.0.2062.120 Chrome/37.0.2062.120 Safari/537.36','haldmub3176g4h7eyabeovqqoo','',1444702918,0,0,1,NULL),('supmit2k3@yahoo.com',3,'http://bit.ly/1KxaiwS','2015-06-26 07:59:34','2015-09-26 07:59:34',106,1,0,0,NULL,0,NULL,NULL,NULL,'','','',NULL,0,0,0,NULL),('supmit2k3@gmail.com',11,'http://bit.ly/1Igtwce','2015-06-26 08:01:22','2015-09-26 08:01:22',107,1,0,2,NULL,0,'2015-09-08 00:49:52','2015-09-08 00:50:14','192.168.1.2','Mozilla/5.0 (X11; Ubuntu; Linux x86_64; rv:26.0) Gecko/20100101 Firefox/26.0','7h81qoted3wcm9z1nslqefr5m4','',NULL,0,0,0,NULL),('supmit@rediffmail.com',8,'http://bit.ly/1JA4UJ8','2015-08-14 05:44:56','2015-11-14 06:44:56',108,1,0,0,NULL,0,NULL,NULL,NULL,'','','',NULL,0,0,0,NULL),('supmit@rediffmail.com',5,'http://bit.ly/1aPKL6n','2015-08-14 06:21:01','2015-11-14 07:21:01',109,1,0,0,NULL,0,NULL,NULL,NULL,'','','',NULL,0,0,0,NULL),('supmit@rediffmail.com',5,'http://bit.ly/1aPKL6n','2015-08-14 06:22:22','2015-11-14 07:22:22',110,1,0,0,NULL,0,NULL,NULL,NULL,'','','',NULL,0,0,0,NULL),('supmit@rediffmail.com',5,'http://bit.ly/1DQL5zd','2015-08-14 06:27:34','2015-11-14 07:27:34',111,1,0,0,NULL,0,NULL,NULL,NULL,'','ztlcr3mccqy5jodh97m919kucn','',NULL,0,0,0,NULL),('supmit@rediffmail.com',13,'http://bit.ly/1KWcDos','2015-09-07 23:10:38','2015-12-08 00:10:38',112,1,0,2,1,10,'2015-10-20 06:02:52','2015-10-20 06:03:21','192.168.1.3','Mozilla/5.0 (X11; Linux x86_64) AppleWebKit/537.36 (KHTML, like Gecko) Chrome/41.0.2272.101 Safari/537.36','8suse3khila301ruzw4p3wmwds','',1451376846,0,0,1,NULL),('a@b.c',8,'http://bit.ly/1QjXayO','2015-09-07 23:15:13','2015-12-08 00:15:13',113,1,0,0,NULL,0,NULL,NULL,NULL,'','qm46xu88fetzsst7yi1wbzmmp6','',NULL,0,0,0,NULL),('c@d.e',7,'http://bit.ly/1Lf0zdT','2015-09-08 00:43:46','2015-12-08 01:43:46',114,1,0,2,NULL,0,'2015-09-08 04:13:15','2015-09-08 04:13:25','192.168.1.2','Mozilla/5.0 (X11; Linux x86_64) AppleWebKit/537.36 (KHTML, like Gecko) Ubuntu Chromium/37.0.2062.120 Chrome/37.0.2062.120 Safari/537.36','b82thdla604bhni4v2twbxux6w','',NULL,0,0,0,NULL),('a@b.c',7,'http://bit.ly/1UwVaZQ','2015-09-08 00:43:46','2015-12-08 01:43:46',115,1,0,2,0,0,'2015-09-08 02:46:51','2015-09-08 02:52:25','192.168.1.2','Mozilla/5.0 (X11; Ubuntu; Linux x86_64; rv:26.0) Gecko/20100101 Firefox/26.0','w6jcgcw8zvkr5vjgn47vqmbkwr','',1444702720,0,0,1,NULL),('b@c.a',8,'http://bit.ly/1O8MeEN','2015-09-08 04:15:13','2015-12-08 05:15:13',116,1,0,2,0,0,'2015-09-08 04:24:02','2015-09-08 04:25:03','192.168.1.2','Mozilla/5.0 (X11; Linux x86_64) AppleWebKit/537.36 (KHTML, like Gecko) Ubuntu Chromium/37.0.2062.120 Chrome/37.0.2062.120 Safari/537.36','d3o0kg0auy9wfq0iixidxj1ju1','',1444702868,0,0,1,NULL),('a@b.d',8,'http://bit.ly/1PXvVJu','2015-09-08 04:15:13','2015-12-08 05:15:13',117,1,0,2,1,13,'2015-09-08 04:15:50','2015-09-08 04:21:04','192.168.1.2','Mozilla/5.0 (X11; Linux x86_64) AppleWebKit/537.36 (KHTML, like Gecko) Ubuntu Chromium/37.0.2062.120 Chrome/37.0.2062.120 Safari/537.36','8vtn8gbrowyeljwt4uooy79js2','',1441698110,0,0,0,NULL),('a@c.d',5,'http://bit.ly/1O8NnMI','2015-09-08 04:28:01','2015-12-08 05:28:01',118,1,0,1,NULL,0,'2015-09-08 04:29:55',NULL,'192.168.1.2','Mozilla/5.0 (X11; Linux x86_64) AppleWebKit/537.36 (KHTML, like Gecko) Ubuntu Chromium/37.0.2062.120 Chrome/37.0.2062.120 Safari/537.36','a4gmw7vwnkyyskzligind8mimh','',NULL,0,0,0,NULL),('a@b.c',5,'http://bit.ly/1PXxjvJ','2015-09-08 04:28:01','2015-12-08 05:28:01',119,1,0,1,NULL,0,'2015-09-08 04:28:30',NULL,'192.168.1.2','Mozilla/5.0 (X11; Linux x86_64) AppleWebKit/537.36 (KHTML, like Gecko) Ubuntu Chromium/37.0.2062.120 Chrome/37.0.2062.120 Safari/537.36','bsl1m9x8ufswwp8fwqomg4k2e2','',NULL,0,0,0,NULL),('a@b.c',4,'http://bit.ly/1O8NMyD','2015-09-08 04:32:52','2015-12-08 05:32:52',120,1,0,2,NULL,0,'2015-09-08 05:15:51','2015-09-08 05:25:57','192.168.1.2','Mozilla/5.0 (X11; Linux x86_64) AppleWebKit/537.36 (KHTML, like Gecko) Ubuntu Chromium/37.0.2062.120 Chrome/37.0.2062.120 Safari/537.36','82jog9aoqqjjb1hejuvhlepfgm','',NULL,0,0,0,NULL),('a@x.y',4,'http://bit.ly/1PXxQOn','2015-09-08 04:32:52','2015-12-08 05:32:52',121,1,0,0,NULL,0,NULL,NULL,NULL,'','3t8rshwdmnhoxokabowt06lyec','',NULL,0,0,0,NULL),('ssss@ddd.hhh',14,'http://bit.ly/1hvGWGn','2015-10-10 17:14:17','2015-12-10 18:14:17',122,1,0,0,NULL,0,NULL,NULL,NULL,'','zj5nw2kdjy7jvsvpqhoy0eyxh3','',NULL,0,0,0,NULL),('aaaa@aaaaa.aaa',16,'http://bit.ly/1Lna0vK','2015-10-10 17:16:20','2015-12-10 18:16:20',123,1,0,0,NULL,0,NULL,NULL,NULL,'','8of2x4974oa3tzxjf6hrbz18tm','',NULL,0,0,0,NULL),('ggggg@hhh.hhh',8,'http://bit.ly/1hvHgVv','2015-10-10 17:20:02','2015-12-10 18:20:02',124,1,0,0,NULL,0,NULL,NULL,NULL,'','220ivbbg7afqem39o3o6m7syf0','',NULL,0,0,0,NULL),('supmit2k3@yahoo.com',4,'http://bit.ly/1K5gxpG','2015-10-16 01:41:00','2015-10-16 04:41:00',125,1,0,0,NULL,0,NULL,NULL,NULL,'','m3dgnw67insjs2igj3awi9jk5o','',NULL,0,0,0,34),('supmit2k3@yahoo.com',7,'http://bit.ly/1K5jtTe','2015-10-15 13:30:00','2015-10-15 16:30:00',126,1,0,0,NULL,0,NULL,NULL,NULL,'','3h6w72wilu5d3b7psw9wntme6o','',NULL,0,0,0,35),('supmit2k3@yahoo.com',1,'http://bit.ly/1K5lr5V','2015-10-15 04:00:00','2015-10-15 07:00:00',127,1,0,0,NULL,0,NULL,NULL,NULL,'','alkmjj4dvez0ulw0zhmv5ophb9','',NULL,0,0,0,36),('supmit2k3@yahoo.com',11,'http://bit.ly/1N9VLtN','2015-10-15 13:00:00','2015-10-15 14:00:00',128,1,0,0,NULL,0,NULL,NULL,NULL,'','t3grimddgzdxv14tc73036cl50','',NULL,0,0,0,38),('ssss@ssss.ssss',11,'http://bit.ly/1jluOJP','2015-10-16 13:30:00','2015-10-16 15:00:00',129,1,0,0,NULL,0,NULL,NULL,NULL,'','m8euj8yidj3pjl2y6eekimu6ih','',NULL,0,0,0,39),('supmit@rediffmail.com',3,'http://bit.ly/1Kacus4','2015-10-15 10:55:00','2015-10-15 11:00:00',130,1,0,0,NULL,0,NULL,NULL,NULL,'','k34h0orzjov5jm6gpmpd614p6y','',NULL,0,0,0,40),('supmit@rediffmail.com',3,'http://bit.ly/1KafAMM','2015-10-15 11:15:00','2015-10-15 11:20:00',131,1,0,0,NULL,0,NULL,NULL,NULL,'','vh7va40s218i3v7dg6it4gdb1a','',NULL,0,0,0,41),('supmit@rediffmail.com',3,'http://bit.ly/1KaiEbL',NULL,NULL,132,1,0,0,NULL,0,NULL,NULL,NULL,'','i3a1d4a9tx0hwgp28b9yc9qp3n','',NULL,0,0,0,44),('supmit@rediffmail.com',3,'http://bit.ly/1KaiKA0','2015-10-15 11:35:00','2015-10-15 11:45:00',133,1,0,0,NULL,0,NULL,NULL,NULL,'','3pegs29gria3wtocxgzan9y3nt','',NULL,0,0,0,45),('supmit@rediffmail.com',3,'http://bit.ly/1KalFsA','2015-10-15 11:55:00','2015-10-15 12:00:00',134,1,0,0,NULL,0,NULL,NULL,NULL,'','b5jjlnyeqpp0dmfoozp494r36v','',NULL,0,0,0,46),('supmit@rediffmail.com',3,'http://bit.ly/1Kansht','2015-10-15 12:10:00','2015-10-15 12:20:00',135,1,0,0,NULL,0,NULL,NULL,NULL,'','1e6m3je4sxtw04ufshux6x68xk','',NULL,0,0,0,47),('supmit@rediffmail.com',3,'http://bit.ly/1KaqC4G','2015-10-15 12:30:00','2015-10-15 12:40:00',136,1,0,0,NULL,0,NULL,NULL,NULL,'','27u5s285nzeu53lb66x7vap1lq','',NULL,0,0,0,53),('supmit@rediffmail.com',3,'http://bit.ly/1LNveyS',NULL,NULL,137,1,0,0,NULL,0,NULL,NULL,NULL,'','5j3nrrtq9r82h1y0px7cp5rbe6','',NULL,0,0,0,55),('supmit@rediffmail.com',3,'http://bit.ly/1LNvrC5','2015-10-15 08:30:00','2015-10-15 08:40:00',138,1,0,0,NULL,0,NULL,NULL,NULL,'','aqriodylocrehs6tnn4u8sfjlf','',NULL,0,0,0,56),('supmit@rediffmail.com',3,'http://bit.ly/1LNwlOX','2015-10-15 08:46:00','2015-10-15 08:50:00',139,1,0,0,NULL,0,NULL,NULL,NULL,'','5gezmngq9mq7spzq609r0g49qj','',NULL,0,0,0,57),('aaa@aaa.aaa',3,'http://bit.ly/1jpBeYy','2015-10-15 09:10:00','2015-10-15 09:20:00',140,1,0,0,NULL,0,NULL,NULL,NULL,'','wsuieivcuxdpk3zavpe2uvsfo4','',NULL,0,0,0,58),('bbb@bbb.bbb',3,'http://bit.ly/1LNyGcB','2015-10-15 09:10:00','2015-10-15 09:20:00',141,1,0,0,NULL,0,NULL,NULL,NULL,'','3zo7okj7a47xxna9onnmievhbg','',NULL,0,0,0,58),('ccc@ccc.ccc',3,'http://bit.ly/1VTkOn3','2015-10-15 09:40:00','2015-10-15 09:50:00',142,1,0,0,NULL,0,NULL,NULL,NULL,'','9rrquj5b116w6a16k5tseyqqx0','',NULL,0,0,0,61),('ddd@ddd.ddd',3,'http://bit.ly/1VTnFS9','2015-10-15 09:40:00','2015-10-15 09:50:00',143,1,0,0,NULL,0,NULL,NULL,NULL,'','isx61fcau64l2u4cqfid6wp26l','',NULL,0,0,0,61),('eee@eee.eee',3,'http://bit.ly/1LlFxL7','2015-10-15 11:15:00','2015-10-15 11:25:00',144,1,0,2,NULL,0,'2015-10-15 05:46:21','2015-10-15 05:51:23','192.168.1.2','Mozilla/5.0 (X11; Ubuntu; Linux x86_64; rv:41.0) Gecko/20100101 Firefox/41.0','gz83qgo8lo0ol916yr3liieluy','',NULL,0,0,0,62),('fff@fff.fff',3,'http://bit.ly/1PuwRHJ','2015-10-15 11:15:00','2015-10-15 11:25:00',145,1,0,0,NULL,0,NULL,NULL,NULL,'','d0e8r9q6lo6tu5c1fnuxnoeh5v','',NULL,0,0,0,62),('www@www.www',11,'http://bit.ly/1ZEVohr','2015-10-15 12:15:00','2015-10-15 12:25:00',146,1,0,0,NULL,0,NULL,NULL,NULL,'','6iezybct1ajcrnbfcqbb4tr2tn','',NULL,0,0,0,63),('codexaddict@honeywell.com',11,'http://bit.ly/1LbHFY7','2015-10-15 12:15:00','2015-10-15 12:25:00',147,1,0,0,NULL,0,NULL,NULL,NULL,'','2emrnwwox0ggwt6epnmn9rqflr','',NULL,0,0,0,63),('sss@sss.co.in',3,'http://bit.ly/1LlSmoF','2015-10-15 14:15:00','2015-10-15 14:20:00',148,1,0,0,NULL,0,NULL,NULL,NULL,'','il1r80qwq9eytlztbjh7zojndb','',NULL,0,0,0,64),('sss@sss.co.in',3,'http://bit.ly/1Ox2KQu','2015-10-15 14:25:00','2015-10-15 14:30:00',149,1,0,0,NULL,0,NULL,NULL,NULL,'','o82wkrt8molrr6yddgqv9fdp98','',NULL,0,0,0,65),('sss@sss.co.in',3,'http://bit.ly/1LlT4T1','2015-10-15 14:25:00','2015-10-15 14:30:00',150,1,0,0,NULL,0,NULL,NULL,NULL,'','83vbp4asbmnkoql3au6ijw9kqf','',NULL,0,0,0,66),('wwww@wwww-ddd.com',3,'http://bit.ly/1Ox2Nf5','2015-10-15 14:25:00','2015-10-15 14:30:00',151,1,0,0,NULL,0,NULL,NULL,NULL,'','vbvdt8kwn0znjb0jy2zhg5bo80','',NULL,0,0,0,66),('qqq@qqq.qqq',3,'http://bit.ly/1LlTdWD','2015-10-15 14:25:00','2015-10-15 14:30:00',152,1,0,0,NULL,0,NULL,NULL,NULL,'','50ai5j9em2o380ben2frewzivf','',NULL,0,0,0,67),('ggg@ggg-gg.co.in',3,'http://bit.ly/1Ox2WPI','2015-10-15 14:25:00','2015-10-15 14:30:00',153,1,0,0,NULL,0,NULL,NULL,NULL,'','8l4th4wsbn718deiu84qcyd96b','',NULL,0,0,0,67),('uuu@uuu.com',3,'http://bit.ly/1LlTg4K','2015-10-15 14:25:00','2015-10-15 14:30:00',154,1,0,0,NULL,0,NULL,NULL,NULL,'','vwvm5tvhp0mpy4q9mk6d4ljlma','',NULL,0,0,0,67),('supriyo.mitra@dcmds.co.in',2,'http://bit.ly/1jt6ENL','2015-10-17 12:02:00','2015-10-17 12:12:00',155,1,0,0,NULL,0,NULL,NULL,NULL,'','1s1x3ae959ufzqays9h6qxfpbg','',NULL,0,0,0,68),('abcd@abcd.com',5,'http://bit.ly/1RNsW7U','2015-10-17 00:42:24','2015-12-17 00:42:24',156,1,0,2,NULL,0,'2015-10-17 00:43:32','2015-10-17 00:48:59','192.168.1.2','Mozilla/5.0 (X11; Linux x86_64) AppleWebKit/537.36 (KHTML, like Gecko) Chrome/41.0.2272.101 Safari/537.36','chk399urionkwop1puqyha8rxz','',NULL,0,0,0,NULL),('dddd@dddd.com',4,'http://bit.ly/1ZJWad9','2015-10-17 00:50:41','2015-12-17 00:50:41',157,1,0,2,NULL,0,'2015-10-17 00:51:55','2015-10-17 01:02:11','192.168.1.2','Mozilla/5.0 (X11; Linux x86_64) AppleWebKit/537.36 (KHTML, like Gecko) Chrome/41.0.2272.101 Safari/537.36','chxi4b1dis33wzp7m8nqcbjjiu','',NULL,0,0,0,NULL),('aaaa@aaaa.com',18,'http://bit.ly/1jJgri6','2015-10-17 06:55:00','2015-10-17 07:05:00',158,1,0,0,NULL,0,NULL,NULL,NULL,'','2znqyvtre5uz206gypw3fbojco','',NULL,0,0,0,69),('bbbb@bbbb.com',18,'http://bit.ly/1LTq0b9','2015-10-17 06:55:00','2015-10-17 07:05:00',159,1,0,0,NULL,0,NULL,NULL,NULL,'','9buyhn43a0khucw02igx03sv2w','',NULL,0,0,0,69),('cccc@cccc.co.in',18,'http://bit.ly/1jJgtXc','2015-10-17 06:55:00','2015-10-17 07:05:00',160,1,0,0,NULL,0,NULL,NULL,NULL,'','tybq8tvgnlxj2ty2dwmiyn3yjj','',NULL,0,0,0,69),('eeee@eeee.com',18,'http://bit.ly/1jJhnTL','2015-10-17 06:57:00','2015-10-17 07:07:00',161,1,0,2,NULL,0,'2015-10-17 01:29:38','2015-10-17 01:31:57','192.168.1.2','Mozilla/5.0 (X11; Ubuntu; Linux x86_64; rv:41.0) Gecko/20100101 Firefox/41.0','nlz52vewoy86t0jluli4dqp6mo','',NULL,0,0,0,71),('aaaa@aaaa.com',18,'http://bit.ly/1LTs6Yn','2015-10-17 07:05:00','2015-10-17 07:15:00',162,1,0,1,NULL,0,'2015-10-17 01:36:53',NULL,'192.168.1.2','Mozilla/5.0 (X11; Ubuntu; Linux x86_64; rv:41.0) Gecko/20100101 Firefox/41.0','egd2to594lgx92y4pom1hjjmgm','',NULL,0,0,0,72),('bbbb@bbbb.com',18,'http://bit.ly/1jJidzG','2015-10-17 07:05:00','2015-10-17 07:15:00',163,1,0,0,NULL,0,NULL,NULL,NULL,'','nut8qt2uzq355jy2uoo0idihmf','',NULL,0,0,0,72),('gggg@gggg.co.in',18,'http://bit.ly/1QBMnjb','2015-10-17 02:09:53','2015-12-17 02:09:53',164,1,0,1,NULL,0,'2015-10-17 02:10:54',NULL,'192.168.1.2','Mozilla/5.0 (X11; Ubuntu; Linux x86_64; rv:41.0) Gecko/20100101 Firefox/41.0','hp8qn9vve3hs84hqwu3ribqlwo','',NULL,0,0,0,NULL),('ffff@ffff.ffff',18,'http://bit.ly/1ZK8fPy','2015-10-17 08:05:00','2015-10-17 08:25:00',165,1,0,2,NULL,0,'2015-10-17 02:35:54','2015-10-17 02:41:42','192.168.1.2','Mozilla/5.0 (X11; Ubuntu; Linux x86_64; rv:41.0) Gecko/20100101 Firefox/41.0','cof4tssk7immirac8eytzxiiiv','',NULL,0,0,0,73),('rrrr@rrrr.rrr',18,'http://bit.ly/1QBOTWT','2015-10-17 08:05:00','2015-10-17 08:25:00',166,1,0,1,NULL,0,'2015-10-17 02:43:29',NULL,'192.168.1.2','Mozilla/5.0 (X11; Ubuntu; Linux x86_64; rv:41.0) Gecko/20100101 Firefox/41.0','pbwpppj03idntqldsav0iewoqp','',NULL,0,0,0,73),('llll@llll.lll',2,'http://bit.ly/1ZK9gHp','2015-10-17 02:42:13','2015-12-17 02:42:13',167,1,0,1,NULL,0,'2015-10-17 02:54:31',NULL,'192.168.1.2','Mozilla/5.0 (X11; Ubuntu; Linux x86_64; rv:41.0) Gecko/20100101 Firefox/41.0','cgitl751lxcvy5jp4xlk00ywjr','',NULL,0,0,0,NULL),('kkkk@kkkk.kkk',2,'http://bit.ly/1QBPY0C','2015-10-17 02:42:13','2015-12-17 02:42:13',168,1,0,1,NULL,0,'2015-10-17 02:51:27',NULL,'192.168.1.2','Mozilla/5.0 (X11; Ubuntu; Linux x86_64; rv:41.0) Gecko/20100101 Firefox/41.0','zvuq5hwx5b4hqis11wlsehp16z','',NULL,0,0,0,NULL),('www@www.www',2,'http://bit.ly/1ZKaOBi','2015-10-17 02:57:14','2015-12-17 02:57:14',169,1,0,2,NULL,0,'2015-10-17 02:57:55','2015-10-17 03:04:34','192.168.1.2','Mozilla/5.0 (X11; Ubuntu; Linux x86_64; rv:41.0) Gecko/20100101 Firefox/41.0','97rqq9v3khc0t6fm657siky03v','',NULL,0,0,0,NULL),('tttt@tttt.com',18,'http://bit.ly/1QBTPee','2015-10-17 03:08:42','2015-12-17 03:08:42',170,1,0,1,NULL,0,'2015-10-17 03:09:16',NULL,'192.168.1.2','Mozilla/5.0 (X11; Ubuntu; Linux x86_64; rv:41.0) Gecko/20100101 Firefox/41.0','iipi6i4zxi09yyiuyzmmvrz1ha','',NULL,0,0,0,NULL),('yyyy@yyyy.yyyy',18,'http://bit.ly/1ZKchra','2015-10-17 03:12:05','2015-12-17 03:12:05',171,1,0,2,NULL,0,'2015-10-17 03:12:35','2015-10-17 03:14:27','192.168.1.2','Mozilla/5.0 (X11; Ubuntu; Linux x86_64; rv:41.0) Gecko/20100101 Firefox/41.0','c8db4blxhug5xswgl6nap3ivkk','',NULL,0,0,0,NULL),('xxxx@xxxx.xxx',18,'http://bit.ly/1QBUU5F','2015-10-17 03:14:45','2015-12-17 03:14:45',172,1,0,1,NULL,0,'2015-10-17 03:15:17',NULL,'192.168.1.2','Mozilla/5.0 (X11; Ubuntu; Linux x86_64; rv:41.0) Gecko/20100101 Firefox/41.0','o95nj3pah7bg5nv0hg7rt1ztpw','',NULL,0,0,0,NULL),('zzzz@zzzz.zzzz',18,'http://bit.ly/1ZKcV7W','2015-10-17 03:19:10','2015-12-17 03:19:10',173,1,0,1,NULL,0,'2015-10-17 03:19:41',NULL,'192.168.1.2','Mozilla/5.0 (X11; Ubuntu; Linux x86_64; rv:41.0) Gecko/20100101 Firefox/41.0','usrl48uurrkrbk7c9cms3et9xe','',NULL,0,0,0,NULL),('uuuu@uuuu.uuu',18,'http://bit.ly/1QBW01e','2015-10-17 03:21:42','2015-12-17 03:21:42',174,1,0,1,NULL,0,'2015-10-17 03:22:10',NULL,'192.168.1.2','Mozilla/5.0 (X11; Ubuntu; Linux x86_64; rv:41.0) Gecko/20100101 Firefox/41.0','j3gq8bitarqiccsmkxtvjbrdkb','',NULL,0,0,0,NULL),('vvvv@vvvv.vvv',18,'http://bit.ly/1ZKdizp','2015-10-17 03:23:55','2015-12-17 03:23:55',175,1,0,2,NULL,0,'2015-10-17 03:24:31','2015-10-17 04:04:33','192.168.1.2','Mozilla/5.0 (X11; Ubuntu; Linux x86_64; rv:41.0) Gecko/20100101 Firefox/41.0','bp80tooeefd0tsw7zji72z5g59','',NULL,0,0,0,NULL),('xxxx@xxxx.xxxx',2,'http://bit.ly/1NgV0yT','2015-10-17 12:00:00','2015-10-17 12:10:00',176,1,0,2,NULL,0,'2015-10-17 06:12:51','2015-10-17 06:19:20','192.168.1.2','Mozilla/5.0 (X11; Linux x86_64) AppleWebKit/537.36 (KHTML, like Gecko) Chrome/41.0.2272.101 Safari/537.36','s5boh4ig6xmxjdj7rw47zet58u','',NULL,0,0,0,74),('yyyy@yyyy.yyy',2,'http://bit.ly/1GiMkZe','2015-10-17 12:00:00','2015-10-17 12:10:00',177,1,0,0,NULL,0,NULL,NULL,NULL,'','vm6gpjj93fmlzwbrg6xwfkqngq','',NULL,0,0,0,74),('zzzz@zzzz.zzzz',2,'http://bit.ly/1GiNlAw','2015-10-17 12:30:00','2015-10-17 12:35:00',178,1,0,2,NULL,0,'2015-10-17 06:35:13','2015-10-17 06:40:16','192.168.1.2','Mozilla/5.0 (X11; Ubuntu; Linux x86_64; rv:41.0) Gecko/20100101 Firefox/41.0','r9st1mhcpogw7a8l6lvswz0q5a','',NULL,0,0,0,75),('yyyy@yyyy.yyyy',2,'http://bit.ly/1NgW5a5','2015-10-17 12:30:00','2015-10-17 12:35:00',179,1,0,0,NULL,0,NULL,NULL,NULL,'','igcie67qhv82ps9p60u978fta0','',NULL,0,0,0,75),('aaaa@aaaa.aaa',2,'http://bit.ly/1ZKyeGy','2015-10-17 12:35:00','2015-10-17 12:40:00',180,1,0,1,NULL,0,'2015-10-17 07:05:39',NULL,'192.168.1.2','Mozilla/5.0 (X11; Ubuntu; Linux x86_64; rv:41.0) Gecko/20100101 Firefox/41.0','thqc3vstnjlii4lgij92djrgze','',NULL,0,0,0,76),('bbbb@bbbb.bbb',2,'http://bit.ly/1GLstN3','2015-10-17 12:35:00','2015-10-17 12:40:00',181,1,0,0,NULL,0,NULL,NULL,NULL,'','qih6jx7efz2nn8ecukiezb5lp0','',NULL,0,0,0,76),('hhhh@hhhh.hhhh',2,'http://bit.ly/1OAjEOd','2015-10-17 15:15:00','2015-10-17 15:25:00',182,1,0,0,NULL,0,NULL,NULL,NULL,'','ohqi9nvfe4inm5leutx60qik36','',NULL,0,0,0,77),('iiii@iiii.iiii',2,'http://bit.ly/1Mvlxpg','2015-10-17 15:15:00','2015-10-17 15:25:00',183,1,0,1,NULL,0,'2015-10-17 09:52:40',NULL,'192.168.1.2','Mozilla/5.0 (X11; Linux x86_64) AppleWebKit/537.36 (KHTML, like Gecko) Chrome/41.0.2272.101 Safari/537.36','qk0crcwd2gw5jv8s22kfj9s0e8','',NULL,0,0,0,77),('aaaa@aaaa.aaa',1,'http://bit.ly/1GiVcxR','2015-10-17 10:15:00','2015-10-17 10:20:00',184,1,0,1,NULL,0,'2015-10-17 10:15:53',NULL,'192.168.1.2','Mozilla/5.0 (X11; Linux x86_64) AppleWebKit/537.36 (KHTML, like Gecko) Chrome/41.0.2272.101 Safari/537.36','ka6ts2e700hncvqzjsua46jgbq','',NULL,0,0,0,78),('bbbb@bbbb.bbb',1,'http://bit.ly/1LfPQTl','2015-10-17 10:15:00','2015-10-17 10:20:00',185,1,0,0,NULL,0,NULL,NULL,NULL,'','khtb1sbrug812fk5qvl33urjv8','',NULL,0,0,0,78),('cccc@cccc.cccc',1,'http://bit.ly/1GiWid9','2015-10-17 10:30:00','2015-10-17 10:40:00',186,1,0,2,NULL,0,'2015-10-17 10:31:06','2015-10-17 10:37:20','192.168.1.2','Mozilla/5.0 (X11; Linux x86_64) AppleWebKit/537.36 (KHTML, like Gecko) Chrome/41.0.2272.101 Safari/537.36','6nzmuhsec2whzdhbbz42pnlhrf','',NULL,0,0,0,79),('dddd@dddd.dddd',1,'http://bit.ly/1GjgImk','2015-10-17 15:45:22','2015-12-17 15:45:22',187,1,0,0,NULL,0,'2015-10-17 15:46:33','2015-10-17 15:57:59','192.168.1.2','Mozilla/5.0 (X11; Linux x86_64) AppleWebKit/537.36 (KHTML, like Gecko) Chrome/41.0.2272.101 Safari/537.36','4y4bjmcibxzeqn7thqq17frc54','',NULL,0,0,0,NULL),('eeee@eeee.eeee',1,'http://bit.ly/1VXSAYd','2015-10-17 16:10:47','2015-12-17 16:10:47',188,1,0,1,NULL,0,'2015-10-17 16:11:57',NULL,'192.168.1.2','Mozilla/5.0 (X11; Linux x86_64) AppleWebKit/537.36 (KHTML, like Gecko) Chrome/41.0.2272.101 Safari/537.36','yxkjsu9s4rzn0zzesfb9ao3ms1','',NULL,0,0,0,NULL),('ffff@ffff.fff',1,'http://bit.ly/1Gji0gV','2015-10-17 16:16:35','2015-12-17 16:16:35',189,1,0,2,NULL,0,'2015-10-17 16:17:39','2015-10-17 16:34:28','192.168.1.2','Mozilla/5.0 (X11; Linux x86_64) AppleWebKit/537.36 (KHTML, like Gecko) Chrome/41.0.2272.101 Safari/537.36','qkitp810bs99z1tpaqepsdlmdn','',NULL,0,0,0,NULL),('gggg@gggg.ggg',1,'http://bit.ly/1VXUuZ0','2015-10-17 16:37:10','2015-12-17 16:37:10',190,1,0,2,NULL,0,'2015-10-17 16:37:53','2015-10-17 16:44:01','192.168.1.2','Mozilla/5.0 (X11; Linux x86_64) AppleWebKit/537.36 (KHTML, like Gecko) Chrome/41.0.2272.101 Safari/537.36','uth7th25ywtsysqmmbuhaoi8s1','',NULL,0,0,0,NULL),('hhhh@hhhh.hh.hh',1,'http://bit.ly/1VXVlsG','2015-10-17 16:48:21','2015-12-17 16:48:21',191,1,0,2,NULL,0,'2015-10-17 16:49:15','2015-10-17 16:59:32','192.168.1.2','Mozilla/5.0 (X11; Linux x86_64) AppleWebKit/537.36 (KHTML, like Gecko) Chrome/41.0.2272.101 Safari/537.36','4lqajzhyx3176dxjozu30jsrxo','',NULL,0,0,0,NULL),('jjjj@jjjj.jjjj',1,'http://bit.ly/1LVkVyZ','2015-10-17 17:00:19','2015-12-17 17:00:19',192,1,0,0,NULL,0,NULL,NULL,NULL,'','m1zjy1hqn0nnt5niu6g79ftig7','',NULL,0,0,0,NULL),('iiii@iiii.tttt',1,'http://bit.ly/1VXXggK','2015-10-17 17:13:49','2015-12-17 17:13:49',193,1,0,2,NULL,0,'2015-10-17 17:15:52','2015-10-17 18:21:14','192.168.1.2','Mozilla/5.0 (X11; Linux x86_64) AppleWebKit/537.36 (KHTML, like Gecko) Chrome/41.0.2272.101 Safari/537.36','um6ba9wb70pmnda8rfjhvryqso','',NULL,0,0,0,NULL),('kkk@kkk.kkk',1,'http://bit.ly/1QEuwIl','2015-10-17 18:33:55','2015-12-17 18:33:55',194,1,0,2,NULL,0,'2015-10-17 18:49:22','2015-10-17 19:02:40','192.168.1.2','Mozilla/5.0 (X11; Linux x86_64) AppleWebKit/537.36 (KHTML, like Gecko) Chrome/41.0.2272.101 Safari/537.36','fteplfeyomrujke9lfukporjlv','',NULL,0,0,0,NULL),('mmmm@mmmm.mmmm',1,'http://bit.ly/1kdPxPQ','2015-10-17 19:06:01','2015-12-17 19:06:01',195,1,0,2,NULL,0,'2015-10-17 19:46:52','2015-10-17 19:57:18','192.168.1.2','Mozilla/5.0 (X11; Linux x86_64) AppleWebKit/537.36 (KHTML, like Gecko) Chrome/41.0.2272.101 Safari/537.36','5s30gpjgqid5qhd93op5rh3j4c','',NULL,0,0,0,NULL),('nnnn@nnnn.nnnn',2,'http://bit.ly/1OBnJSg','2015-10-17 20:03:20','2015-12-17 20:03:20',196,1,0,2,NULL,0,'2015-10-17 20:04:02','2015-10-17 20:23:17','192.168.1.2','Mozilla/5.0 (X11; Linux x86_64) AppleWebKit/537.36 (KHTML, like Gecko) Chrome/41.0.2272.101 Safari/537.36','u1q2oy4m4wnc8ysn361mezceie','',NULL,0,0,0,NULL),('aaaa@aaaa.cccc',1,'http://bit.ly/1ZQVKli','2015-10-19 14:50:00','2015-10-19 15:00:00',197,1,0,0,NULL,0,NULL,NULL,NULL,'','cyrfdh9xs3zrokiaoihwsn83zc','',NULL,0,0,0,80),('bbbb@bbbb.cccc',1,'http://bit.ly/1Rk7AhE','2015-10-19 14:50:00','2015-10-19 15:00:00',198,1,0,0,NULL,0,NULL,NULL,NULL,'','t26xvnatzooyagt4tzkct3p1v5','',NULL,0,0,0,80),('aaaa@ssss.ccccc',1,'http://bit.ly/1ZRjbuS','2015-10-19 17:10:00','2015-10-19 17:15:00',199,1,0,0,NULL,0,NULL,NULL,NULL,'','bnzzhewj803akxwb0bzo3s18ym','',NULL,0,0,0,82),('aaaa@xxxxx.xxxx',1,'http://bit.ly/1RS7Qp9','2015-10-19 17:10:00','2015-10-19 17:15:00',200,1,0,0,NULL,0,NULL,NULL,NULL,'','0tcyg6a9vswhxm7aqzp3910fou','',NULL,0,0,0,82),('sssssss@sssssss.ssssss',1,'http://bit.ly/1ZRjLJ8','2015-10-19 17:15:00','2015-10-19 17:20:00',201,1,0,0,NULL,0,NULL,NULL,NULL,'','kvs42ndl5i4kzo52vsamwf7okf','',NULL,0,0,0,83),('sssss@rrrrr.rrrrr',1,'http://bit.ly/1hNUJbl','2015-10-19 17:45:00','2015-10-19 17:50:00',202,1,0,0,NULL,0,NULL,NULL,NULL,'','yguulg4ahjh53tjlnweij7ur1s','',NULL,0,0,0,84),('ddddd@sssss.sssss',1,'http://bit.ly/1ZRnyWP','2015-10-19 17:45:00','2015-10-19 17:50:00',203,1,0,0,NULL,0,NULL,NULL,NULL,'','0e2hmx1oqqw460hznz0z0fbj3g','',NULL,0,0,0,84),('ssss@qqqqq.qqqq',1,'http://bit.ly/1hNWSE6','2015-10-19 18:00:00','2015-10-19 18:05:00',204,1,0,0,NULL,0,NULL,NULL,NULL,'','hhk6bkmyxoi015dccfuebinq01','',NULL,0,0,0,85),('sssssss@wwwwww.wwwww',1,'http://bit.ly/1ZRqUsK','2015-10-19 18:10:00','2015-10-19 18:15:00',205,1,0,0,NULL,0,NULL,NULL,NULL,'','zp1utjw3hyupajurv92c04n0ih','',NULL,0,0,0,86),('YYYYY@tttt.ttttttt',1,'http://bit.ly/1hNYihQ','2015-10-19 18:10:00','2015-10-19 18:15:00',206,1,0,0,NULL,0,NULL,NULL,NULL,'','fjk874x8sstcv7lxkjes75mear','',NULL,0,0,0,86),('qqqqqqq@qqqqqq.qqqqq',1,'http://bit.ly/1ZRrsit','2015-10-19 18:15:00','2015-10-19 18:20:00',207,1,0,0,NULL,0,NULL,NULL,NULL,'','fn257z4m3cii4isp3ugyvuek1m','',NULL,0,0,0,87),('dddddddddd@ddddddd.ddddddd',4,'http://bit.ly/1hNZCBa','2015-10-19 18:20:00','2015-10-19 18:25:00',208,1,0,0,NULL,0,NULL,NULL,NULL,'','1n76b0p9zj9crq9zoy0o18lk4p','',NULL,0,0,0,88),('rrrrrrrrrrr@eeeeee.yyyy',1,'http://bit.ly/1jxqRlt','2015-10-20 00:15:00','2015-10-20 00:20:00',209,1,0,0,NULL,0,NULL,NULL,NULL,'','r59guvxown2go2vlz5itcqv1kv','',NULL,0,0,0,89),('aaaaaaa@aaaaa.aaaa',4,'http://bit.ly/1LkLzOc','2015-10-20 02:40:00','2015-10-20 02:45:00',210,1,0,2,NULL,0,'2015-10-19 21:10:22','2015-10-19 21:11:12','192.168.1.4','Mozilla/5.0 (X11; Linux x86_64) AppleWebKit/537.36 (KHTML, like Gecko) Chrome/41.0.2272.101 Safari/537.36','3txdeay0jobb9svwol210gnd16','',NULL,0,0,0,90),('dddddddddd@sdddddddd.dddd',2,'http://bit.ly/1jxBx3p','2015-10-20 02:45:00','2015-10-20 02:55:00',211,1,0,2,NULL,0,'2015-10-19 21:16:38','2015-10-19 21:18:21','192.168.1.4','Mozilla/5.0 (X11; Linux x86_64) AppleWebKit/537.36 (KHTML, like Gecko) Chrome/41.0.2272.101 Safari/537.36','46ssv640d3qhrcntbqte84otwv','',NULL,0,0,0,91),('xxxxxx@xxxxx.xxxxx',1,'http://bit.ly/1LkOnef','2015-10-19 21:23:58','2015-12-19 21:21:58',212,1,0,0,NULL,0,'2015-10-19 21:22:51',NULL,'192.168.1.4','Mozilla/5.0 (X11; Linux x86_64) AppleWebKit/537.36 (KHTML, like Gecko) Chrome/41.0.2272.101 Safari/537.36','cn5q8dw63nrn6gsf6ummdgkang','',NULL,0,0,0,NULL),('qqqqqq@qqqqq.qqqq',1,'http://bit.ly/1jxEHEg','2015-10-19 21:33:02','2015-12-19 21:33:02',213,1,0,2,NULL,0,'2015-10-19 21:34:00','2015-10-19 21:46:42','192.168.1.4','Mozilla/5.0 (X11; Linux x86_64) AppleWebKit/537.36 (KHTML, like Gecko) Chrome/41.0.2272.101 Safari/537.36','tmwnyxe49we7wbyy47j26r4hq5','',NULL,0,0,0,NULL),('aaaa@aaaa.aaa',13,'http://bit.ly/1RT5Vk9','2015-10-20 05:42:00','2015-10-20 05:47:00',214,1,0,2,NULL,0,'2015-10-20 00:15:35','2015-10-20 00:16:52','192.168.1.4','Mozilla/5.0 (X11; Linux x86_64) AppleWebKit/537.36 (KHTML, like Gecko) Chrome/41.0.2272.101 Safari/537.36','i8mfhjha69mwzg7wyr22jccdvb','',NULL,0,0,0,92),('eeeee@eeeee.eeee',13,'http://bit.ly/1RlkmfK','2015-10-20 10:50:00','2015-10-20 10:55:00',215,1,0,2,NULL,0,'2015-10-20 05:20:18','2015-10-20 05:20:51','192.168.1.3','Mozilla/5.0 (X11; Linux x86_64) AppleWebKit/537.36 (KHTML, like Gecko) Chrome/41.0.2272.101 Safari/537.36','kw077z9vhhp4ip8rhm15d04zi4','',NULL,0,0,0,93),('wwww@wwwww.www',13,'http://bit.ly/1PvZOnq','2015-10-20 11:13:00','2015-10-20 11:18:00',216,1,0,1,NULL,0,'2015-10-20 05:43:05',NULL,'192.168.1.3','Mozilla/5.0 (X11; Linux x86_64) AppleWebKit/537.36 (KHTML, like Gecko) Chrome/41.0.2272.101 Safari/537.36','96x1tynqrl7ff4j0rwzh687vzo','',NULL,0,0,0,94),('qqqqq@qqqqqq.qqq',13,'http://bit.ly/1hPa5fS','2015-10-20 11:20:00','2015-10-20 11:25:00',217,1,0,2,NULL,0,'2015-10-20 05:51:14','2015-10-20 05:52:07','192.168.1.3','Mozilla/5.0 (X11; Linux x86_64) AppleWebKit/537.36 (KHTML, like Gecko) Chrome/41.0.2272.101 Safari/537.36','mbgrvijpymqkh7aumzhozi2lhw','',NULL,0,0,0,95),('ttttt@tttt.ttt',13,'http://bit.ly/1Pw0Lw2','2015-10-20 11:25:00','2015-10-20 11:30:00',218,1,0,2,NULL,0,'2015-10-20 05:55:12','2015-10-20 05:55:43','192.168.1.3','Mozilla/5.0 (X11; Linux x86_64) AppleWebKit/537.36 (KHTML, like Gecko) Chrome/41.0.2272.101 Safari/537.36','f828vxm74jhsc7n5ix24lc59y6','',NULL,0,0,0,96),('ssssss@sssssssss.sss',13,'http://bit.ly/1hPaJK9','2015-10-20 11:30:00','2015-10-20 11:35:00',219,1,0,2,NULL,0,'2015-10-20 06:00:11','2015-10-20 06:00:51','192.168.1.3','Mozilla/5.0 (X11; Linux x86_64) AppleWebKit/537.36 (KHTML, like Gecko) Chrome/41.0.2272.101 Safari/537.36','2uguolq1iqsqemcsjtmiferlx0','',NULL,0,0,0,97),('gggggg@hhgggg.ggg',13,'http://bit.ly/1Pw1Unt','2015-10-20 11:38:00','2015-10-20 11:43:00',220,1,0,2,NULL,0,'2015-10-20 06:08:20','2015-10-20 06:08:36','192.168.1.3','Mozilla/5.0 (X11; Linux x86_64) AppleWebKit/537.36 (KHTML, like Gecko) Chrome/41.0.2272.101 Safari/537.36','kjd7h4sllirqndiutul5dkupqd','',NULL,0,0,0,98),('ddddddd@fffff.dddd',13,'http://bit.ly/1hPbYZX','2015-10-20 11:43:00','2015-10-20 11:48:00',221,1,0,2,NULL,0,'2015-10-20 06:13:07','2015-10-20 06:14:06','192.168.1.3','Mozilla/5.0 (X11; Linux x86_64) AppleWebKit/537.36 (KHTML, like Gecko) Chrome/41.0.2272.101 Safari/537.36','2c93ry3uoa8ls40splo8q8oz8f','',NULL,0,0,0,99),('yyyyy@yyyy.com',13,'http://bit.ly/1Pw3iGA','2015-10-20 11:53:00','2015-10-20 11:58:00',222,1,0,2,1,20,'2015-10-20 06:23:07','2015-10-20 06:25:16','192.168.1.3','Mozilla/5.0 (X11; Linux x86_64) AppleWebKit/537.36 (KHTML, like Gecko) Chrome/41.0.2272.101 Safari/537.36','ipfunasgh3p85qqi0a0421rxni','',1451340945,0,0,1,100),('dddddd@ssssss.wwww',13,'http://bit.ly/1XgM2qh','2015-10-20 12:52:00','2015-10-20 12:57:00',223,1,0,2,NULL,0,'2015-10-20 07:23:23','2015-10-20 07:24:20','192.168.1.3','Mozilla/5.0 (X11; Linux x86_64) AppleWebKit/537.36 (KHTML, like Gecko) Chrome/41.0.2272.101 Safari/537.36','6fcrvwsvofmjj021tgx54wxjom','',NULL,0,0,0,101),('abcd@abcd.com',13,'http://bit.ly/1Gntm3L','2015-10-20 13:15:00','2015-10-20 13:20:00',224,1,0,2,NULL,0,'2015-10-20 07:45:22','2015-10-20 07:45:46','192.168.1.3','Mozilla/5.0 (X11; Linux x86_64) AppleWebKit/537.36 (KHTML, like Gecko) Chrome/41.0.2272.101 Safari/537.36','mggw34djplh76lfq85m5m91olz','',NULL,0,0,0,102),('fffff@ffffffff.fff',13,'http://bit.ly/1M2IcsF','2015-10-20 13:29:00','2015-10-20 13:34:00',225,1,0,2,NULL,0,'2015-10-20 07:59:02','2015-10-20 07:59:24','192.168.1.3','Mozilla/5.0 (X11; Linux x86_64) AppleWebKit/537.36 (KHTML, like Gecko) Chrome/41.0.2272.101 Safari/537.36','tmsswu1nl5urj3lg87ubeksrgz','',NULL,0,0,0,103),('abracadabra@yahoo.com',13,'http://bit.ly/1GomwuA','2015-10-21 05:37:00','2015-10-21 05:42:00',226,1,0,2,NULL,0,'2015-10-21 00:07:23','2015-10-21 00:08:35','192.168.1.2','Mozilla/5.0 (X11; Linux x86_64) AppleWebKit/537.36 (KHTML, like Gecko) Chrome/41.0.2272.101 Safari/537.36','rhkf9ulyhbizot1o15y32bleua','',NULL,0,0,0,104),('uuuuu@uuuu.uuu',13,'http://bit.ly/1Gj3033','2015-10-22 05:22:00','2015-10-22 05:27:00',227,1,0,2,1,27.5,'2015-10-21 23:52:55','2015-10-21 23:53:59','192.168.1.5','Mozilla/5.0 (X11; Linux x86_64) AppleWebKit/537.36 (KHTML, like Gecko) Chrome/41.0.2272.101 Safari/537.36','5xu45jd97ohwvps7dgzgluur2e','',1451376745,0,0,1,105),('kukluxklan@kkk.co.in',13,'http://bit.ly/1Xl4opU','2015-10-22 05:32:00','2015-10-22 05:37:00',228,1,0,2,NULL,0,'2015-10-22 00:02:39','2015-10-22 00:03:16','192.168.1.5','Mozilla/5.0 (X11; Linux x86_64) AppleWebKit/537.36 (KHTML, like Gecko) Chrome/41.0.2272.101 Safari/537.36','x37em8qzvlpf6psw74wybxw570','',NULL,0,0,0,106),('kukluxklan@kkk.co.in',18,'http://bit.ly/1Xl4Jcm','2015-10-22 05:37:00','2015-10-22 05:42:00',229,1,0,1,NULL,0,'2015-10-22 00:10:23',NULL,'192.168.1.5','Mozilla/5.0 (X11; Linux x86_64) AppleWebKit/537.36 (KHTML, like Gecko) Chrome/41.0.2272.101 Safari/537.36','qvu621oei7ce3ibzifvvlc0jv6','',NULL,0,0,0,107),('neeraj.jain@fiitjee.com',18,'http://bit.ly/1Gj4Jp0','2015-10-22 05:45:00','2015-10-22 05:50:00',230,1,0,1,NULL,0,'2015-10-22 00:19:40',NULL,'192.168.1.5','Mozilla/5.0 (X11; Linux x86_64) AppleWebKit/537.36 (KHTML, like Gecko) Chrome/41.0.2272.101 Safari/537.36','c5al2i0hu37ztmlt8qswbi8eji','',NULL,0,0,0,108),('jainneeraj@live.com',18,'http://bit.ly/1Xl69nh','2015-10-22 05:55:00','2015-10-22 06:00:00',231,1,0,1,NULL,0,'2015-10-22 00:26:18',NULL,'192.168.1.5','Mozilla/5.0 (X11; Linux x86_64) AppleWebKit/537.36 (KHTML, like Gecko) Chrome/41.0.2272.101 Safari/537.36','jgdiq6x6pshnmt4m1f8adfavg3','',NULL,0,0,0,109),('kkk@kukluxklan.gov.us',18,'http://bit.ly/1LN5w1F','2015-10-22 07:25:00','2015-10-22 07:30:00',232,1,0,1,NULL,0,'2015-10-22 01:59:14',NULL,'192.168.1.5','Mozilla/5.0 (X11; Linux x86_64) AppleWebKit/537.36 (KHTML, like Gecko) Chrome/41.0.2272.101 Safari/537.36','2rhie5sobwbhrwaihdfvk77syj','',NULL,0,0,0,110),('supriyo.mitra@dcmds.co.in',18,'http://bit.ly/1LGoGD2','2015-10-22 07:33:00','2015-10-22 07:45:00',233,1,0,0,NULL,0,NULL,NULL,NULL,'','9nbzjxdd0pqzqbrzgc56sosywh','',NULL,0,0,0,111),('supriyo.mitra@ricoh-usa.com',18,'http://bit.ly/1LN78sl','2015-10-22 09:36:00','2015-10-22 10:46:00',234,1,0,1,NULL,0,'2015-10-22 02:06:04',NULL,'192.168.1.5','Mozilla/5.0 (X11; Linux x86_64) AppleWebKit/537.36 (KHTML, like Gecko) Chrome/41.0.2272.101 Safari/537.36','zzflhdk9dcfzib2th16mw0s5ne','',NULL,0,0,0,112),('unique_candidate@yahoo.co.uk',18,'http://bit.ly/1LGscNA','2015-10-22 07:55:00','2015-10-22 08:12:00',235,1,0,1,NULL,0,'2015-10-22 02:40:04',NULL,'192.168.1.5','Mozilla/5.0 (X11; Linux x86_64) AppleWebKit/537.36 (KHTML, like Gecko) Chrome/41.0.2272.101 Safari/537.36','dlqfjxfl4aw80h46waekpz89h0','',NULL,0,0,0,113),('aaa@aaaaa.com',7,'http://bit.ly/1LMbkFd','2015-10-24 06:42:00','2015-10-24 06:47:00',236,1,0,1,NULL,0,'2015-10-24 01:16:30',NULL,'192.168.1.4','Mozilla/5.0 (X11; Linux x86_64) AppleWebKit/537.36 (KHTML, like Gecko) Chrome/41.0.2272.101 Safari/537.36','urih3mnbwd7slst1xowmgfp44g','',NULL,0,0,0,114),('aaaa@aaaa.aaaa',7,'http://bit.ly/1LMcuRe','2015-10-24 06:52:00','2015-10-24 07:52:00',237,1,0,1,NULL,0,'2015-10-24 02:19:28',NULL,'192.168.1.4','Mozilla/5.0 (X11; Linux x86_64) AppleWebKit/537.36 (KHTML, like Gecko) Chrome/41.0.2272.101 Safari/537.36','18ah2g4bj80m0yx8j8pz70z7db','',NULL,0,0,0,115),('cccc@cccc.ccc',7,'http://bit.ly/1jF76Zm','2015-10-24 07:55:00','2015-10-24 08:55:00',238,1,0,1,NULL,0,'2015-10-24 03:13:12',NULL,'192.168.1.4','Mozilla/5.0 (X11; Linux x86_64) AppleWebKit/537.36 (KHTML, like Gecko) Chrome/41.0.2272.101 Safari/537.36','a12rsc46roisggbht2oza7myd5','',NULL,0,0,0,116),('dddd@dddd.ddd',7,'http://bit.ly/1OXFPN5','2015-10-24 10:10:00','2015-10-24 13:10:00',239,1,0,1,NULL,0,'2015-10-24 07:32:06',NULL,'192.168.1.4','Mozilla/5.0 (X11; Linux x86_64) AppleWebKit/537.36 (KHTML, like Gecko) Chrome/41.0.2272.101 Safari/537.36','tkd2ccuj8jz21f5jsy3unojgxa','',NULL,0,0,0,117),('eeee@eeee.eee',7,'http://bit.ly/1Nsjdm5','2015-10-24 10:10:00','2015-10-24 13:10:00',240,1,0,0,NULL,0,NULL,NULL,NULL,'','qdzchb8k9ueomgkuo5lgny3d2m','',NULL,0,0,0,117),('gggg@gggg.ggg',7,'http://bit.ly/1S28sbR','2015-10-24 14:30:00','2015-10-24 20:30:00',241,1,0,2,NULL,0,'2015-10-24 13:18:58','2015-10-24 14:01:32','192.168.1.2','Mozilla/5.0 (X11; Linux x86_64) AppleWebKit/537.36 (KHTML, like Gecko) Chrome/41.0.2272.101 Safari/537.36','5z47ifh9ctb8lypbvxv4327dsd','',NULL,0,0,0,118),('zzzz@zzzz.zzz',7,'http://bit.ly/1MbZTpA','2015-10-24 22:30:00','2015-10-24 22:32:00',242,1,0,0,NULL,0,NULL,NULL,NULL,'','4nq6cfukyb19kdpe5pxrphk2j7','',NULL,0,0,0,119),('aaa@aaaa.aaa',8,'http://bit.ly/1Ly1rx1','2015-10-27 04:45:00','2015-10-27 07:45:00',243,1,0,2,NULL,0,'2015-10-26 23:15:28','2015-10-26 23:20:32','192.168.1.2','Mozilla/5.0 (X11; Linux x86_64) AppleWebKit/537.36 (KHTML, like Gecko) Chrome/41.0.2272.101 Safari/537.36','5c5t0vma50arisheo5wrdg24jr','',NULL,0,0,0,120),('bbb@bbbb.bbb',8,'http://bit.ly/1Weupdw','2015-10-27 04:45:00','2015-10-27 07:45:00',244,1,0,2,NULL,0,'2015-10-26 23:31:48','2015-10-26 23:36:54','192.168.1.2','Mozilla/5.0 (X11; Linux x86_64) AppleWebKit/537.36 (KHTML, like Gecko) Chrome/41.0.2272.101 Safari/537.36','p5j275jubb2x4qof2uitnvname','',NULL,0,0,0,120),('ccc@cccc.ccc',8,'http://bit.ly/207JRYj','2015-10-27 05:35:00','2015-10-27 06:40:00',245,1,0,2,NULL,0,'2015-10-27 00:08:22','2015-10-27 00:13:31','192.168.1.2','Mozilla/5.0 (X11; Linux x86_64) AppleWebKit/537.36 (KHTML, like Gecko) Chrome/41.0.2272.101 Safari/537.36','l95enecn6cl7lexubtykrp5m8m','',NULL,0,0,0,121),('dddd@dddd.ddd',8,'http://bit.ly/1RyklFp','2015-10-27 05:35:00','2015-10-27 06:40:00',246,1,0,1,NULL,0,'2015-10-27 00:56:12',NULL,'192.168.1.2','Mozilla/5.0 (X11; Linux x86_64) AppleWebKit/537.36 (KHTML, like Gecko) Chrome/41.0.2272.101 Safari/537.36','scl3mlbotcdliattn4wt5ewx3a','',NULL,0,0,0,121),('eee@eeee.eee',8,'http://bit.ly/1GF4AME','2015-10-27 06:47:00','2015-10-27 08:47:00',247,1,0,1,NULL,0,'2015-10-27 03:16:39',NULL,'192.168.1.2','Mozilla/5.0 (X11; Linux x86_64) AppleWebKit/537.36 (KHTML, like Gecko) Chrome/41.0.2272.101 Safari/537.36','wqdpujj2ea6b4uzeo6pa1zw81v','',NULL,0,0,0,122),('fff@ffff.fff',8,'http://bit.ly/1Ryqz8k','2015-10-27 06:47:00','2015-10-27 08:47:00',248,1,0,0,NULL,0,NULL,NULL,NULL,'','a7wnki0x5oqkcpnlaq4rowt0t0','',NULL,0,0,0,122),('hhhhh@hhhhh.hhh',7,'http://bit.ly/1OWpcD1','2015-10-28 04:30:00','2015-10-28 07:30:00',249,1,0,2,NULL,0,'2015-10-27 23:50:48','2015-10-28 00:30:59','192.168.1.4','Mozilla/5.0 (X11; Linux x86_64) AppleWebKit/537.36 (KHTML, like Gecko) Chrome/41.0.2272.101 Safari/537.36','8qs8jkjt6o296rtsybngo6ui2x','',NULL,0,0,0,123),('ddddd@ddddd.com',2,'http://bit.ly/1S8sxNy','2015-10-28 06:30:00','2015-10-28 09:30:00',250,1,0,0,NULL,0,NULL,NULL,NULL,'','3ozcb3125hk1nwl67hzcsmkbm2','',NULL,0,0,0,124),('fffff@fffff.net.in',2,'http://bit.ly/1kOSFCe','2015-10-28 06:30:00','2015-10-28 09:30:00',251,1,0,1,NULL,0,'2015-10-28 03:52:23',NULL,'192.168.1.4','Mozilla/5.0 (X11; Linux x86_64) AppleWebKit/537.36 (KHTML, like Gecko) Chrome/41.0.2272.101 Safari/537.36','i4z6qq1jdrt14y3mrvfaw388ep','',NULL,0,0,0,124),('ggggg@ggggg.gov.in',2,'http://bit.ly/1S8sykJ','2015-10-28 06:30:00','2015-10-28 09:30:00',252,1,0,0,NULL,0,NULL,NULL,NULL,'','nrqmy37x4u3i000v6p20un4e7j','',NULL,0,0,0,124),('jjjjj@jjjjj.com',2,'http://bit.ly/1kOUGyf','2015-10-28 06:36:00','2015-10-28 06:36:00',253,1,0,0,NULL,0,NULL,NULL,NULL,'','ads7bqsst8dctp8nz7e6t14n1o','',NULL,0,0,0,125),('lll.ll@lllll.tv',2,'http://bit.ly/1S8t5Dh','2015-10-28 06:36:00','2015-10-28 06:36:00',254,1,0,0,NULL,0,NULL,NULL,NULL,'','hawy267zrbfgr8ds14figozuwv','',NULL,0,0,0,125),('jjjjj@jjjjj.com',2,'http://bit.ly/1kOVxPw','2015-10-28 06:36:00','2015-10-28 06:36:00',255,1,0,0,NULL,0,NULL,NULL,NULL,'','1ru1lrai0v09ujv7so599h6a9f','',NULL,0,0,0,126),('lll.ll@lllll.tv',2,'http://bit.ly/1S8tvcS','2015-10-28 06:36:00','2015-10-28 06:36:00',256,1,0,0,NULL,0,NULL,NULL,NULL,'','hsslwvtfyx0i1r5ihwat4ro1fe','',NULL,0,0,0,126),('wwww@wwww.www',3,'http://bit.ly/1PPSoLT','2015-10-28 07:50:00','2015-10-28 08:00:00',257,1,0,0,NULL,0,NULL,NULL,NULL,'','cgmfhwd7b25dsjyaw0n3r568mj','',NULL,0,0,0,127),('aaaaa@aaaa.co.in',11,'http://bit.ly/1Wi0D27','2015-10-28 13:32:00','2015-10-28 15:32:00',258,1,0,2,NULL,0,'2015-10-28 08:23:19','2015-10-28 08:28:22','192.168.1.4','Mozilla/5.0 (X11; Linux x86_64) AppleWebKit/537.36 (KHTML, like Gecko) Chrome/41.0.2272.101 Safari/537.36','xj28meiuo8g4ho3dtf4m1xecis','',NULL,0,0,0,128),('qqqqqq@qqqqq.co.in',11,'http://bit.ly/1MsoTiR','2015-10-28 14:20:00','2015-10-28 16:20:00',259,1,0,0,NULL,0,NULL,NULL,NULL,'','1ivrmyjqmmgyvfvi9irvlanlpc','',NULL,0,0,0,129),('wwwwww@wwwwwwww.com',11,'http://bit.ly/1RdJFAF','2015-10-28 14:20:00','2015-10-28 16:20:00',260,1,0,0,NULL,0,NULL,NULL,NULL,'','e1d6uanjty2qel6jdjmeadow0v','',NULL,0,0,0,129),('gggggg@gggggggg.ggg',11,'http://bit.ly/1MsoU6j','2015-10-28 14:20:00','2015-10-28 16:20:00',261,1,0,0,NULL,0,NULL,NULL,NULL,'','u0e8382awwoy05urrdmyaniecm','',NULL,0,0,0,129),('uuuuu@uuuu.uuu',11,'http://bit.ly/1M0nx9r','2015-10-30 05:35:00','2015-10-30 07:35:00',262,1,0,1,NULL,0,'2015-10-30 00:11:05',NULL,'192.168.1.4','Mozilla/5.0 (X11; Linux x86_64) AppleWebKit/537.36 (KHTML, like Gecko) Chrome/41.0.2272.101 Safari/537.36','yujspm7i1c50ffutlsczurexlk','',NULL,0,0,0,130),('vvvvv@vvvv.vvvv',11,'http://bit.ly/1P8LFv8','2015-10-30 05:35:00','2015-10-30 07:35:00',263,1,0,2,NULL,0,'2015-10-30 00:15:46','2015-10-30 00:20:49','192.168.1.4','Mozilla/5.0 (X11; Linux x86_64) AppleWebKit/537.36 (KHTML, like Gecko) Chrome/41.0.2272.101 Safari/537.36','iufs22jn48kdtrs83esrj0g65d','',NULL,0,0,0,130),('xxxxx@xxxxx.xxx',11,'http://bit.ly/1M0pbIa','2015-10-30 06:00:00','2015-10-30 07:00:00',264,1,0,2,NULL,0,'2015-10-30 00:30:55','2015-10-30 00:35:58','192.168.1.4','Mozilla/5.0 (X11; Linux x86_64) AppleWebKit/537.36 (KHTML, like Gecko) Chrome/41.0.2272.101 Safari/537.36','ot18ullbdflg2nop0182ti0y2p','',NULL,0,0,0,131),('yyyyy@yyyyy.yyy',11,'http://bit.ly/1P8OuMI','2015-10-30 06:00:00','2015-10-30 07:00:00',265,1,0,0,NULL,0,NULL,NULL,NULL,'','olx2au194i4muzqk0w4wqcp0sz','',NULL,0,0,0,131),('ppppp@ppppp.ppp',11,'http://bit.ly/1M0qwib','2015-10-30 06:25:00','2015-10-30 08:25:00',266,1,0,1,NULL,0,'2015-10-30 00:58:15',NULL,'192.168.1.4','Mozilla/5.0 (X11; Linux x86_64) AppleWebKit/537.36 (KHTML, like Gecko) Chrome/41.0.2272.101 Safari/537.36','62jf1j2d8orbgkl7thktxj3pcr','',NULL,0,0,0,132),('mmmmmmm@mmmmmm.mmm',11,'http://bit.ly/1P8QC73','2015-10-30 06:25:00','2015-10-30 08:25:00',267,1,0,1,NULL,0,'2015-10-30 01:20:16',NULL,'192.168.1.4','Mozilla/5.0 (X11; Linux x86_64) AppleWebKit/537.36 (KHTML, like Gecko) Chrome/41.0.2272.101 Safari/537.36','k2ix5nwp75y6enfajzgx4e4qoi','',NULL,0,0,0,132),('ggggggg@gggggg.ggg',11,'http://bit.ly/1iobKJF','2015-10-30 07:20:00','2015-10-30 09:20:00',268,1,0,1,NULL,0,'2015-10-30 01:51:05',NULL,'192.168.1.4','Mozilla/5.0 (X11; Linux x86_64) AppleWebKit/537.36 (KHTML, like Gecko) Chrome/41.0.2272.101 Safari/537.36','3mtpqe3ezdkizaqpx603xt82o7','',NULL,0,0,0,133),('hhhhhhh@hhhhhh.hhh',11,'http://bit.ly/1M46rek','2015-10-30 07:20:00','2015-10-30 09:20:00',269,1,0,2,NULL,0,'2015-10-30 02:14:23','2015-10-30 03:49:22','192.168.1.4','Mozilla/5.0 (X11; Linux x86_64) AppleWebKit/537.36 (KHTML, like Gecko) Chrome/41.0.2272.101 Safari/537.36','j59vbrpte696qknfoz9g2dklxw','',NULL,0,0,0,133),('zxzxzx@zxzxzx.com',11,'http://bit.ly/1P0R7S5','2015-10-30 08:22:00','2015-10-30 10:22:00',270,1,0,1,NULL,0,'2015-10-30 04:36:54',NULL,'192.168.1.4','Mozilla/5.0 (X11; Linux x86_64) AppleWebKit/537.36 (KHTML, like Gecko) Chrome/41.0.2272.101 Safari/537.36','uuxxgxq1r3g185f11oe2hhxj8h','',NULL,0,0,0,134),('asasas@asasas.co.in',11,'http://bit.ly/1LFmvSq','2015-10-30 08:22:00','2015-10-30 10:22:00',271,1,0,0,NULL,0,NULL,NULL,NULL,'','czrn4cdmqk6yfg9a21shm8wa7s','',NULL,0,0,0,134),('aaaaaa@aaaaaaa.aaa',14,'http://bit.ly/1NctHrA','2015-10-30 12:25:00','2015-10-30 14:30:00',272,1,0,1,NULL,0,'2015-10-30 06:56:24',NULL,'192.168.1.4','Mozilla/5.0 (X11; Linux x86_64) AppleWebKit/537.36 (KHTML, like Gecko) Chrome/41.0.2272.101 Safari/537.36','wyte7cd12y2ijwa5x2bqd2prg8','',NULL,0,0,0,135),('bbbb@bbbb.bbb',14,'http://bit.ly/1RhKKYv','2015-10-30 12:25:00','2015-10-30 14:30:00',273,1,0,1,NULL,0,'2015-10-30 08:15:08',NULL,'192.168.1.4','Mozilla/5.0 (X11; Linux x86_64) AppleWebKit/537.36 (KHTML, like Gecko) Chrome/41.0.2272.101 Safari/537.36','ov1yjsdh5pskme092jpiz11gam','',NULL,0,0,0,135),('cccccc@ccccc.cccc',14,'http://bit.ly/1MxaWAe','2015-10-30 15:25:00','2015-10-30 18:25:00',274,1,0,1,NULL,0,'2015-10-30 11:05:25',NULL,'192.168.1.2','Mozilla/5.0 (X11; Linux x86_64) AppleWebKit/537.36 (KHTML, like Gecko) Chrome/41.0.2272.101 Safari/537.36','gn63cw4ub155eylscnaszlzeku','',NULL,0,0,0,136),('dddd@ddddd.dddd',14,'http://bit.ly/1MYVtDo','2015-10-30 15:25:00','2015-10-30 18:25:00',275,1,0,1,NULL,0,'2015-10-30 12:42:24',NULL,'192.168.1.2','Mozilla/5.0 (X11; Linux x86_64) AppleWebKit/537.36 (KHTML, like Gecko) Chrome/41.0.2272.101 Safari/537.36','2u4kcjow5t1jdf0dmfij62a87i','',NULL,0,0,0,136),('eeeeee@eeeee.eee',14,'http://bit.ly/1NdjQ4I','2015-10-30 19:05:00','2015-10-30 21:05:00',276,1,0,1,NULL,0,'2015-10-30 13:50:26',NULL,'192.168.1.2','Mozilla/5.0 (X11; Linux x86_64) AppleWebKit/537.36 (KHTML, like Gecko) Chrome/41.0.2272.101 Safari/537.36','0dgjt3iatwv58rtfaopk1mi9lw','',NULL,0,0,0,137),('ffffff@ffff.fff',14,'http://bit.ly/1kgd2aV','2015-10-30 19:05:00','2015-10-30 21:05:00',277,1,0,1,NULL,0,'2015-10-30 15:22:00',NULL,'192.168.1.2','Mozilla/5.0 (X11; Linux x86_64) AppleWebKit/537.36 (KHTML, like Gecko) Chrome/41.0.2272.101 Safari/537.36','brnaqe4t4grvr6m4733gvb953t','',NULL,0,0,0,137),('ggggg@ggggg.ggg',14,'http://bit.ly/1MmGsdM','2015-10-30 21:40:00','2015-11-30 02:40:00',278,1,0,1,NULL,0,'2015-10-30 16:17:05',NULL,'192.168.1.2','Mozilla/5.0 (X11; Linux x86_64) AppleWebKit/537.36 (KHTML, like Gecko) Chrome/41.0.2272.101 Safari/537.36','8mrsbg5bqtsy2swu902vi7944b','',NULL,0,0,0,138),('hhhhh@hhhhh.hhh',14,'http://bit.ly/1GBqQal','2015-10-30 21:40:00','2015-11-30 02:40:00',279,1,0,0,NULL,0,NULL,NULL,NULL,'','ky6yx392qhpd51pczgn1hfhujk','',NULL,0,0,0,138),('iiiiiiiii@iiiiiiii.iii',14,'http://bit.ly/1kgMkik','2015-10-30 23:50:00','2015-10-31 01:50:00',280,1,0,1,NULL,0,'2015-10-30 20:11:55',NULL,'192.168.1.2','Mozilla/5.0 (X11; Linux x86_64) AppleWebKit/537.36 (KHTML, like Gecko) Chrome/41.0.2272.101 Safari/537.36','gde14up994og4son5vi1yqy1uh','',NULL,0,0,0,139),('jjjjjjjjjjjjj@jjjjj.jjj',14,'http://bit.ly/1jXjwvB','2015-10-30 23:50:00','2015-10-31 01:50:00',281,1,0,0,NULL,0,NULL,NULL,NULL,'','xmu2bhlhonrsjle9fvnhkyfqbw','',NULL,0,0,0,139),('kkkkkk@kkkk.kkk',14,'http://bit.ly/1jZwlpq','2015-10-31 21:45:00','2015-10-31 22:45:00',282,1,0,0,NULL,0,NULL,NULL,NULL,'','xs1luaf1pll68stlo5xdc0o47l','',NULL,0,0,0,140),('lllll@lllll.lll',14,'http://bit.ly/1Q6JmJE','2015-11-03 04:25:00','2015-11-03 05:20:00',283,1,0,1,NULL,0,'2015-11-02 22:56:13',NULL,'192.168.1.4','Mozilla/5.0 (X11; Ubuntu; Linux x86_64; rv:41.0) Gecko/20100101 Firefox/41.0','0ebxm9wlugqekee9i0dmluzy2v','',NULL,0,0,0,141),('mmmm@mmmm.mmm',14,'http://bit.ly/1Rqk5sq','2015-11-03 04:25:00','2015-11-03 05:20:00',284,1,0,0,NULL,0,NULL,NULL,NULL,'','07z7mkdqwoqhry7knyxq0c5pci','',NULL,0,0,0,141),('nnnnnn@nnnnn.nnn',14,'http://bit.ly/1LQwGDR','2015-11-05 04:42:00','2015-11-05 05:42:00',285,1,0,1,NULL,0,'2015-11-04 23:57:41',NULL,'192.168.1.4','Mozilla/5.0 (X11; Ubuntu; Linux x86_64; rv:41.0) Gecko/20100101 Firefox/41.0','wx77n088ri9xqv5o0r634qq5vf','',NULL,0,0,0,142),('oooooo@oooooo.ooo',14,'http://bit.ly/1Qe0BZM','2015-11-05 04:42:00','2015-11-05 05:42:00',286,1,0,0,NULL,0,NULL,NULL,NULL,'','whddk0ud2eu4z6fbomkf50pdz2','',NULL,0,0,0,142),('pppppp@ppp.ppp',14,'http://bit.ly/1MdALQc',NULL,NULL,287,1,0,0,NULL,0,NULL,NULL,NULL,'','vhu5w6220nuncnlnetkjsskmcc','',NULL,0,0,0,143),('qqqqqq@qqqqq.qqq',14,'http://bit.ly/1MJ8S8n',NULL,NULL,288,1,0,0,NULL,0,NULL,NULL,NULL,'','pxyuuvrnp4qtzqsw3ev81reinf','',NULL,0,0,0,143),('ppppp@ppppp.ppp',14,'http://bit.ly/1MdCg0Q',NULL,NULL,289,1,0,0,NULL,0,NULL,NULL,NULL,'','m1fan0a952tdfbcjtn255h6qec','',NULL,0,0,0,144),('qqqqqq@qqqqqq.qqq',14,'http://bit.ly/1MJaW06',NULL,NULL,290,1,0,0,NULL,0,NULL,NULL,NULL,'','ak5wu78g7r72v5q0gomeya9gaz','',NULL,0,0,0,144),('ppppppppp@ppppppppp.ppp',14,'http://bit.ly/1MdDk4V',NULL,NULL,291,1,0,0,NULL,0,NULL,NULL,NULL,'','9nmfvvduhxjpif4qzzwfu41rnl','',NULL,0,0,0,145),('pppppppppp@pppppp.ppp',14,'http://bit.ly/1MJcW8A',NULL,NULL,292,1,0,0,NULL,0,NULL,NULL,NULL,'','0f4nz7uhteee81ehnpvolrpfpu','',NULL,0,0,0,146),('ppppp@ppppp.ppp',14,'http://bit.ly/1MdDZU4',NULL,NULL,293,1,0,0,NULL,0,NULL,NULL,NULL,'','mck2rvhe8ixly5a7fkoanr5233','',NULL,0,0,0,147),('ppppp@ppppp.ppp',14,'http://bit.ly/1MJdhYQ',NULL,NULL,294,1,0,0,NULL,0,NULL,NULL,NULL,'','bq7mwrtgywbwfq2ukan36cbjo4','',NULL,0,0,0,148),('pppppppp@pppp.ppp',14,'http://bit.ly/1MdEbCw',NULL,NULL,295,1,0,0,NULL,0,NULL,NULL,NULL,'','fw1y2n5hl7u73sipftid1el60v','',NULL,0,0,0,149),('pppppp@pppp.ppp',14,'http://bit.ly/1MJdF9Y',NULL,NULL,296,1,0,0,NULL,0,NULL,NULL,NULL,'','kbcspvx90jbjr76ips6o09sz8p','',NULL,0,0,0,150),('pppppp@ppppp.ppp',14,'http://bit.ly/1MdF1zs',NULL,NULL,297,1,0,0,NULL,0,NULL,NULL,NULL,'','3fqdjs9z8ds5ba9m022jvd3bs6','',NULL,0,0,0,151),('pppppppppppppppp@pppppp.pppp',14,'http://bit.ly/1MJf6VP',NULL,NULL,298,1,0,0,NULL,0,NULL,NULL,NULL,'','rf7awlfhcqrvni2gq9b67ou5rr','',NULL,0,0,0,152),('pppppp@pppppp.ppp',14,'http://bit.ly/1MdFJfZ',NULL,NULL,299,1,0,0,NULL,0,NULL,NULL,NULL,'','vgx8vsa105801hrha9bwngkle9','',NULL,0,0,0,153),('pppppppppp@ppppp.ppp',14,'http://bit.ly/1MJftQg','2015-11-05 07:02:00','2015-11-05 10:02:00',300,1,0,1,NULL,0,'2015-11-05 01:35:14',NULL,'192.168.1.4','Mozilla/5.0 (X11; Ubuntu; Linux x86_64; rv:41.0) Gecko/20100101 Firefox/41.0','swf809lkduhccq4upemdob55s8','',NULL,0,0,0,154),('qqqqqqq@qqqqqq.qqq',14,'http://bit.ly/1Mjg4Ge','2015-11-05 07:35:00','2015-11-05 10:35:00',301,1,0,2,NULL,0,'2015-11-05 03:31:16','2015-11-05 03:36:03','192.168.1.2','Mozilla/5.0 (X11; Ubuntu; Linux x86_64; rv:41.0) Gecko/20100101 Firefox/41.0','6803y5mefymm46fslkulky2bpa','',NULL,0,0,0,155),('rrrrr@rrrrr.rrrr',14,'http://bit.ly/1WBvlDv','2015-11-05 11:00:00','2015-11-05 12:00:00',302,1,0,1,NULL,0,'2015-11-05 05:47:15',NULL,'192.168.1.2','Mozilla/5.0 (X11; Ubuntu; Linux x86_64; rv:41.0) Gecko/20100101 Firefox/41.0','zolw32vrbwfoqvlbbj4a2b3j0g','',NULL,0,0,0,156),('sssssssss@ssssss.sss',14,'http://bit.ly/1Qf9Cl3','2015-11-05 13:22:00','2015-11-05 15:22:00',303,1,0,0,NULL,0,NULL,NULL,NULL,'','emm9uwoa2ulvlxdo8w2kdp5tfe','',NULL,0,0,0,157),('sssssssss@ssssss.sss',14,'http://bit.ly/1MBjShG','2015-11-05 13:22:00','2015-11-05 15:22:00',304,1,0,1,NULL,0,'2015-11-05 09:10:01',NULL,'192.168.1.2','Mozilla/5.0 (X11; Ubuntu; Linux x86_64; rv:41.0) Gecko/20100101 Firefox/41.0','4w9411lh3l96xd9017hs9el4ui','',NULL,0,0,0,158),('ttttttttt@ttttttt.ttt',14,'http://bit.ly/1MCryQS','2015-11-06 05:35:00','2015-11-06 08:35:00',305,1,0,2,NULL,0,'2015-11-06 02:29:17','2015-11-06 02:50:32','192.168.1.4','Mozilla/5.0 (X11; Ubuntu; Linux x86_64; rv:41.0) Gecko/20100101 Firefox/41.0','xl1x3up2wf48dd9pt2zeivmo2j','',NULL,0,0,0,159),('ababab@ababaab.com',14,'http://bit.ly/1HrXeMI','2015-11-10 05:00:00','2015-11-10 06:00:00',306,1,0,1,NULL,0,'2015-11-09 23:36:47',NULL,'192.168.1.3','Mozilla/5.0 (X11; Linux x86_64) AppleWebKit/537.36 (KHTML, like Gecko) Chrome/41.0.2272.101 Safari/537.36','qhpnq0beda4rvpg3gi61k8bnep','',NULL,0,0,0,160),('cdcdcd@cdcdcd.com',14,'http://bit.ly/1MHTeny','2015-11-10 05:00:00','2015-11-10 06:00:00',307,1,0,1,NULL,0,'2015-11-10 00:05:12',NULL,'192.168.1.3','Mozilla/5.0 (X11; Linux x86_64) AppleWebKit/537.36 (KHTML, like Gecko) Chrome/41.0.2272.101 Safari/537.36','9kri2ejvctjiw5gke71mbkbqpj','',NULL,0,0,0,160),('efefefef@efefefef.com',14,'http://bit.ly/1MTi0aw','2015-11-10 10:55:00','2015-11-10 11:55:00',308,1,0,0,NULL,0,NULL,NULL,NULL,'','1zele1hxze4bs7mdio2w8ba11u','',NULL,0,0,0,161),('ghghghgh@ghghghghg.co.in',14,'http://bit.ly/1L7yG6H','2015-11-10 10:55:00','2015-11-10 11:55:00',309,1,0,1,NULL,0,'2015-11-10 06:15:27',NULL,'192.168.1.2','Mozilla/5.0 (X11; Linux x86_64) AppleWebKit/537.36 (KHTML, like Gecko) Chrome/41.0.2272.101 Safari/537.36','8d0su2qu8773opvhzt6kmzhh2h','',NULL,0,0,0,161),('ijijijij@ijijijij.co.in',14,'http://bit.ly/1HEfe1k','2015-11-10 13:00:00','2015-11-10 15:00:00',310,1,0,1,NULL,0,'2015-11-10 07:52:24',NULL,'192.168.1.2','Mozilla/5.0 (X11; Linux x86_64) AppleWebKit/537.36 (KHTML, like Gecko) Chrome/41.0.2272.101 Safari/537.36','lb4inltypu6z86b3kkmifdyux1','',NULL,0,0,0,162),('klklklkl@klklklkl.gov.in',14,'http://bit.ly/1kmmkm9','2015-11-10 13:00:00','2015-11-10 15:00:00',311,1,0,0,NULL,0,NULL,NULL,NULL,'','m679g3hytvsov7mb9clojvpaif','',NULL,0,0,0,162),('mnmnmn@mnmnmn.mnm',14,'http://bit.ly/1O0YciL','2015-11-10 14:00:00','2015-11-10 15:00:00',312,1,0,1,NULL,0,'2015-11-10 08:44:28',NULL,'192.168.1.2','Mozilla/5.0 (X11; Linux x86_64) AppleWebKit/537.36 (KHTML, like Gecko) Chrome/41.0.2272.101 Safari/537.36','xd649dd2svc4rj48mugqxv40tx','',NULL,0,0,0,163),('aaaaa@aaaaaa.aaa',3,'http://bit.ly/1MKNTfa','2015-11-12 01:10:00','2015-11-12 03:10:00',313,1,0,0,NULL,0,NULL,NULL,NULL,'','sxdbgse310jwepfv7efzvc1mqj','',NULL,0,0,0,164),('vvvvvvv@ccvvvvv.vvvv',3,'http://bit.ly/1kpDoIb','2015-11-12 01:15:00','2015-11-12 04:15:00',314,1,0,2,NULL,0,'2015-11-11 19:52:20','2015-11-11 19:57:41','192.168.1.4','Mozilla/5.0 (X11; Linux x86_64) AppleWebKit/537.36 (KHTML, like Gecko) Chrome/41.0.2272.101 Safari/537.36','panm6o2l1q84527d6tf9dj02w6','',NULL,0,0,0,165),('eeeee@eeeee.com',3,'http://bit.ly/1ManlH2','2015-11-13 05:15:00','2015-11-13 09:15:00',315,1,0,2,NULL,0,'2015-11-13 00:01:28','2015-11-13 00:06:31','192.168.1.4','Mozilla/5.0 (X11; Linux x86_64) AppleWebKit/537.36 (KHTML, like Gecko) Chrome/41.0.2272.101 Safari/537.36','22fie4s5pfdgb7xftjmwlrh2qs','',NULL,0,0,0,166),('fffff@fffff.com',3,'http://bit.ly/1lmjtKk','2015-11-13 05:15:00','2015-11-13 09:15:00',316,1,0,1,NULL,0,'2015-11-13 00:22:50',NULL,'192.168.1.4','Mozilla/5.0 (X11; Linux x86_64) AppleWebKit/537.36 (KHTML, like Gecko) Chrome/41.0.2272.101 Safari/537.36','o39kw2uc01dns1gmhqv7jvylly','',NULL,0,0,0,166),('aaaaa@aaaaa.com',17,'http://bit.ly/1HLkZu1','2015-11-13 06:45:00','2015-11-13 09:45:00',317,1,0,1,NULL,0,'2015-11-13 03:25:37',NULL,'192.168.1.4','Mozilla/5.0 (X11; Linux x86_64) AppleWebKit/537.36 (KHTML, like Gecko) Chrome/41.0.2272.101 Safari/537.36','w66lnn0ktoo16ukc75onbgdzcu','',NULL,0,0,0,167),('bbbbb@bbbbb.co.in',17,'http://bit.ly/1NOsmYi','2015-11-13 06:45:00','2015-11-13 09:45:00',318,1,0,0,NULL,0,NULL,NULL,NULL,'','l2qksaptfia9qjxbtmlpslmu17','',NULL,0,0,0,167),('ccccc@ccccc.com',17,'http://bit.ly/1loBG9X','2015-11-14 23:15:00','2015-11-15 04:15:00',319,1,0,2,NULL,0,'2015-11-14 18:47:04','2015-11-14 18:47:45','192.168.1.2','Mozilla/5.0 (X11; Linux x86_64) AppleWebKit/537.36 (KHTML, like Gecko) Chrome/41.0.2272.101 Safari/537.36','ekbcby9p60symh3n7f8q1ib4ke','',NULL,0,0,0,168),('ddddd@ddddd.com',17,'http://bit.ly/1YaWMXz','2015-11-14 23:15:00','2015-11-15 04:15:00',320,1,0,1,NULL,0,'2015-11-14 19:36:06',NULL,'192.168.1.2','Mozilla/5.0 (X11; Linux x86_64) AppleWebKit/537.36 (KHTML, like Gecko) Chrome/41.0.2272.101 Safari/537.36','e4krzgwzpkuxyknrhsbvq4x5mn','',NULL,0,0,0,168),('aaaaa@aaaaa.com',16,'http://bit.ly/1N3WL5U','2015-11-15 02:20:00','2015-11-15 06:20:00',321,1,0,2,NULL,0,'2015-11-14 22:29:38','2015-11-15 00:30:07','192.168.1.2','Mozilla/5.0 (X11; Linux x86_64) AppleWebKit/537.36 (KHTML, like Gecko) Chrome/41.0.2272.101 Safari/537.36','ozithg5v26j2ve19f5qzxzhzrs','',NULL,0,0,0,169),('bbbbb@bbbbb.com',16,'http://bit.ly/1MuecHi','2015-11-15 02:20:00','2015-11-15 06:20:00',322,1,0,0,NULL,0,NULL,NULL,NULL,'','9o9pdf7pokraenl5jkqwrnegmk','',NULL,0,0,0,169),('ccccc@ccccc.com',16,'http://bit.ly/1kVWhBW','2015-11-15 06:55:00','2015-11-15 10:55:00',323,1,0,1,NULL,0,'2015-11-15 02:12:32',NULL,'192.168.1.2','Mozilla/5.0 (X11; Linux x86_64) AppleWebKit/537.36 (KHTML, like Gecko) Chrome/41.0.2272.101 Safari/537.36','0w3ag12qzfd0gbcci3w1k4vinr','',NULL,0,0,0,170),('ddddd@ddddd.com',16,'http://bit.ly/20TU76Z','2015-11-15 06:55:00','2015-11-15 10:55:00',324,1,0,0,NULL,0,NULL,NULL,NULL,'','yle6w2f56busbfn5kp1y7mvob9','',NULL,0,0,0,170),('eeeee@eeeee.com',16,'http://bit.ly/1HLBsni','2015-11-15 12:43:00','2015-11-15 16:43:00',325,1,0,1,NULL,0,'2015-11-15 10:25:28',NULL,'192.168.1.2','Mozilla/5.0 (X11; Linux x86_64) AppleWebKit/537.36 (KHTML, like Gecko) Chrome/41.0.2272.101 Safari/537.36','qvh3tdbgms25m3ur8ubwrziu20','',NULL,0,0,0,171),('fffff@fffff.com',16,'http://bit.ly/1WZLx1B','2015-11-15 12:43:00','2015-11-15 16:43:00',326,1,0,0,NULL,0,NULL,NULL,NULL,'','v03r9utt97fxjfed5yadrpzjjn','',NULL,0,0,0,171),('ggggg@ggggg.com',16,'http://bit.ly/1Oa110U','2015-11-15 20:32:00','2015-11-17 20:32:00',327,1,0,1,NULL,0,'2015-11-17 03:40:14',NULL,'192.168.1.2','Mozilla/5.0 (X11; Linux x86_64) AppleWebKit/537.36 (KHTML, like Gecko) Chrome/41.0.2272.101 Safari/537.36','mug3v0rp9s6d3qh0wl1ul94e5v','',NULL,0,0,0,172),('eeeee@eeeee.com',17,'http://bit.ly/1O3SnTu','2015-11-19 06:00:00','2015-11-19 07:00:00',328,1,0,1,NULL,0,'2015-11-19 00:45:14',NULL,'192.168.1.4','Mozilla/5.0 (X11; Linux x86_64) AppleWebKit/537.36 (KHTML, like Gecko) Chrome/41.0.2272.101 Safari/537.36','nrpcy03lz3ux6r1d26jkpekd6y','',NULL,0,0,0,173),('fffff@fffff.com',17,'http://bit.ly/1MUNH1l','2015-11-19 12:35:00','2015-11-21 22:35:00',329,1,0,1,NULL,0,'2015-11-19 07:22:08',NULL,'192.168.1.4','Mozilla/5.0 (X11; Linux x86_64) AppleWebKit/537.36 (KHTML, like Gecko) Chrome/41.0.2272.101 Safari/537.36','6h640rfwwp92q4l40g95p1tf3u','',NULL,0,0,0,174),('ggggg@ggggg.com',17,'http://bit.ly/1NELxiK','2015-11-19 12:35:00','2015-11-21 22:35:00',330,1,0,1,NULL,0,'2015-11-19 08:51:10',NULL,'192.168.1.4','Mozilla/5.0 (X11; Linux x86_64) AppleWebKit/537.36 (KHTML, like Gecko) Chrome/41.0.2272.101 Safari/537.36','t8amzasubhpt4ucm93qvtd16bu','',NULL,0,0,0,174),('hello@world.org',17,'http://bit.ly/1HdsCie','2015-11-21 04:55:00','2015-11-25 04:55:00',331,1,0,2,NULL,0,'2015-11-20 23:32:46','2015-11-21 00:32:57','192.168.1.4','Mozilla/5.0 (X11; Linux x86_64) AppleWebKit/537.36 (KHTML, like Gecko) Chrome/41.0.2272.101 Safari/537.36','xr393ot1i3zv20e87ljmaf8it3','',NULL,0,0,0,175),('hi@world.com',17,'http://bit.ly/1LrmCNH','2015-11-21 04:55:00','2015-11-25 04:55:00',332,1,0,2,NULL,0,'2015-11-21 19:09:00','2015-11-21 19:14:02','192.168.1.4','Mozilla/5.0 (X11; Linux x86_64) AppleWebKit/537.36 (KHTML, like Gecko) Chrome/41.0.2272.101 Safari/537.36','0691uy0c6q1ql617q88c2r17nu','',NULL,0,0,0,175),('hhhhh@hhhhh.com',17,'http://bit.ly/1SbuCYZ','2015-11-22 01:25:00','2015-11-24 01:25:00',333,1,0,1,NULL,0,'2015-11-21 20:32:15',NULL,'192.168.1.4','Mozilla/5.0 (X11; Linux x86_64) AppleWebKit/537.36 (KHTML, like Gecko) Chrome/41.0.2272.101 Safari/537.36','1z2tdi5yy6tk5hjjrrglw2jhks','',NULL,0,0,0,176),('iiiii@iiiiii.com',17,'http://bit.ly/1PGuFhr','2015-11-22 01:25:00','2015-11-24 01:25:00',334,1,0,0,NULL,0,NULL,NULL,NULL,'','l7br2muald9p5i2kphpntaux0b','',NULL,0,0,0,176),('jjjjj@jjjjj.com',17,'http://bit.ly/1jgX3Za','2015-11-24 04:25:00','2015-11-26 04:25:00',335,1,0,2,NULL,0,'2015-11-24 00:50:33','2015-11-24 01:10:47','192.168.1.4','Mozilla/5.0 (X11; Linux x86_64) AppleWebKit/537.36 (KHTML, like Gecko) Chrome/41.0.2272.101 Safari/537.36','u4gjo9wb42yyp81q29x8dt10t1','',NULL,0,0,0,177),('kkkkk@kkkkkk.com',17,'http://bit.ly/1XaiqOF','2015-11-24 04:25:00','2015-11-26 04:25:00',336,1,0,2,NULL,0,'2015-11-24 03:52:09','2015-11-24 04:12:18','192.168.1.4','Mozilla/5.0 (X11; Linux x86_64) AppleWebKit/537.36 (KHTML, like Gecko) Chrome/41.0.2272.101 Safari/537.36','87q51ggr01ul8fd6fxhoflcwnj','',NULL,0,0,0,177),('lllll@lllll.com',17,'http://bit.ly/1R2sdBw','2015-11-24 10:00:00','2015-11-26 10:00:00',337,1,0,1,NULL,0,'2015-11-24 06:56:27',NULL,'192.168.1.4','Mozilla/5.0 (X11; Linux x86_64) AppleWebKit/537.36 (KHTML, like Gecko) Chrome/41.0.2272.101 Safari/537.36','z9gusnbu7myqee6d6xsjmj5i5i','',NULL,0,0,0,178),('mmmmm@mmmmm.co.in',17,'http://bit.ly/1jhj8aa','2015-11-24 10:00:00','2015-11-26 10:00:00',338,1,0,1,NULL,0,'2015-11-24 23:23:50',NULL,'192.168.1.4','Mozilla/5.0 (X11; Linux x86_64) AppleWebKit/537.36 (KHTML, like Gecko) Chrome/41.0.2272.101 Safari/537.36','awbnziaz97lsc5g2yiw9fhohlw','',NULL,0,0,0,178),('hhhhh@hhhhh.com',16,'http://bit.ly/1NbSHyH','2015-11-25 04:55:00','2015-11-27 04:55:00',339,1,0,1,NULL,0,'2015-11-26 01:03:23',NULL,'192.168.1.4','Mozilla/5.0 (X11; Linux x86_64) AppleWebKit/537.36 (KHTML, like Gecko) Chrome/41.0.2272.101 Safari/537.36','0hovsya9yypb9qml3y3m6tf233','',NULL,0,0,0,179),('iiiii@iiiii.iii',16,'http://bit.ly/1YsMIJC','2015-11-25 04:55:00','2015-11-27 04:55:00',340,1,0,0,NULL,0,NULL,NULL,NULL,'','z6z92ve0m7ii56uirc97f7qx3h','',NULL,0,0,0,179),('aaaaa@aaaaaa.com',20,'http://bit.ly/1T5BoPU','2015-11-26 07:05:00','2015-11-28 07:05:00',341,1,0,2,NULL,0,'2015-11-26 18:52:24','2015-11-26 19:22:26','192.168.1.4','Mozilla/5.0 (X11; Ubuntu; Linux x86_64; rv:41.0) Gecko/20100101 Firefox/41.0','zkju6ogmans476niv14liytah2','',NULL,0,0,0,180),('bbbbbbb@bbbbbbbb.com',20,'http://bit.ly/1PaIAwk','2015-11-26 07:05:00','2015-11-28 07:05:00',342,1,0,2,NULL,0,'2015-11-26 10:44:52','2015-11-26 11:15:01','192.168.1.4','Mozilla/5.0 (X11; Ubuntu; Linux x86_64; rv:41.0) Gecko/20100101 Firefox/41.0','qujsuw40i71v644doym3vehsoj','',NULL,0,0,0,180),('nnnn@nnnn.com',17,'http://bit.ly/1Q0hpTp','2015-11-26 12:25:00','2015-11-29 12:25:00',343,1,0,2,NULL,0,'2015-11-26 18:18:36','2015-11-26 18:38:50','192.168.1.4','Mozilla/5.0 (X11; Linux x86_64) AppleWebKit/537.36 (KHTML, like Gecko) Chrome/41.0.2272.101 Safari/537.36','166s6kjkma7l5k4dj952a4qd79','',NULL,0,0,0,181),('ccccc@cccccccc.com',20,'http://bit.ly/1MG90lS',NULL,NULL,344,1,0,0,NULL,0,NULL,NULL,NULL,'','jmscw6tr2jqetru0ivbqovpdgr','',NULL,0,0,0,182),('ddddddd@dddddd.com',20,'http://bit.ly/1Q1aBF7',NULL,NULL,345,1,0,0,NULL,0,NULL,NULL,NULL,'','b1lshppnlpdrfcxbd4a4x2jljt','',NULL,0,0,0,182),('cccccc@cccccc.com',20,'http://bit.ly/1MG9lVH','2015-11-27 01:02:00','2015-11-29 01:02:00',346,1,0,1,NULL,0,'2015-11-27 03:18:15',NULL,'192.168.1.3','Mozilla/5.0 (X11; Ubuntu; Linux x86_64; rv:41.0) Gecko/20100101 Firefox/41.0','n5t449vu6mtn7ieifogzcvbb6d','',NULL,0,0,0,183),('ddddddd@ddddd.com',20,'http://bit.ly/1Q1aGJ3','2015-11-27 01:02:00','2015-11-29 01:02:00',347,1,0,0,NULL,0,NULL,NULL,NULL,'','75ty72bz6pemurjdx6pby8wopm','',NULL,0,0,0,183),('jjjjj@jjjjj.com',16,'http://bit.ly/21pMhlR','2015-12-01 04:45:00','2015-12-03 04:45:00',348,1,0,1,NULL,0,'2015-12-02 23:12:52',NULL,'192.168.1.3','Mozilla/5.0 (X11; Linux x86_64) AppleWebKit/537.36 (KHTML, like Gecko) Chrome/41.0.2272.101 Safari/537.36','t1si5gydsbymzsh0i4peucxrsb','',NULL,0,0,0,185),('kkkkk@kkkkk.co.in',16,'http://bit.ly/1NZ07li','2015-12-01 04:45:00','2015-12-03 04:45:00',349,1,0,0,NULL,0,NULL,NULL,NULL,'','h2qg6uihx6y0a0y9ors2x5cvtl','',NULL,0,0,0,185),('mmmmm@mmmmm.com',16,'http://bit.ly/1QfDTjy','2015-12-03 04:48:00','2015-12-05 04:50:00',350,1,0,1,NULL,0,'2015-12-02 23:23:48',NULL,'192.168.1.3','Mozilla/5.0 (X11; Linux x86_64) AppleWebKit/537.36 (KHTML, like Gecko) Chrome/41.0.2272.101 Safari/537.36','b1fy9s06p412zycj5etocs76u9','',NULL,0,0,0,186),('supmit@rediffmail.com',16,'http://bit.ly/1YIXoE4','2015-12-02 23:27:56','2015-12-06 23:27:56',351,1,0,1,NULL,0,'2015-12-02 23:29:30',NULL,'192.168.1.3','Mozilla/5.0 (X11; Linux x86_64) AppleWebKit/537.36 (KHTML, like Gecko) Chrome/41.0.2272.101 Safari/537.36','y2lja6koylg6giia9qjtdkmpg5','',NULL,0,0,0,NULL),('sssss@sssss.com',16,'http://bit.ly/1QfG1I5','2015-12-03 05:07:00','2015-12-05 05:07:00',352,1,0,0,NULL,0,NULL,NULL,NULL,'','mkz55jhkmerxyuf7qowz3p5arh','',NULL,0,0,0,187),('ppppp@pppp.co.in',16,'http://bit.ly/1YIYgZi','2015-12-03 05:07:00','2015-12-05 05:07:00',353,1,0,0,NULL,0,NULL,NULL,NULL,'','k1k7lxwz9659aipjcm3jgp6zrx','',NULL,0,0,0,187),('sssss@sssss.com',16,'http://bit.ly/1QfGcmJ','2015-12-03 05:07:00','2015-12-05 05:07:00',354,1,0,1,NULL,0,'2015-12-02 23:40:50',NULL,'192.168.1.3','Mozilla/5.0 (X11; Linux x86_64) AppleWebKit/537.36 (KHTML, like Gecko) Chrome/41.0.2272.101 Safari/537.36','ja409zzlfmqvxcum4rnq3vs98u','',NULL,0,0,0,188),('ppppp@pppp.co.in',16,'http://bit.ly/1YIYpvZ','2015-12-03 05:07:00','2015-12-05 05:07:00',355,1,0,0,NULL,0,NULL,NULL,NULL,'','nc7q801fcd5l0eka8yznwjhweg','',NULL,0,0,0,188),('eeeee@eeeee.com',20,'http://bit.ly/1m2jp2F','2015-12-05 05:05:00','2015-12-08 05:05:00',356,1,0,2,NULL,0,'2015-12-04 23:59:32','2015-12-05 00:01:50','192.168.1.4','Mozilla/5.0 (X11; Ubuntu; Linux x86_64; rv:41.0) Gecko/20100101 Firefox/41.0','3jyl4ym4xysqu9ltqtch3je3zn','',NULL,0,0,0,189),('fffff@ffffff.co.in',20,'http://bit.ly/1NxDljS','2015-12-05 05:05:00','2015-12-08 05:05:00',357,1,0,1,NULL,0,'2015-12-05 00:25:32',NULL,'192.168.1.4','Mozilla/5.0 (X11; Ubuntu; Linux x86_64; rv:41.0) Gecko/20100101 Firefox/41.0','ta4pneqspfvq1l2dw8yw3alxzm','',NULL,0,0,0,189),('supmit@rediffmail.com',17,'http://bit.ly/1SDGXW5','2015-12-10 06:00:00','2015-12-08 06:00:00',358,1,0,2,NULL,0,'2015-12-05 00:55:39','2015-12-05 01:06:42','192.168.1.4','Mozilla/5.0 (X11; Linux x86_64) AppleWebKit/537.36 (KHTML, like Gecko) Chrome/41.0.2272.101 Safari/537.36','t0aul2uyu2mkiwf5b6dpf0ikid','',NULL,0,0,0,190),('supriyo.mitra@dcmds.co.in',17,'http://bit.ly/1Q6nteH','2015-12-05 10:45:00','2015-12-08 10:45:00',359,1,0,0,NULL,0,NULL,NULL,NULL,'','vevmno4eykkqflbo97937hrtna','',NULL,0,0,0,192),('pdam2010@gmail.com',17,'http://bit.ly/1lDDfRb','2015-12-05 10:45:00','2015-12-08 10:45:00',360,1,0,0,NULL,0,NULL,NULL,NULL,'','l5cmvo7rsybxp20jjlfax4hn3q','',NULL,0,0,0,192),('supmit@rediffmail.com',16,'http://bit.ly/1SEe6Ru','2015-12-05 13:45:00','2015-12-08 13:45:00',361,1,0,0,NULL,0,NULL,NULL,NULL,'','zvfmv4gnu65i1lesvl459g7gic','',NULL,0,0,0,193),('supmit2k3@yahoo.com',16,'http://bit.ly/1NNikZ1','2015-12-05 13:45:00','2015-12-08 13:45:00',362,1,0,0,NULL,0,NULL,NULL,NULL,'','lvuxy4p2yixdpxyvp41s8mowc4','',NULL,0,0,0,193),('supmit2k3@yahoo.com',20,'http://bit.ly/1XIDWdr','2015-12-05 15:50:00','2015-12-08 15:50:00',363,1,0,0,NULL,0,NULL,NULL,NULL,'','cy1azfz098emj5jfpg48is4ur5','',NULL,0,0,0,194),('sang_kashyap@yahoo.com',17,'http://bit.ly/1R5XQem','2015-12-08 05:30:00','2015-12-10 05:30:00',364,1,0,0,NULL,0,NULL,NULL,NULL,'','ol2pgirwafl49nazuobj1ave2u','',NULL,0,0,0,195),('xxxxx@yahoo.com',17,'http://bit.ly/1RFzGXs','2015-12-10 05:40:00','2015-12-13 05:40:00',365,1,0,2,NULL,0,NULL,NULL,'192.168.1.4','Mozilla/5.0 (X11; Linux x86_64) AppleWebKit/537.36 (KHTML, like Gecko) Chrome/41.0.2272.101 Safari/537.36','3mbvkrhnwpuzztdqbzj8xv79b4','',NULL,0,0,0,196),('zxxxx@gmail.com',17,'http://bit.ly/1U6lZ35','2015-12-10 11:15:00','2015-12-13 11:15:00',366,1,0,2,1,33,NULL,NULL,'192.168.1.4','Mozilla/5.0 (X11; Linux x86_64) AppleWebKit/537.36 (KHTML, like Gecko) Chrome/41.0.2272.101 Safari/537.36','egzvr497ijk368l56hw2o9ibyc','',1450740146,0,0,1,197),('rrrrr@gmail.com',17,'http://bit.ly/1U6nxdo','2015-12-10 11:25:00','2015-12-13 11:25:00',367,1,0,2,NULL,0,NULL,NULL,'192.168.1.4','Mozilla/5.0 (X11; Linux x86_64) AppleWebKit/537.36 (KHTML, like Gecko) Chrome/41.0.2272.101 Safari/537.36','6ylntdnk5ugy3aiqkfl8yqxde1','',NULL,0,0,0,198),('ssssss@yahoo.com',17,'http://bit.ly/1NHsfgD','2015-12-10 11:25:00','2015-12-13 11:25:00',368,1,0,2,1,32,NULL,NULL,'192.168.1.4','Mozilla/5.0 (X11; Linux x86_64) AppleWebKit/537.36 (KHTML, like Gecko) Chrome/41.0.2272.101 Safari/537.36','qmahfhmu4w41flihxihghppm3j','',1450740025,0,0,1,198),('aaaa@yahoo.com',17,'http://bit.ly/1lBTaAe','2015-12-12 04:10:00','2015-12-15 04:10:00',369,1,0,2,NULL,0,NULL,NULL,'192.168.1.4','Mozilla/5.0 (X11; Linux x86_64) AppleWebKit/537.36 (KHTML, like Gecko) Chrome/41.0.2272.101 Safari/537.36','3imjizjsgzokbvk7adqiy6a35y','',NULL,0,0,0,199),('bbbbb@gmail.com',17,'http://bit.ly/1Y9jq0v','2015-12-12 04:10:00','2015-12-15 04:10:00',370,1,0,2,1,37,NULL,NULL,'192.168.1.4','Mozilla/5.0 (X11; Linux x86_64) AppleWebKit/537.36 (KHTML, like Gecko) Chrome/41.0.2272.101 Safari/537.36','yiiqvf7q15v788dbbzrrndoexl','',1450935940,0,0,1,199),('smitra@gmail.com',17,'http://bit.ly/1O0TYee','2015-12-12 05:50:00','2015-12-15 05:50:00',371,1,0,0,NULL,0,NULL,NULL,NULL,'','nyswcgdyo6ji3guptki4a5fmro','',NULL,0,0,0,200),('smitra@yahoo.com',17,'http://bit.ly/1NnFdwB','2015-12-12 05:50:00','2015-12-15 05:50:00',372,1,0,0,NULL,0,NULL,NULL,NULL,'','3cns4zsttnf2r4y1hcivqjzyhs','',NULL,0,0,0,200),('sssss@gmail.com',11,'http://bit.ly/1O0VFsb','2015-12-12 06:10:00','2015-12-15 06:10:00',373,1,0,2,NULL,0,NULL,NULL,'192.168.1.4','Mozilla/5.0 (X11; Linux x86_64) AppleWebKit/537.36 (KHTML, like Gecko) Chrome/41.0.2272.101 Safari/537.36','bvad0f52v0elghgwt6olm0tieg','',NULL,0,0,0,201),('uuuu@yahoo.com',11,'http://bit.ly/1NnGGmr','2015-12-12 06:10:00','2015-12-15 06:10:00',374,1,0,2,NULL,0,NULL,NULL,'192.168.1.4','Mozilla/5.0 (X11; Linux x86_64) AppleWebKit/537.36 (KHTML, like Gecko) Chrome/41.0.2272.101 Safari/537.36','ot50erkr49gpv0r9c4drfzhicj','',NULL,0,0,0,201),('xxxxx@yahoo.com',14,'http://bit.ly/1O0YHN0','2015-12-12 06:55:00','2015-12-15 06:55:00',375,1,0,2,NULL,0,NULL,NULL,'192.168.1.4','Mozilla/5.0 (X11; Linux x86_64) AppleWebKit/537.36 (KHTML, like Gecko) Chrome/41.0.2272.101 Safari/537.36','aj1k5wrpe2f34zgvgom2bia0az','',NULL,0,0,0,202),('rrrrr@gmail.com',14,'http://bit.ly/1jU7K4k','2015-12-12 06:55:00','2015-12-15 06:55:00',376,1,0,0,NULL,0,NULL,NULL,NULL,'','qbf9yny2i6t0ens81z29mephh5','',NULL,0,0,0,202),('mmmmm@yahoo.com',11,'http://bit.ly/1OXrTU7','2015-12-12 10:06:00','2015-12-22 10:06:00',377,1,0,2,NULL,0,NULL,NULL,'192.168.1.4','Mozilla/5.0 (X11; Linux x86_64) AppleWebKit/537.36 (KHTML, like Gecko) Chrome/41.0.2272.101 Safari/537.36','7hmeosqagbzxnghlrnmfdnmy6l','',NULL,0,0,0,203),('sssss@yahoo.com',11,'http://bit.ly/1NOeRr7','2015-12-14 01:00:00','2015-12-16 01:00:00',378,1,0,2,NULL,0,NULL,NULL,'192.168.1.4','Mozilla/5.0 (X11; Linux x86_64) AppleWebKit/537.36 (KHTML, like Gecko) Chrome/41.0.2272.101 Safari/537.36','96rk0t8kks0tar1ysbrbpqvjrt','',NULL,0,0,0,204),('abcde@yahoo.co.in',17,'http://bit.ly/1P3oxPl','2015-12-15 05:10:00','2015-12-17 05:10:00',379,1,0,0,NULL,0,NULL,NULL,NULL,'','g9cme9pizotrbxldjwozrkpb9m','',NULL,0,0,0,205),('smitra@dcmds.co.in',13,'http://bit.ly/1Vmgb60','2015-12-28 13:24:19','2016-03-28 13:24:19',380,1,0,0,NULL,0,NULL,NULL,NULL,'','6g1x4d4znbvklznmwlqw8p8yvf','',NULL,0,0,0,NULL),('smitra@dcmds.co.in',2,'http://bit.ly/1JFdbLt','2015-12-29 03:40:00','2015-12-30 03:40:00',381,1,0,0,NULL,0,NULL,NULL,NULL,'','279wjcyonuuxzs9vj1f50dihde','',NULL,0,0,0,209),('smitra@dcmds.co.in',105,'http://bit.ly/1NNbZte','2015-12-29 14:10:00','2015-12-30 14:10:00',382,1,0,0,NULL,0,NULL,NULL,NULL,'','42syl47uyaxj4nnvw5lzn31oy2','',NULL,0,0,0,210),('smitra@dcmds.co.in',13,'http://bit.ly/1NNceEJ','2015-12-29 14:10:00','2015-12-30 14:10:00',383,1,0,0,NULL,0,NULL,NULL,NULL,'','amf17egrjenga9ea98vb6vd127','',NULL,0,0,0,211),('supmit2k3@yahoo.com',177,'http://bit.ly/28YZ3Gv','2016-06-27 09:30:00','2016-07-01 17:30:00',384,1,0,0,NULL,0,NULL,NULL,NULL,'','l9fr6qv61x7zepui0de6d8bpk5','',NULL,0,0,0,212),('supriyo.mitra@dcmds.co.in',17,'http://bit.ly/28ZvG6R','2016-07-02 08:00:00','2016-07-05 08:00:00',385,1,0,0,NULL,0,NULL,NULL,NULL,'','xqwy5ssh2ku6a5eaj8it6aios2','',NULL,0,0,0,218),('Supriyo.mitra@dcmds.co.in',21,'http://bit.ly/28ZwuJ3','2016-06-28 11:30:00','2016-07-01 11:30:00',386,1,0,0,NULL,0,NULL,NULL,NULL,'','bgjrwwitbz7ktkugkl50ghgo4i','',NULL,0,0,0,219),('ffggf.+ggggg@fggghh.fgg',87,'http://bit.ly/28T5rv4','2016-07-02 09:00:00','2016-07-05 09:00:00',387,1,0,0,NULL,0,NULL,NULL,NULL,'','h2mu47xyk4nx6xv01f9onxw9fg','',NULL,0,0,0,221),('supmit@rediffmail.com',87,'http://bit.ly/28ZDUvB','2016-07-03 09:00:00','2016-07-06 09:00:00',388,1,0,0,NULL,0,NULL,NULL,NULL,'','sdlbz4ra5iw3q6pv9394ijspsz','',NULL,0,0,0,222),('+ggghg@gghh.hhh',176,'http://bit.ly/28ZHypt','2016-07-02 09:30:00','2016-07-05 09:30:00',389,1,0,0,NULL,0,NULL,NULL,NULL,'','r7y68zgpzhz7zso6wc6ihc4et1','',NULL,0,0,0,223),('durgapr12@rediffmail.com',176,'http://bit.ly/28ZJMoN','2016-07-02 10:00:00','2016-07-05 10:00:00',390,1,0,0,NULL,0,NULL,NULL,NULL,'','huaup6f5zrxckg7fheeg295ffd','',NULL,0,0,0,224),('sang-kashyap@yahoo.com',78,'http://bit.ly/28ZM1sh','2016-07-03 10:15:00','2016-07-06 10:15:00',391,1,0,0,NULL,0,NULL,NULL,NULL,'','dsvwwbaaxeae5x2qtdy26lnruu','',NULL,0,0,0,225),('supmit2k3@yahoo.com',164,'http://bit.ly/296jIqu','2016-07-02 05:00:00','2016-07-05 05:00:00',392,1,0,0,NULL,0,NULL,NULL,NULL,'','bc3ayvz6uzyt3ptz58b1qzdz33','',NULL,0,0,0,226),('+supmit@gmail.com',164,'http://bit.ly/296leZu','2016-06-29 04:30:00','2016-07-02 04:30:00',393,1,0,0,NULL,0,NULL,NULL,NULL,'','tvl0gz0zf3grd4xypapk76dvmn','',NULL,0,0,0,227),('supmit2k3@yahoo.com',106,'http://bit.ly/296mxbd','2016-07-01 04:30:00','2016-07-04 04:30:00',394,1,0,0,NULL,0,NULL,NULL,NULL,'','k0tqzlxn7nau7r16adokivvr3k','',NULL,0,0,0,228),('a@b.c',169,'http://bit.ly/29a48J7','2016-07-02 01:46:00','2016-07-05 01:46:00',395,1,0,0,NULL,0,NULL,NULL,NULL,'','o65yg5xnpyjjfq3w7fiu42fmqb','',NULL,0,0,0,250),('a@b.c',169,'http://bit.ly/29ammu5','2016-07-02 05:20:00','2016-07-05 05:20:00',396,1,0,0,NULL,0,NULL,NULL,NULL,'','tafydprk5mva4an975eaocc9lm','',NULL,0,0,0,251),('a@b.c',163,'http://bit.ly/29jtq6E','2016-07-02 05:00:00','2016-07-05 05:00:00',397,1,0,0,NULL,0,NULL,NULL,NULL,'','aml6fpt4ypbfkwa1dgmvxfkzkq','',NULL,0,0,0,252),('+d@e.f',163,'http://bit.ly/290rz81','2016-07-02 05:00:00','2016-07-05 05:00:00',398,1,0,0,NULL,0,NULL,NULL,NULL,'','7ylsy4wge5sp34os3bx6t893ho','',NULL,0,0,0,252),('+g@h.i',163,'http://bit.ly/29jtDqw','2016-07-02 05:00:00','2016-07-05 05:00:00',399,1,0,0,NULL,0,NULL,NULL,NULL,'','jp91evk1aipqejvbp0ya78xwj7','',NULL,0,0,0,252),('a@bb.cc',163,'http://bit.ly/29jubfZ','2016-07-03 08:30:00','2016-07-06 08:30:00',400,1,0,0,NULL,0,NULL,NULL,NULL,'','7sfms0q1wkgirrqhfk7ynxre08','',NULL,0,0,0,253),('+bb@cc.d',163,'http://bit.ly/290su8v','2016-07-03 08:30:00','2016-07-06 08:30:00',401,1,0,0,NULL,0,NULL,NULL,NULL,'','1z4vkos65yfxlu9ce3zf9bykdh','',NULL,0,0,0,253),('+c@dd.ee',163,'http://bit.ly/29junM5','2016-07-03 08:30:00','2016-07-06 08:30:00',402,1,0,0,NULL,0,NULL,NULL,NULL,'','4t6wp112vmsc9rqu7sc18xala1','',NULL,0,0,0,253),('ss@ggg.hh',170,'http://bit.ly/29jvBqx','2016-07-03 08:19:00','2016-07-06 08:19:00',403,1,0,0,NULL,0,NULL,NULL,NULL,'','1n3jbgim1i1raj4r9kn3qwo0ar','',NULL,0,0,0,258),('+zz@hg.hh',170,'http://bit.ly/290sZ2x','2016-07-03 08:19:00','2016-07-06 08:19:00',404,1,0,0,NULL,0,NULL,NULL,NULL,'','4ke9sro658vvd6vlkg68jr3dod','',NULL,0,0,0,258),('ddd@xxx.bn',106,'http://bit.ly/290tt8Z','2016-07-02 08:25:00','2016-07-05 08:25:00',405,1,0,0,NULL,0,NULL,NULL,NULL,'','3henazlou98n7p4d9kzb4twkjl','',NULL,0,0,0,262),('fff@dd.jj',106,'http://bit.ly/29jwFuI','2016-07-02 08:25:00','2016-07-05 08:25:00',406,1,0,0,NULL,0,NULL,NULL,NULL,'','qbv96lv45hcajtx7z4oz1auoel','',NULL,0,0,0,262),('zzz@zzz.zz',108,'http://bit.ly/290tTfl','2016-07-03 08:30:00','2016-07-06 08:30:00',407,1,0,0,NULL,0,NULL,NULL,NULL,'','afg2tdanb0jo56znqcy1ie03wi','',NULL,0,0,0,263),('hhh@hhh.hh',108,'http://bit.ly/29jwI9Z','2016-07-03 08:30:00','2016-07-06 08:30:00',408,1,0,0,NULL,0,NULL,NULL,NULL,'','path85hchnwf4mh6pil4b62s2f','',NULL,0,0,0,263),('gggg@ggg.ggg',169,'http://bit.ly/299fsXk','2016-07-01 05:00:00','2016-07-04 05:00:00',409,1,0,0,NULL,0,NULL,NULL,NULL,'','dr3azvoylg4ioklyyq048bwup4','',NULL,0,0,0,264),('sss@dssdd.nnn',78,'http://bit.ly/291DaAU','2016-06-30 01:49:00','2016-07-03 01:49:00',410,1,0,0,NULL,0,NULL,NULL,NULL,'','2wqtnaobg8x9kwxuarzjwqwyda','',NULL,0,0,0,265),('cccccc@cccc.vvv',154,'http://bit.ly/29aV6xV','2016-07-01 01:15:00','2016-07-04 01:15:00',411,1,0,0,NULL,0,NULL,NULL,NULL,'','3la082ngktec9ai4qvl27tvcsu','',NULL,0,0,0,273),('tttttt@uuuuu.vvv',104,'http://bit.ly/295SEpF','2016-07-01 05:00:00','2016-07-04 05:00:00',412,1,0,0,NULL,0,NULL,NULL,NULL,'','s4gwa4ao2ijn83dzksmbv08zjq','',NULL,0,0,0,274),('yyyuuu@yyyuyu.uuu',154,'http://bit.ly/29aWeBY','2016-07-01 00:30:00','2016-07-04 00:30:00',413,1,0,0,NULL,0,NULL,NULL,NULL,'','ld6vqnry0dfh3pgusrq0flrrr9','',NULL,0,0,0,275),('eeeeee@eeeeee.fff',104,'http://bit.ly/29aXapD','2016-07-01 00:30:00','2016-07-04 00:30:00',414,1,0,0,NULL,0,NULL,NULL,NULL,'Android Browser App','2sep26us9vid2hnl5f1wi7yvbq','',NULL,0,0,0,276),('supmit2k3@yahoo.com',75,'http://bit.ly/29shvm0','2016-07-09 06:30:25','2016-07-09 07:30:37',415,1,0,0,NULL,0,NULL,NULL,NULL,'','pa9vc9rllbcvuos838z1seyfe4','',NULL,0,0,0,277),('supmit2k3@yahoo.com',75,'http://bit.ly/29sjpTI','2016-07-09 06:45:03','2016-07-09 07:45:26',416,1,0,0,NULL,0,NULL,NULL,NULL,'','dfi2g753axgwy8tzvt2l2e5ht9','',NULL,0,0,0,278),('supmit2k3@yahoo.com',3,'http://bit.ly/29vw8ss','2016-07-09 06:50:17','2016-07-09 07:50:22',417,1,0,0,NULL,0,NULL,NULL,NULL,'','ykz9ee8tcmup7zzajf7m64i1r7','',NULL,0,0,0,279);
/*!40000 ALTER TABLE `Tests_wouldbeusers` ENABLE KEYS */;
UNLOCK TABLES;

--
-- Table structure for table `auth_group`
--

DROP TABLE IF EXISTS `auth_group`;
/*!40101 SET @saved_cs_client     = @@character_set_client */;
/*!40101 SET character_set_client = utf8 */;
CREATE TABLE `auth_group` (
  `id` int(11) NOT NULL AUTO_INCREMENT,
  `name` varchar(80) NOT NULL,
  PRIMARY KEY (`id`),
  UNIQUE KEY `name` (`name`)
) ENGINE=InnoDB DEFAULT CHARSET=latin1;
/*!40101 SET character_set_client = @saved_cs_client */;

--
-- Dumping data for table `auth_group`
--

LOCK TABLES `auth_group` WRITE;
/*!40000 ALTER TABLE `auth_group` DISABLE KEYS */;
/*!40000 ALTER TABLE `auth_group` ENABLE KEYS */;
UNLOCK TABLES;

--
-- Table structure for table `auth_group_permissions`
--

DROP TABLE IF EXISTS `auth_group_permissions`;
/*!40101 SET @saved_cs_client     = @@character_set_client */;
/*!40101 SET character_set_client = utf8 */;
CREATE TABLE `auth_group_permissions` (
  `id` int(11) NOT NULL AUTO_INCREMENT,
  `group_id` int(11) NOT NULL,
  `permission_id` int(11) NOT NULL,
  PRIMARY KEY (`id`),
  UNIQUE KEY `group_id` (`group_id`,`permission_id`),
  KEY `auth_group_permissions_0e939a4f` (`group_id`),
  KEY `auth_group_permissions_8373b171` (`permission_id`),
  CONSTRAINT `auth_group_permission_group_id_689710a9a73b7457_fk_auth_group_id` FOREIGN KEY (`group_id`) REFERENCES `auth_group` (`id`),
  CONSTRAINT `auth_group__permission_id_1f49ccbbdc69d2fc_fk_auth_permission_id` FOREIGN KEY (`permission_id`) REFERENCES `auth_permission` (`id`)
) ENGINE=InnoDB DEFAULT CHARSET=latin1;
/*!40101 SET character_set_client = @saved_cs_client */;

--
-- Dumping data for table `auth_group_permissions`
--

LOCK TABLES `auth_group_permissions` WRITE;
/*!40000 ALTER TABLE `auth_group_permissions` DISABLE KEYS */;
/*!40000 ALTER TABLE `auth_group_permissions` ENABLE KEYS */;
UNLOCK TABLES;

--
-- Table structure for table `auth_permission`
--

DROP TABLE IF EXISTS `auth_permission`;
/*!40101 SET @saved_cs_client     = @@character_set_client */;
/*!40101 SET character_set_client = utf8 */;
CREATE TABLE `auth_permission` (
  `id` int(11) NOT NULL AUTO_INCREMENT,
  `name` varchar(255) NOT NULL,
  `content_type_id` int(11) NOT NULL,
  `codename` varchar(100) NOT NULL,
  PRIMARY KEY (`id`),
  UNIQUE KEY `content_type_id` (`content_type_id`,`codename`),
  KEY `auth_permission_417f1b1c` (`content_type_id`),
  CONSTRAINT `auth__content_type_id_508cf46651277a81_fk_django_content_type_id` FOREIGN KEY (`content_type_id`) REFERENCES `django_content_type` (`id`)
) ENGINE=InnoDB AUTO_INCREMENT=97 DEFAULT CHARSET=latin1;
/*!40101 SET character_set_client = @saved_cs_client */;

--
-- Dumping data for table `auth_permission`
--

LOCK TABLES `auth_permission` WRITE;
/*!40000 ALTER TABLE `auth_permission` DISABLE KEYS */;
INSERT INTO `auth_permission` VALUES (1,'Can add permission',1,'add_permission'),(2,'Can change permission',1,'change_permission'),(3,'Can delete permission',1,'delete_permission'),(4,'Can add group',2,'add_group'),(5,'Can change group',2,'change_group'),(6,'Can delete group',2,'delete_group'),(7,'Can add user',3,'add_user'),(8,'Can change user',3,'change_user'),(9,'Can delete user',3,'delete_user'),(10,'Can add content type',4,'add_contenttype'),(11,'Can change content type',4,'change_contenttype'),(12,'Can delete content type',4,'delete_contenttype'),(13,'Can add session',5,'add_session'),(14,'Can change session',5,'change_session'),(15,'Can delete session',5,'delete_session'),(16,'Can add site',6,'add_site'),(17,'Can change site',6,'change_site'),(18,'Can delete site',6,'delete_site'),(19,'Can add log entry',7,'add_logentry'),(20,'Can change log entry',7,'change_logentry'),(21,'Can delete log entry',7,'delete_logentry'),(22,'Can add Session Information Table',8,'add_session'),(23,'Can change Session Information Table',8,'change_session'),(24,'Can delete Session Information Table',8,'delete_session'),(25,'Can add Authorization Information',9,'add_privilege'),(26,'Can change Authorization Information',9,'change_privilege'),(27,'Can delete Authorization Information',9,'delete_privilege'),(28,'Can add User Privileges Information',10,'add_userprivilege'),(29,'Can change User Privileges Information',10,'change_userprivilege'),(30,'Can delete User Privileges Information',10,'delete_userprivilege'),(31,'Can add Email Validation Keys',11,'add_emailvalidationkey'),(32,'Can change Email Validation Keys',11,'change_emailvalidationkey'),(33,'Can delete Email Validation Keys',11,'delete_emailvalidationkey'),(34,'Can add Topics Table',12,'add_topic'),(35,'Can change Topics Table',12,'change_topic'),(36,'Can delete Topics Table',12,'delete_topic'),(37,'Can add Subtopics Table',13,'add_subtopic'),(38,'Can change Subtopics Table',13,'change_subtopic'),(39,'Can delete Subtopics Table',13,'delete_subtopic'),(40,'Can add Evaluator Table',14,'add_evaluator'),(41,'Can change Evaluator Table',14,'change_evaluator'),(42,'Can delete Evaluator Table',14,'delete_evaluator'),(43,'Can add Tests Table',15,'add_test'),(44,'Can change Tests Table',15,'change_test'),(45,'Can delete Tests Table',15,'delete_test'),(46,'Can add UserTest Table',16,'add_usertest'),(47,'Can change UserTest Table',16,'change_usertest'),(48,'Can delete UserTest Table',16,'delete_usertest'),(49,'Can add Challenge Table',17,'add_challenge'),(50,'Can change Challenge Table',17,'change_challenge'),(51,'Can delete Challenge Table',17,'delete_challenge'),(52,'Can add UserResponse Table',18,'add_userresponse'),(53,'Can change UserResponse Table',18,'change_userresponse'),(54,'Can delete UserResponse Table',18,'delete_userresponse'),(55,'Can add wouldbeusers Table',19,'add_wouldbeusers'),(56,'Can change wouldbeusers Table',19,'change_wouldbeusers'),(57,'Can delete wouldbeusers Table',19,'delete_wouldbeusers'),(58,'Can add Subscription Plan Table',20,'add_plan'),(59,'Can change Subscription Plan Table',20,'change_plan'),(60,'Can delete Subscription Plan Table',20,'delete_plan'),(61,'Can add User Plan Table',21,'add_userplan'),(62,'Can change User Plan Table',21,'change_userplan'),(63,'Can delete User Plan Table',21,'delete_userplan'),(64,'Can add Transactions Table',22,'add_transaction'),(65,'Can change Transactions Table',22,'change_transaction'),(66,'Can delete Transactions Table',22,'delete_transaction'),(67,'Can add emailfailure Table',23,'add_emailfailure'),(68,'Can change emailfailure Table',23,'change_emailfailure'),(69,'Can delete emailfailure Table',23,'delete_emailfailure'),(70,'Can add Group Table',24,'add_group'),(71,'Can change Group Table',24,'change_group'),(72,'Can delete Group Table',24,'delete_group'),(73,'Can add Posts Table',25,'add_post'),(74,'Can change Posts Table',25,'change_post'),(75,'Can delete Posts Table',25,'delete_post'),(76,'Can add GroupMember Table',26,'add_groupmember'),(77,'Can change GroupMember Table',26,'change_groupmember'),(78,'Can delete GroupMember Table',26,'delete_groupmember'),(79,'Can add GroupMember Table',27,'add_connection'),(80,'Can change GroupMember Table',27,'change_connection'),(81,'Can delete GroupMember Table',27,'delete_connection'),(82,'Can add GroupMember Table',28,'add_connectioninvitation'),(83,'Can change GroupMember Table',28,'change_connectioninvitation'),(84,'Can delete GroupMember Table',28,'delete_connectioninvitation'),(85,'Can add ownerbankaccount Table',29,'add_ownerbankaccount'),(86,'Can change ownerbankaccount Table',29,'change_ownerbankaccount'),(87,'Can delete ownerbankaccount Table',29,'delete_ownerbankaccount'),(88,'Can add groupjoinrequest Table',30,'add_groupjoinrequest'),(89,'Can change groupjoinrequest Table',30,'change_groupjoinrequest'),(90,'Can delete groupjoinrequest Table',30,'delete_groupjoinrequest'),(91,'Can add gentlereminder Table',31,'add_gentlereminder'),(92,'Can change gentlereminder Table',31,'change_gentlereminder'),(93,'Can delete gentlereminder Table',31,'delete_gentlereminder'),(94,'Can add Exchange Rates Table',32,'add_exchangerates'),(95,'Can change Exchange Rates Table',32,'change_exchangerates'),(96,'Can delete Exchange Rates Table',32,'delete_exchangerates');
/*!40000 ALTER TABLE `auth_permission` ENABLE KEYS */;
UNLOCK TABLES;

--
-- Table structure for table `auth_user`
--

DROP TABLE IF EXISTS `auth_user`;
/*!40101 SET @saved_cs_client     = @@character_set_client */;
/*!40101 SET character_set_client = utf8 */;
CREATE TABLE `auth_user` (
  `id` int(11) NOT NULL AUTO_INCREMENT,
  `password` varchar(128) NOT NULL,
  `last_login` datetime DEFAULT NULL,
  `is_superuser` tinyint(1) NOT NULL,
  `username` varchar(30) NOT NULL,
  `first_name` varchar(30) NOT NULL,
  `last_name` varchar(30) NOT NULL,
  `email` varchar(254) NOT NULL,
  `is_staff` tinyint(1) NOT NULL,
  `is_active` tinyint(1) NOT NULL,
  `date_joined` datetime NOT NULL,
  PRIMARY KEY (`id`),
  UNIQUE KEY `username` (`username`)
) ENGINE=InnoDB AUTO_INCREMENT=2 DEFAULT CHARSET=latin1;
/*!40101 SET character_set_client = @saved_cs_client */;

--
-- Dumping data for table `auth_user`
--

LOCK TABLES `auth_user` WRITE;
/*!40000 ALTER TABLE `auth_user` DISABLE KEYS */;
INSERT INTO `auth_user` VALUES (1,'pbkdf2_sha256$15000$j2g4Oxruh9Rw$OFgx8fvHIqmGXSKl8xeE794bakxdHRpaeS8Uklf6dFs=','2015-03-29 21:40:48',1,'supriyo','','','supriyo.mitra@rockstand.in',1,1,'2015-03-29 21:40:48');
/*!40000 ALTER TABLE `auth_user` ENABLE KEYS */;
UNLOCK TABLES;

--
-- Table structure for table `auth_user_groups`
--

DROP TABLE IF EXISTS `auth_user_groups`;
/*!40101 SET @saved_cs_client     = @@character_set_client */;
/*!40101 SET character_set_client = utf8 */;
CREATE TABLE `auth_user_groups` (
  `id` int(11) NOT NULL AUTO_INCREMENT,
  `user_id` int(11) NOT NULL,
  `group_id` int(11) NOT NULL,
  PRIMARY KEY (`id`),
  UNIQUE KEY `user_id` (`user_id`,`group_id`),
  KEY `auth_user_groups_e8701ad4` (`user_id`),
  KEY `auth_user_groups_0e939a4f` (`group_id`),
  CONSTRAINT `auth_user_groups_group_id_33ac548dcf5f8e37_fk_auth_group_id` FOREIGN KEY (`group_id`) REFERENCES `auth_group` (`id`),
  CONSTRAINT `auth_user_groups_user_id_4b5ed4ffdb8fd9b0_fk_auth_user_id` FOREIGN KEY (`user_id`) REFERENCES `auth_user` (`id`)
) ENGINE=InnoDB DEFAULT CHARSET=latin1;
/*!40101 SET character_set_client = @saved_cs_client */;

--
-- Dumping data for table `auth_user_groups`
--

LOCK TABLES `auth_user_groups` WRITE;
/*!40000 ALTER TABLE `auth_user_groups` DISABLE KEYS */;
/*!40000 ALTER TABLE `auth_user_groups` ENABLE KEYS */;
UNLOCK TABLES;

--
-- Table structure for table `auth_user_user_permissions`
--

DROP TABLE IF EXISTS `auth_user_user_permissions`;
/*!40101 SET @saved_cs_client     = @@character_set_client */;
/*!40101 SET character_set_client = utf8 */;
CREATE TABLE `auth_user_user_permissions` (
  `id` int(11) NOT NULL AUTO_INCREMENT,
  `user_id` int(11) NOT NULL,
  `permission_id` int(11) NOT NULL,
  PRIMARY KEY (`id`),
  UNIQUE KEY `user_id` (`user_id`,`permission_id`),
  KEY `auth_user_user_permissions_e8701ad4` (`user_id`),
  KEY `auth_user_user_permissions_8373b171` (`permission_id`),
  CONSTRAINT `auth_user_user_permissi_user_id_7f0938558328534a_fk_auth_user_id` FOREIGN KEY (`user_id`) REFERENCES `auth_user` (`id`),
  CONSTRAINT `auth_user_u_permission_id_384b62483d7071f0_fk_auth_permission_id` FOREIGN KEY (`permission_id`) REFERENCES `auth_permission` (`id`)
) ENGINE=InnoDB DEFAULT CHARSET=latin1;
/*!40101 SET character_set_client = @saved_cs_client */;

--
-- Dumping data for table `auth_user_user_permissions`
--

LOCK TABLES `auth_user_user_permissions` WRITE;
/*!40000 ALTER TABLE `auth_user_user_permissions` DISABLE KEYS */;
/*!40000 ALTER TABLE `auth_user_user_permissions` ENABLE KEYS */;
UNLOCK TABLES;

--
-- Table structure for table `careers`
--

DROP TABLE IF EXISTS `careers`;
/*!40101 SET @saved_cs_client     = @@character_set_client */;
/*!40101 SET character_set_client = utf8 */;
CREATE TABLE `careers` (
  `id` int(11) NOT NULL AUTO_INCREMENT,
  `position_longname` varchar(200) NOT NULL,
  `position_shortname` varchar(50) NOT NULL,
  `position_code` varchar(10) NOT NULL,
  `position_description` text,
  `openingdate` datetime NOT NULL,
  `closingdate` datetime NOT NULL,
  `status` tinyint(1) NOT NULL,
  `maxsalaryoffered` int(11) DEFAULT NULL,
  `maxsalarytimeunit` varchar(20) DEFAULT 'per annum',
  `urgencyindays` int(11) NOT NULL DEFAULT '30',
  `position_type` varchar(100) DEFAULT 'permanent',
  `experiencedesired` int(11) NOT NULL,
  `skillset` text,
  `position_location` varchar(200) NOT NULL DEFAULT 'New Delhi',
  `department` varchar(200) NOT NULL,
  `position_budget` int(11) DEFAULT '0',
  `contactperson` varchar(255) DEFAULT NULL,
  `submissiondatetime` datetime NOT NULL,
  `conditions` text,
  `contactemail` varchar(255) NOT NULL,
  PRIMARY KEY (`id`),
  UNIQUE KEY `position_code` (`position_code`)
) ENGINE=InnoDB AUTO_INCREMENT=2 DEFAULT CHARSET=latin1;
/*!40101 SET character_set_client = @saved_cs_client */;

--
-- Dumping data for table `careers`
--

LOCK TABLES `careers` WRITE;
/*!40000 ALTER TABLE `careers` DISABLE KEYS */;
INSERT INTO `careers` VALUES (1,'Country Head - Internet/online','Country Head - Internet/online','TST-CH/IO','Reporting directly to the GM of Asia-Pacific and a China Board (comprised of the CEO, COO and Asia President), Managing Director of India is expected to drive business forward and make an immediate positive impact on the company\'s overall strategy and in particular the right partnership/alliance with top domestic internet players.<br />He/she must be someone who brings credibility and leadership skills to quickly establish rapport with key stakeholders externally and internally. The ideal candidate will have the overriding mandate to also deliver revenue/profit expectations through strengthening the India team, operationalize a winning go-to-market plan, and drive the critical partnership discussions with clients group.','0000-00-00 00:00:00','0000-00-00 00:00:00',1,2500000,'p.a.',20,'permanent',20,'IT Software - eCommerce , Internet Technologies','New Delhi','Development',0,'Supriyo Mitra','0000-00-00 00:00:00','','supmit@gmail.com');
/*!40000 ALTER TABLE `careers` ENABLE KEYS */;
UNLOCK TABLES;

--
-- Table structure for table `django_admin_log`
--

DROP TABLE IF EXISTS `django_admin_log`;
/*!40101 SET @saved_cs_client     = @@character_set_client */;
/*!40101 SET character_set_client = utf8 */;
CREATE TABLE `django_admin_log` (
  `id` int(11) NOT NULL AUTO_INCREMENT,
  `action_time` datetime NOT NULL,
  `object_id` longtext,
  `object_repr` varchar(200) NOT NULL,
  `action_flag` smallint(5) unsigned NOT NULL,
  `change_message` longtext NOT NULL,
  `content_type_id` int(11) DEFAULT NULL,
  `user_id` int(11) NOT NULL,
  PRIMARY KEY (`id`),
  KEY `django_admin_log_417f1b1c` (`content_type_id`),
  KEY `django_admin_log_e8701ad4` (`user_id`),
  CONSTRAINT `django_admin_log_user_id_52fdd58701c5f563_fk_auth_user_id` FOREIGN KEY (`user_id`) REFERENCES `auth_user` (`id`),
  CONSTRAINT `djang_content_type_id_697914295151027a_fk_django_content_type_id` FOREIGN KEY (`content_type_id`) REFERENCES `django_content_type` (`id`)
) ENGINE=InnoDB DEFAULT CHARSET=latin1;
/*!40101 SET character_set_client = @saved_cs_client */;

--
-- Dumping data for table `django_admin_log`
--

LOCK TABLES `django_admin_log` WRITE;
/*!40000 ALTER TABLE `django_admin_log` DISABLE KEYS */;
/*!40000 ALTER TABLE `django_admin_log` ENABLE KEYS */;
UNLOCK TABLES;

--
-- Table structure for table `django_content_type`
--

DROP TABLE IF EXISTS `django_content_type`;
/*!40101 SET @saved_cs_client     = @@character_set_client */;
/*!40101 SET character_set_client = utf8 */;
CREATE TABLE `django_content_type` (
  `id` int(11) NOT NULL AUTO_INCREMENT,
  `app_label` varchar(100) NOT NULL,
  `model` varchar(100) NOT NULL,
  PRIMARY KEY (`id`),
  UNIQUE KEY `django_content_type_app_label_45f3b1d93ec8c61c_uniq` (`app_label`,`model`)
) ENGINE=InnoDB AUTO_INCREMENT=33 DEFAULT CHARSET=latin1;
/*!40101 SET character_set_client = @saved_cs_client */;

--
-- Dumping data for table `django_content_type`
--

LOCK TABLES `django_content_type` WRITE;
/*!40000 ALTER TABLE `django_content_type` DISABLE KEYS */;
INSERT INTO `django_content_type` VALUES (7,'admin','logentry'),(11,'Auth','emailvalidationkey'),(2,'auth','group'),(1,'auth','permission'),(9,'Auth','privilege'),(8,'Auth','session'),(3,'auth','user'),(10,'Auth','userprivilege'),(4,'contenttypes','contenttype'),(27,'Network','connection'),(28,'Network','connectioninvitation'),(32,'Network','exchangerates'),(31,'Network','gentlereminder'),(24,'Network','group'),(30,'Network','groupjoinrequest'),(26,'Network','groupmember'),(29,'Network','ownerbankaccount'),(25,'Network','post'),(5,'sessions','session'),(6,'sites','site'),(20,'Subscription','plan'),(22,'Subscription','transaction'),(21,'Subscription','userplan'),(17,'Tests','challenge'),(23,'Tests','emailfailure'),(14,'Tests','evaluator'),(13,'Tests','subtopic'),(15,'Tests','test'),(12,'Tests','topic'),(18,'Tests','userresponse'),(16,'Tests','usertest'),(19,'Tests','wouldbeusers');
/*!40000 ALTER TABLE `django_content_type` ENABLE KEYS */;
UNLOCK TABLES;

--
-- Table structure for table `django_migrations`
--

DROP TABLE IF EXISTS `django_migrations`;
/*!40101 SET @saved_cs_client     = @@character_set_client */;
/*!40101 SET character_set_client = utf8 */;
CREATE TABLE `django_migrations` (
  `id` int(11) NOT NULL AUTO_INCREMENT,
  `app` varchar(255) NOT NULL,
  `name` varchar(255) NOT NULL,
  `applied` datetime NOT NULL,
  PRIMARY KEY (`id`)
) ENGINE=InnoDB AUTO_INCREMENT=12 DEFAULT CHARSET=latin1;
/*!40101 SET character_set_client = @saved_cs_client */;

--
-- Dumping data for table `django_migrations`
--

LOCK TABLES `django_migrations` WRITE;
/*!40000 ALTER TABLE `django_migrations` DISABLE KEYS */;
INSERT INTO `django_migrations` VALUES (1,'contenttypes','0001_initial','2015-03-29 21:38:59'),(2,'auth','0001_initial','2015-03-29 21:39:03'),(3,'admin','0001_initial','2015-03-29 21:39:04'),(4,'sessions','0001_initial','2015-03-29 21:39:04'),(5,'sites','0001_initial','2015-03-29 21:39:05'),(6,'contenttypes','0002_remove_content_type_name','2015-09-09 02:02:12'),(7,'auth','0002_alter_permission_name_max_length','2015-09-09 02:02:15'),(8,'auth','0003_alter_user_email_max_length','2015-09-09 02:02:24'),(9,'auth','0004_alter_user_username_opts','2015-09-09 02:02:25'),(10,'auth','0005_alter_user_last_login_null','2015-09-09 02:02:29'),(11,'auth','0006_require_contenttypes_0002','2015-09-09 02:02:30');
/*!40000 ALTER TABLE `django_migrations` ENABLE KEYS */;
UNLOCK TABLES;

--
-- Table structure for table `django_session`
--

DROP TABLE IF EXISTS `django_session`;
/*!40101 SET @saved_cs_client     = @@character_set_client */;
/*!40101 SET character_set_client = utf8 */;
CREATE TABLE `django_session` (
  `session_key` varchar(40) NOT NULL,
  `session_data` longtext NOT NULL,
  `expire_date` datetime NOT NULL,
  PRIMARY KEY (`session_key`),
  KEY `django_session_de54fa62` (`expire_date`)
) ENGINE=InnoDB DEFAULT CHARSET=latin1;
/*!40101 SET character_set_client = @saved_cs_client */;

--
-- Dumping data for table `django_session`
--

LOCK TABLES `django_session` WRITE;
/*!40000 ALTER TABLE `django_session` DISABLE KEYS */;
/*!40000 ALTER TABLE `django_session` ENABLE KEYS */;
UNLOCK TABLES;

--
-- Table structure for table `django_site`
--

DROP TABLE IF EXISTS `django_site`;
/*!40101 SET @saved_cs_client     = @@character_set_client */;
/*!40101 SET character_set_client = utf8 */;
CREATE TABLE `django_site` (
  `id` int(11) NOT NULL AUTO_INCREMENT,
  `domain` varchar(100) NOT NULL,
  `name` varchar(50) NOT NULL,
  PRIMARY KEY (`id`)
) ENGINE=InnoDB AUTO_INCREMENT=2 DEFAULT CHARSET=latin1;
/*!40101 SET character_set_client = @saved_cs_client */;

--
-- Dumping data for table `django_site`
--

LOCK TABLES `django_site` WRITE;
/*!40000 ALTER TABLE `django_site` DISABLE KEYS */;
INSERT INTO `django_site` VALUES (1,'example.com','example.com');
/*!40000 ALTER TABLE `django_site` ENABLE KEYS */;
UNLOCK TABLES;
/*!40103 SET TIME_ZONE=@OLD_TIME_ZONE */;

/*!40101 SET SQL_MODE=@OLD_SQL_MODE */;
/*!40014 SET FOREIGN_KEY_CHECKS=@OLD_FOREIGN_KEY_CHECKS */;
/*!40014 SET UNIQUE_CHECKS=@OLD_UNIQUE_CHECKS */;
/*!40101 SET CHARACTER_SET_CLIENT=@OLD_CHARACTER_SET_CLIENT */;
/*!40101 SET CHARACTER_SET_RESULTS=@OLD_CHARACTER_SET_RESULTS */;
/*!40101 SET COLLATION_CONNECTION=@OLD_COLLATION_CONNECTION */;
/*!40111 SET SQL_NOTES=@OLD_SQL_NOTES */;

-- Dump completed on 2016-07-19 10:17:27
